customer_id,signup_date,customer_segment,country,preferred_payment_method
CUST-000001,2022-08-02,retail,IN,card
CUST-000002,2019-03-07,retail,US,card
CUST-000003,2022-04-21,retail,CA,digital_wallet
CUST-000004,2019-07-29,retail,US,digital_wallet
CUST-000005,2021-02-14,retail,US,card
CUST-000006,2023-05-03,retail,US,card
CUST-000007,2020-03-05,smb,IN,bank_transfer
CUST-000008,2020-07-06,enterprise,DE,card
CUST-000009,2020-03-08,enterprise,DE,bank_transfer
CUST-000010,2019-10-13,retail,DE,card
CUST-000011,2019-04-07,smb,US,card
CUST-000012,2020-05-29,enterprise,CA,card
CUST-000013,2019-08-17,retail,US,card
CUST-000014,2019-08-06,smb,US,card
CUST-000015,2021-12-22,enterprise,DE,card
CUST-000016,2019-06-11,retail,GB,card
CUST-000017,2021-05-16,enterprise,CA,digital_wallet
CUST-000018,2024-01-17,retail,US,card
CUST-000019,2022-07-16,retail,US,card
CUST-000020,2023-01-21,enterprise,DE,card
CUST-000021,2023-02-02,retail,IN,card
CUST-000022,2022-01-03,retail,GB,card
CUST-000023,2023-09-09,retail,US,digital_wallet
CUST-000024,2019-12-04,retail,AU,card
CUST-000025,2022-02-12,smb,GB,card
CUST-000026,2019-04-13,retail,GB,digital_wallet
CUST-000027,2019-09-03,enterprise,DE,card
CUST-000028,2020-06-18,retail,IN,card
CUST-000029,2019-05-29,retail,DE,card
CUST-000030,2019-05-21,smb,US,card
CUST-000031,2020-09-05,enterprise,US,digital_wallet
CUST-000032,2020-03-07,smb,US,card
CUST-000033,2019-01-08,retail,US,digital_wallet
CUST-000034,2024-04-19,smb,CA,card
CUST-000035,2024-01-16,enterprise,AU,card
CUST-000036,2023-11-27,retail,DE,card
CUST-000037,2019-02-20,retail,CA,digital_wallet
CUST-000038,2022-12-07,retail,CA,digital_wallet
CUST-000039,2020-04-11,retail,IN,card
CUST-000040,2022-10-23,enterprise,GB,digital_wallet
CUST-000041,2022-05-26,enterprise,US,digital_wallet
CUST-000042,2022-11-07,smb,IN,bank_transfer
CUST-000043,2023-10-03,retail,CA,card
CUST-000044,2022-09-23,enterprise,IN,digital_wallet
CUST-000045,2022-09-02,retail,GB,bank_transfer
CUST-000046,2020-08-04,retail,DE,card
CUST-000047,2019-02-20,retail,AU,card
CUST-000048,2021-02-25,retail,US,bank_transfer
CUST-000049,2019-12-27,smb,IN,card
CUST-000050,2020-10-11,enterprise,CA,card
CUST-000051,2023-03-04,smb,GB,digital_wallet
CUST-000052,2021-06-19,retail,US,card
CUST-000053,2022-12-17,retail,GB,card
CUST-000054,2024-04-21,smb,CA,digital_wallet
CUST-000055,2022-05-20,smb,GB,card
CUST-000056,2023-09-18,retail,US,card
CUST-000057,2019-10-05,smb,US,card
CUST-000058,2023-03-15,retail,AU,card
CUST-000059,2020-02-13,smb,DE,card
CUST-000060,2021-01-25,retail,DE,bank_transfer
CUST-000061,2024-05-16,retail,CA,card
CUST-000062,2022-11-02,smb,US,digital_wallet
CUST-000063,2020-11-29,retail,GB,card
CUST-000064,2019-12-27,smb,AU,card
CUST-000065,2020-07-03,retail,US,digital_wallet
CUST-000066,2020-11-19,retail,CA,card
CUST-000067,2020-07-19,retail,GB,card
CUST-000068,2022-12-28,retail,IN,card
CUST-000069,2021-12-23,retail,AU,card
CUST-000070,2020-10-08,retail,GB,digital_wallet
CUST-000071,2021-12-10,retail,AU,digital_wallet
CUST-000072,2019-04-04,enterprise,DE,bank_transfer
CUST-000073,2020-01-13,enterprise,US,digital_wallet
CUST-000074,2019-11-07,retail,DE,card
CUST-000075,2020-04-07,smb,US,digital_wallet
CUST-000076,2024-05-20,smb,CA,card
CUST-000077,2019-01-06,retail,IN,card
CUST-000078,2023-06-09,smb,IN,digital_wallet
CUST-000079,2020-09-21,retail,IN,digital_wallet
CUST-000080,2022-01-10,retail,US,card
CUST-000081,2023-09-09,smb,DE,card
CUST-000082,2020-07-23,retail,DE,card
CUST-000083,2023-10-23,retail,GB,card
CUST-000084,2023-05-02,retail,GB,digital_wallet
CUST-000085,2023-03-30,retail,GB,card
CUST-000086,2023-06-25,retail,US,card
CUST-000087,2021-10-17,enterprise,US,bank_transfer
CUST-000088,2020-01-26,enterprise,GB,digital_wallet
CUST-000089,2021-11-05,retail,US,bank_transfer
CUST-000090,2023-04-12,retail,GB,card
CUST-000091,2019-03-31,retail,GB,digital_wallet
CUST-000092,2019-07-24,retail,GB,bank_transfer
CUST-000093,2020-11-24,smb,US,card
CUST-000094,2020-04-25,smb,CA,digital_wallet
CUST-000095,2021-06-27,retail,US,card
CUST-000096,2021-04-23,retail,IN,card
CUST-000097,2019-10-21,retail,DE,card
CUST-000098,2022-04-18,retail,AU,bank_transfer
CUST-000099,2020-08-28,enterprise,US,digital_wallet
CUST-000100,2019-04-11,enterprise,IN,digital_wallet
CUST-000101,2022-10-26,smb,DE,digital_wallet
CUST-000102,2019-07-04,enterprise,US,card
CUST-000103,2020-07-12,smb,US,digital_wallet
CUST-000104,2024-05-26,retail,IN,card
CUST-000105,2019-07-04,smb,US,card
CUST-000106,2024-04-09,retail,IN,card
CUST-000107,2022-12-06,retail,GB,card
CUST-000108,2019-10-05,retail,US,digital_wallet
CUST-000109,2022-09-03,retail,GB,card
CUST-000110,2023-10-18,retail,AU,card
CUST-000111,2022-08-02,retail,US,digital_wallet
CUST-000112,2020-02-29,retail,IN,card
CUST-000113,2019-09-24,retail,IN,card
CUST-000114,2019-02-02,retail,US,bank_transfer
CUST-000115,2019-08-12,retail,US,card
CUST-000116,2023-10-02,retail,IN,card
CUST-000117,2022-01-28,smb,US,card
CUST-000118,2022-02-03,smb,US,card
CUST-000119,2021-05-24,retail,US,digital_wallet
CUST-000120,2023-03-05,smb,IN,card
CUST-000121,2022-09-24,enterprise,GB,digital_wallet
CUST-000122,2019-11-13,smb,US,card
CUST-000123,2023-09-27,retail,IN,card
CUST-000124,2019-03-01,retail,IN,card
CUST-000125,2019-10-18,smb,AU,card
CUST-000126,2020-10-26,smb,DE,card
CUST-000127,2022-09-17,retail,DE,card
CUST-000128,2022-04-29,retail,IN,card
CUST-000129,2019-10-09,smb,US,card
CUST-000130,2022-02-18,smb,IN,card
CUST-000131,2019-08-24,retail,AU,card
CUST-000132,2019-08-05,retail,DE,card
CUST-000133,2021-11-11,smb,GB,card
CUST-000134,2019-07-30,retail,US,card
CUST-000135,2023-03-26,retail,DE,bank_transfer
CUST-000136,2020-10-09,retail,US,card
CUST-000137,2021-07-14,retail,US,card
CUST-000138,2023-02-22,smb,GB,digital_wallet
CUST-000139,2020-12-04,enterprise,US,card
CUST-000140,2021-01-15,retail,US,card
CUST-000141,2019-07-13,retail,US,card
CUST-000142,2020-09-27,enterprise,IN,card
CUST-000143,2023-08-25,enterprise,AU,digital_wallet
CUST-000144,2024-05-01,retail,CA,card
CUST-000145,2023-12-15,retail,IN,digital_wallet
CUST-000146,2022-07-03,smb,US,card
CUST-000147,2023-03-14,smb,US,card
CUST-000148,2022-03-14,enterprise,GB,card
CUST-000149,2019-10-11,smb,US,card
CUST-000150,2019-06-21,smb,US,digital_wallet
CUST-000151,2020-12-16,enterprise,GB,card
CUST-000152,2019-07-22,smb,DE,digital_wallet
CUST-000153,2022-12-15,retail,DE,digital_wallet
CUST-000154,2020-05-01,retail,US,card
CUST-000155,2020-05-10,smb,US,card
CUST-000156,2021-01-08,retail,GB,card
CUST-000157,2021-02-03,retail,US,digital_wallet
CUST-000158,2020-11-11,retail,US,card
CUST-000159,2023-01-06,smb,GB,card
CUST-000160,2020-01-27,retail,CA,card
CUST-000161,2021-06-19,smb,US,digital_wallet
CUST-000162,2023-01-29,retail,GB,digital_wallet
CUST-000163,2021-07-02,smb,GB,bank_transfer
CUST-000164,2020-07-16,smb,IN,card
CUST-000165,2022-10-20,smb,US,card
CUST-000166,2022-10-22,retail,US,card
CUST-000167,2024-05-21,retail,IN,card
CUST-000168,2022-06-07,retail,CA,card
CUST-000169,2023-09-28,enterprise,IN,bank_transfer
CUST-000170,2022-12-05,smb,IN,card
CUST-000171,2023-07-04,enterprise,US,digital_wallet
CUST-000172,2021-04-18,smb,US,digital_wallet
CUST-000173,2023-05-17,retail,DE,digital_wallet
CUST-000174,2020-09-14,retail,US,bank_transfer
CUST-000175,2019-09-14,smb,DE,card
CUST-000176,2024-01-22,smb,IN,card
CUST-000177,2021-05-03,smb,US,digital_wallet
CUST-000178,2021-04-11,retail,US,card
CUST-000179,2023-01-11,retail,AU,card
CUST-000180,2019-09-08,retail,US,card
CUST-000181,2019-11-24,smb,CA,bank_transfer
CUST-000182,2021-10-15,retail,CA,card
CUST-000183,2023-12-13,smb,IN,card
CUST-000184,2021-04-05,retail,GB,card
CUST-000185,2020-07-26,smb,DE,card
CUST-000186,2022-05-18,retail,GB,card
CUST-000187,2021-11-21,retail,CA,card
CUST-000188,2021-11-09,retail,IN,card
CUST-000189,2022-11-10,smb,DE,card
CUST-000190,2023-01-16,smb,IN,card
CUST-000191,2022-11-15,retail,GB,card
CUST-000192,2022-02-22,retail,IN,card
CUST-000193,2023-05-01,smb,IN,digital_wallet
CUST-000194,2024-04-12,enterprise,US,card
CUST-000195,2023-06-17,smb,US,card
CUST-000196,2023-08-23,retail,CA,bank_transfer
CUST-000197,2021-12-23,retail,US,card
CUST-000198,2024-06-25,enterprise,GB,digital_wallet
CUST-000199,2019-07-03,smb,US,bank_transfer
CUST-000200,2024-03-27,enterprise,AU,card
CUST-000201,2019-08-08,enterprise,US,card
CUST-000202,2020-07-12,retail,US,card
CUST-000203,2022-03-08,smb,US,card
CUST-000204,2019-07-15,retail,US,card
CUST-000205,2020-09-10,retail,DE,card
CUST-000206,2022-11-06,retail,CA,bank_transfer
CUST-000207,2020-03-24,enterprise,GB,card
CUST-000208,2023-07-01,smb,US,card
CUST-000209,2019-05-07,smb,CA,card
CUST-000210,2023-01-08,retail,US,card
CUST-000211,2021-08-04,smb,US,card
CUST-000212,2019-05-04,enterprise,US,digital_wallet
CUST-000213,2022-08-15,enterprise,US,digital_wallet
CUST-000214,2023-09-06,retail,US,card
CUST-000215,2024-04-03,smb,IN,card
CUST-000216,2021-07-03,retail,IN,card
CUST-000217,2019-04-26,retail,AU,card
CUST-000218,2020-04-30,retail,US,bank_transfer
CUST-000219,2024-06-14,retail,DE,card
CUST-000220,2022-01-06,retail,IN,card
CUST-000221,2022-02-15,retail,US,card
CUST-000222,2023-08-26,retail,US,bank_transfer
CUST-000223,2023-11-16,enterprise,US,digital_wallet
CUST-000224,2024-02-16,retail,DE,card
CUST-000225,2021-01-05,retail,US,digital_wallet
CUST-000226,2020-02-21,retail,GB,card
CUST-000227,2020-11-06,retail,DE,card
CUST-000228,2021-08-01,retail,IN,card
CUST-000229,2019-05-01,retail,IN,card
CUST-000230,2020-03-23,retail,US,card
CUST-000231,2022-02-03,retail,US,bank_transfer
CUST-000232,2024-04-08,enterprise,US,card
CUST-000233,2021-04-11,retail,US,bank_transfer
CUST-000234,2022-07-28,retail,US,card
CUST-000235,2020-03-08,enterprise,IN,card
CUST-000236,2022-09-09,retail,CA,card
CUST-000237,2019-06-07,retail,DE,card
CUST-000238,2023-06-07,enterprise,IN,card
CUST-000239,2023-04-24,smb,DE,digital_wallet
CUST-000240,2022-02-06,enterprise,GB,bank_transfer
CUST-000241,2019-06-18,retail,US,digital_wallet
CUST-000242,2021-06-29,retail,US,card
CUST-000243,2020-12-25,retail,DE,digital_wallet
CUST-000244,2022-02-19,enterprise,AU,card
CUST-000245,2019-05-10,retail,US,card
CUST-000246,2022-06-16,retail,US,card
CUST-000247,2020-11-16,retail,IN,bank_transfer
CUST-000248,2019-12-30,enterprise,AU,card
CUST-000249,2023-07-31,smb,US,digital_wallet
CUST-000250,2023-08-30,smb,IN,digital_wallet
CUST-000251,2023-01-04,retail,US,card
CUST-000252,2024-06-06,retail,CA,card
CUST-000253,2022-08-18,smb,DE,card
CUST-000254,2022-11-09,retail,GB,card
CUST-000255,2019-08-03,retail,CA,card
CUST-000256,2021-12-03,retail,GB,card
CUST-000257,2022-10-18,smb,CA,bank_transfer
CUST-000258,2023-06-22,retail,US,card
CUST-000259,2021-03-07,retail,US,card
CUST-000260,2021-01-19,retail,GB,card
CUST-000261,2022-04-17,retail,US,card
CUST-000262,2020-05-03,retail,US,bank_transfer
CUST-000263,2022-07-25,retail,CA,digital_wallet
CUST-000264,2022-06-22,retail,US,card
CUST-000265,2022-11-03,retail,IN,card
CUST-000266,2023-05-18,retail,IN,digital_wallet
CUST-000267,2021-01-21,retail,IN,digital_wallet
CUST-000268,2020-05-21,retail,AU,card
CUST-000269,2022-04-19,smb,CA,card
CUST-000270,2022-03-13,retail,US,card
CUST-000271,2024-01-18,smb,US,digital_wallet
CUST-000272,2023-04-09,smb,US,card
CUST-000273,2023-04-24,retail,GB,card
CUST-000274,2023-02-05,enterprise,DE,bank_transfer
CUST-000275,2020-08-03,retail,DE,card
CUST-000276,2019-09-12,enterprise,US,card
CUST-000277,2020-09-10,retail,CA,card
CUST-000278,2022-12-03,smb,GB,card
CUST-000279,2021-06-30,retail,IN,digital_wallet
CUST-000280,2023-02-05,smb,US,card
CUST-000281,2019-12-03,retail,IN,card
CUST-000282,2022-04-22,smb,US,card
CUST-000283,2023-01-16,smb,IN,bank_transfer
CUST-000284,2023-03-12,retail,DE,digital_wallet
CUST-000285,2019-05-26,retail,AU,digital_wallet
CUST-000286,2022-10-30,retail,GB,digital_wallet
CUST-000287,2024-04-26,smb,GB,card
CUST-000288,2022-06-15,retail,US,card
CUST-000289,2022-08-10,retail,IN,bank_transfer
CUST-000290,2023-02-27,smb,US,card
CUST-000291,2023-08-12,smb,US,card
CUST-000292,2022-03-26,smb,GB,card
CUST-000293,2019-01-06,retail,CA,card
CUST-000294,2023-02-25,smb,US,card
CUST-000295,2022-10-10,enterprise,US,digital_wallet
CUST-000296,2022-02-06,retail,US,card
CUST-000297,2023-05-02,smb,IN,card
CUST-000298,2022-07-26,smb,CA,digital_wallet
CUST-000299,2021-10-04,enterprise,AU,card
CUST-000300,2021-11-01,retail,IN,card
CUST-000301,2020-10-07,enterprise,US,digital_wallet
CUST-000302,2020-10-05,retail,GB,digital_wallet
CUST-000303,2022-11-06,retail,IN,card
CUST-000304,2020-09-04,retail,AU,card
CUST-000305,2023-07-05,smb,US,card
CUST-000306,2024-04-04,smb,DE,card
CUST-000307,2019-12-11,enterprise,GB,bank_transfer
CUST-000308,2020-07-17,retail,CA,card
CUST-000309,2019-05-05,retail,US,card
CUST-000310,2022-12-31,retail,GB,card
CUST-000311,2020-03-24,retail,IN,card
CUST-000312,2019-11-23,retail,IN,card
CUST-000313,2023-09-28,retail,US,card
CUST-000314,2022-03-08,retail,DE,card
CUST-000315,2020-03-24,retail,GB,card
CUST-000316,2023-11-14,retail,US,card
CUST-000317,2021-02-04,smb,IN,card
CUST-000318,2022-08-02,enterprise,DE,card
CUST-000319,2022-04-21,smb,US,bank_transfer
CUST-000320,2022-03-08,retail,DE,digital_wallet
CUST-000321,2020-10-16,retail,CA,card
CUST-000322,2020-05-26,smb,US,digital_wallet
CUST-000323,2021-04-27,retail,US,card
CUST-000324,2019-11-30,retail,IN,card
CUST-000325,2019-11-26,smb,GB,digital_wallet
CUST-000326,2024-04-14,smb,DE,card
CUST-000327,2024-03-10,smb,US,card
CUST-000328,2020-08-26,smb,DE,card
CUST-000329,2021-08-22,retail,IN,card
CUST-000330,2020-06-23,retail,US,digital_wallet
CUST-000331,2023-07-14,retail,AU,card
CUST-000332,2023-11-11,enterprise,DE,card
CUST-000333,2021-11-24,smb,IN,card
CUST-000334,2021-06-10,retail,IN,card
CUST-000335,2023-10-21,retail,GB,digital_wallet
CUST-000336,2019-10-31,retail,DE,digital_wallet
CUST-000337,2023-12-08,retail,GB,card
CUST-000338,2022-05-31,smb,GB,card
CUST-000339,2023-06-14,retail,US,card
CUST-000340,2021-06-26,smb,US,bank_transfer
CUST-000341,2021-02-04,smb,GB,card
CUST-000342,2019-03-01,retail,CA,card
CUST-000343,2021-03-23,smb,US,card
CUST-000344,2024-01-06,retail,IN,card
CUST-000345,2020-02-28,retail,GB,card
CUST-000346,2022-08-09,retail,CA,digital_wallet
CUST-000347,2022-04-12,retail,GB,bank_transfer
CUST-000348,2019-08-10,retail,US,card
CUST-000349,2020-05-07,smb,IN,digital_wallet
CUST-000350,2020-08-28,retail,GB,card
CUST-000351,2020-03-31,smb,DE,card
CUST-000352,2022-02-17,retail,US,card
CUST-000353,2020-11-18,smb,US,card
CUST-000354,2021-08-07,smb,GB,digital_wallet
CUST-000355,2023-10-16,retail,AU,card
CUST-000356,2020-01-05,smb,GB,card
CUST-000357,2021-09-29,smb,IN,card
CUST-000358,2021-12-29,retail,US,card
CUST-000359,2020-12-06,retail,US,card
CUST-000360,2019-10-02,retail,CA,card
CUST-000361,2023-01-29,enterprise,US,card
CUST-000362,2022-08-04,retail,GB,card
CUST-000363,2021-05-03,retail,US,card
CUST-000364,2019-07-26,smb,US,card
CUST-000365,2020-02-11,smb,IN,digital_wallet
CUST-000366,2024-02-08,retail,CA,card
CUST-000367,2019-11-02,enterprise,IN,card
CUST-000368,2023-07-24,retail,US,card
CUST-000369,2019-04-04,retail,US,card
CUST-000370,2021-02-02,smb,US,card
CUST-000371,2022-08-21,smb,US,card
CUST-000372,2021-06-16,retail,US,card
CUST-000373,2020-06-19,smb,US,digital_wallet
CUST-000374,2023-11-24,retail,GB,bank_transfer
CUST-000375,2021-02-27,retail,IN,digital_wallet
CUST-000376,2021-10-12,smb,US,card
CUST-000377,2021-07-29,retail,DE,card
CUST-000378,2022-01-29,retail,US,card
CUST-000379,2024-04-30,retail,IN,digital_wallet
CUST-000380,2021-01-14,smb,US,digital_wallet
CUST-000381,2019-04-04,smb,GB,digital_wallet
CUST-000382,2023-10-12,retail,GB,digital_wallet
CUST-000383,2021-07-11,retail,DE,card
CUST-000384,2022-04-13,retail,GB,digital_wallet
CUST-000385,2022-05-14,smb,US,digital_wallet
CUST-000386,2020-12-03,enterprise,GB,card
CUST-000387,2023-10-29,retail,IN,card
CUST-000388,2019-09-29,enterprise,IN,digital_wallet
CUST-000389,2021-09-10,retail,CA,bank_transfer
CUST-000390,2019-04-26,retail,IN,card
CUST-000391,2023-03-24,retail,US,card
CUST-000392,2021-03-07,retail,IN,digital_wallet
CUST-000393,2024-06-21,smb,AU,card
CUST-000394,2022-12-24,smb,IN,card
CUST-000395,2022-10-30,retail,AU,bank_transfer
CUST-000396,2023-09-29,retail,US,bank_transfer
CUST-000397,2022-06-14,smb,US,digital_wallet
CUST-000398,2021-12-02,retail,GB,card
CUST-000399,2021-01-08,retail,AU,card
CUST-000400,2020-12-09,retail,CA,card
CUST-000401,2024-02-10,retail,IN,card
CUST-000402,2019-06-18,enterprise,US,digital_wallet
CUST-000403,2022-12-10,smb,IN,card
CUST-000404,2019-03-19,retail,US,digital_wallet
CUST-000405,2022-07-14,retail,US,card
CUST-000406,2019-04-04,smb,US,digital_wallet
CUST-000407,2021-06-15,retail,IN,card
CUST-000408,2020-08-27,enterprise,US,bank_transfer
CUST-000409,2022-02-07,smb,US,card
CUST-000410,2023-02-27,enterprise,US,card
CUST-000411,2020-02-02,retail,IN,card
CUST-000412,2019-05-30,retail,US,card
CUST-000413,2019-07-24,retail,US,card
CUST-000414,2022-03-06,retail,US,card
CUST-000415,2023-09-17,retail,IN,card
CUST-000416,2022-08-15,smb,IN,digital_wallet
CUST-000417,2022-04-06,retail,IN,card
CUST-000418,2019-11-01,retail,US,digital_wallet
CUST-000419,2021-10-25,retail,US,digital_wallet
CUST-000420,2022-03-05,enterprise,IN,digital_wallet
CUST-000421,2019-05-09,retail,US,bank_transfer
CUST-000422,2019-03-23,enterprise,US,bank_transfer
CUST-000423,2019-12-23,retail,US,card
CUST-000424,2020-12-07,retail,GB,card
CUST-000425,2020-03-09,retail,US,card
CUST-000426,2022-10-14,retail,US,card
CUST-000427,2022-03-18,retail,US,digital_wallet
CUST-000428,2023-01-30,smb,US,card
CUST-000429,2023-08-08,smb,DE,card
CUST-000430,2021-02-13,retail,US,card
CUST-000431,2021-09-01,enterprise,DE,digital_wallet
CUST-000432,2022-01-09,smb,CA,digital_wallet
CUST-000433,2020-04-14,enterprise,GB,digital_wallet
CUST-000434,2021-05-21,retail,GB,card
CUST-000435,2022-12-23,smb,US,card
CUST-000436,2019-08-07,retail,IN,card
CUST-000437,2023-03-27,retail,DE,card
CUST-000438,2019-10-10,smb,IN,bank_transfer
CUST-000439,2020-11-24,smb,DE,bank_transfer
CUST-000440,2021-08-23,enterprise,GB,card
CUST-000441,2022-12-28,enterprise,US,digital_wallet
CUST-000442,2021-11-27,retail,US,card
CUST-000443,2019-01-01,enterprise,US,card
CUST-000444,2022-01-30,retail,IN,digital_wallet
CUST-000445,2019-08-07,retail,GB,card
CUST-000446,2020-05-27,smb,AU,card
CUST-000447,2022-04-16,smb,GB,card
CUST-000448,2021-04-24,enterprise,GB,card
CUST-000449,2019-06-05,retail,US,card
CUST-000450,2020-01-25,retail,US,bank_transfer
CUST-000451,2019-11-16,smb,US,card
CUST-000452,2023-10-03,retail,DE,card
CUST-000453,2019-04-21,retail,GB,digital_wallet
CUST-000454,2019-09-04,smb,GB,bank_transfer
CUST-000455,2020-06-15,retail,US,card
CUST-000456,2023-03-21,retail,CA,card
CUST-000457,2020-07-06,smb,DE,digital_wallet
CUST-000458,2021-05-13,retail,AU,digital_wallet
CUST-000459,2022-03-08,retail,US,card
CUST-000460,2020-06-16,retail,DE,digital_wallet
CUST-000461,2022-08-22,retail,AU,card
CUST-000462,2022-06-10,retail,DE,card
CUST-000463,2023-10-05,enterprise,US,card
CUST-000464,2023-12-23,retail,CA,card
CUST-000465,2024-04-10,smb,IN,card
CUST-000466,2023-04-28,retail,IN,card
CUST-000467,2022-07-07,retail,GB,card
CUST-000468,2022-01-28,retail,AU,bank_transfer
CUST-000469,2021-12-08,smb,GB,digital_wallet
CUST-000470,2019-11-15,retail,US,digital_wallet
CUST-000471,2024-04-23,smb,US,digital_wallet
CUST-000472,2023-12-12,retail,US,card
CUST-000473,2020-05-05,retail,IN,card
CUST-000474,2020-01-21,smb,US,card
CUST-000475,2019-02-09,retail,AU,card
CUST-000476,2019-07-04,retail,GB,card
CUST-000477,2020-11-07,retail,IN,card
CUST-000478,2020-05-27,smb,IN,card
CUST-000479,2019-03-10,retail,IN,card
CUST-000480,2023-03-06,enterprise,GB,card
CUST-000481,2020-10-26,retail,IN,card
CUST-000482,2022-11-10,retail,US,card
CUST-000483,2022-07-04,retail,US,card
CUST-000484,2022-08-13,smb,IN,card
CUST-000485,2021-09-20,smb,DE,card
CUST-000486,2023-11-12,smb,CA,card
CUST-000487,2019-01-02,smb,GB,bank_transfer
CUST-000488,2019-05-10,smb,GB,card
CUST-000489,2022-08-05,retail,US,bank_transfer
CUST-000490,2021-09-30,retail,IN,card
CUST-000491,2019-06-13,retail,DE,card
CUST-000492,2023-02-12,retail,US,digital_wallet
CUST-000493,2021-12-13,smb,DE,digital_wallet
CUST-000494,2022-10-13,retail,IN,digital_wallet
CUST-000495,2022-05-13,retail,US,card
CUST-000496,2023-01-26,retail,US,card
CUST-000497,2024-05-19,retail,IN,digital_wallet
CUST-000498,2020-03-30,retail,US,digital_wallet
CUST-000499,2022-03-16,retail,US,card
CUST-000500,2019-07-08,retail,DE,card
CUST-000501,2022-12-10,retail,CA,card
CUST-000502,2023-08-01,retail,CA,card
CUST-000503,2021-12-09,retail,GB,card
CUST-000504,2021-07-01,smb,DE,card
CUST-000505,2023-03-07,retail,US,card
CUST-000506,2021-09-26,retail,DE,card
CUST-000507,2022-11-03,enterprise,US,bank_transfer
CUST-000508,2020-09-16,retail,US,digital_wallet
CUST-000509,2023-01-31,smb,US,card
CUST-000510,2020-02-22,retail,IN,card
CUST-000511,2020-02-16,smb,DE,card
CUST-000512,2019-02-09,retail,CA,card
CUST-000513,2020-02-12,retail,GB,digital_wallet
CUST-000514,2019-11-18,retail,IN,card
CUST-000515,2023-07-27,enterprise,CA,digital_wallet
CUST-000516,2021-12-02,enterprise,DE,card
CUST-000517,2020-02-28,smb,DE,bank_transfer
CUST-000518,2021-05-30,enterprise,AU,card
CUST-000519,2023-12-07,retail,US,card
CUST-000520,2019-11-08,smb,US,card
CUST-000521,2020-04-20,retail,US,card
CUST-000522,2020-01-12,smb,GB,card
CUST-000523,2021-04-25,retail,IN,card
CUST-000524,2022-11-09,retail,GB,card
CUST-000525,2022-06-06,enterprise,DE,card
CUST-000526,2020-05-18,retail,US,bank_transfer
CUST-000527,2021-03-26,smb,IN,card
CUST-000528,2021-08-07,smb,GB,bank_transfer
CUST-000529,2021-04-26,retail,US,card
CUST-000530,2022-08-21,enterprise,IN,bank_transfer
CUST-000531,2021-02-25,smb,AU,card
CUST-000532,2023-11-20,smb,US,digital_wallet
CUST-000533,2021-07-02,retail,US,digital_wallet
CUST-000534,2021-10-18,retail,US,digital_wallet
CUST-000535,2022-05-14,retail,CA,card
CUST-000536,2020-12-15,retail,CA,bank_transfer
CUST-000537,2020-01-01,retail,US,bank_transfer
CUST-000538,2023-04-23,retail,US,card
CUST-000539,2022-11-23,smb,US,card
CUST-000540,2021-12-19,enterprise,GB,bank_transfer
CUST-000541,2020-12-25,enterprise,DE,card
CUST-000542,2019-08-31,retail,DE,card
CUST-000543,2022-02-21,smb,US,card
CUST-000544,2023-04-20,retail,IN,card
CUST-000545,2020-11-23,enterprise,GB,card
CUST-000546,2024-01-09,retail,IN,card
CUST-000547,2022-11-04,retail,CA,digital_wallet
CUST-000548,2021-12-30,smb,DE,card
CUST-000549,2019-03-06,retail,US,digital_wallet
CUST-000550,2021-02-05,smb,IN,digital_wallet
CUST-000551,2024-03-06,retail,CA,card
CUST-000552,2023-10-03,retail,US,card
CUST-000553,2020-10-01,smb,US,card
CUST-000554,2019-11-19,retail,US,card
CUST-000555,2022-12-13,smb,DE,card
CUST-000556,2021-03-13,retail,DE,card
CUST-000557,2022-12-31,smb,IN,card
CUST-000558,2022-12-01,retail,GB,bank_transfer
CUST-000559,2022-06-17,retail,US,card
CUST-000560,2019-05-14,retail,US,card
CUST-000561,2023-08-02,smb,US,card
CUST-000562,2020-05-14,retail,AU,card
CUST-000563,2023-06-01,retail,IN,card
CUST-000564,2019-07-19,smb,US,digital_wallet
CUST-000565,2021-10-09,smb,US,card
CUST-000566,2022-09-15,retail,GB,card
CUST-000567,2024-02-14,smb,CA,digital_wallet
CUST-000568,2021-11-11,retail,US,card
CUST-000569,2021-01-05,retail,US,card
CUST-000570,2021-06-10,retail,IN,card
CUST-000571,2019-02-02,retail,CA,bank_transfer
CUST-000572,2024-01-05,smb,DE,card
CUST-000573,2020-01-16,retail,US,card
CUST-000574,2022-04-03,retail,IN,card
CUST-000575,2019-07-01,retail,DE,bank_transfer
CUST-000576,2024-01-25,retail,IN,card
CUST-000577,2023-06-23,retail,US,bank_transfer
CUST-000578,2022-03-30,retail,US,digital_wallet
CUST-000579,2023-10-10,smb,US,card
CUST-000580,2023-02-22,retail,GB,digital_wallet
CUST-000581,2020-12-03,enterprise,AU,card
CUST-000582,2022-09-15,retail,DE,card
CUST-000583,2020-09-09,retail,CA,digital_wallet
CUST-000584,2021-06-09,retail,CA,card
CUST-000585,2021-06-03,smb,IN,card
CUST-000586,2022-10-14,smb,IN,card
CUST-000587,2022-10-09,retail,US,card
CUST-000588,2019-03-11,retail,US,digital_wallet
CUST-000589,2019-09-03,retail,DE,card
CUST-000590,2020-01-13,retail,GB,digital_wallet
CUST-000591,2019-11-28,smb,US,card
CUST-000592,2020-02-15,smb,US,card
CUST-000593,2023-01-05,retail,US,card
CUST-000594,2020-11-06,enterprise,DE,card
CUST-000595,2023-05-28,retail,US,card
CUST-000596,2020-11-13,smb,GB,card
CUST-000597,2022-08-19,retail,DE,digital_wallet
CUST-000598,2021-09-23,retail,DE,bank_transfer
CUST-000599,2019-05-10,smb,DE,card
CUST-000600,2020-11-22,smb,US,card
CUST-000601,2019-11-02,smb,US,card
CUST-000602,2019-01-30,retail,US,card
CUST-000603,2019-08-06,retail,DE,card
CUST-000604,2021-04-03,retail,AU,card
CUST-000605,2020-11-18,retail,US,digital_wallet
CUST-000606,2019-10-01,retail,IN,card
CUST-000607,2023-12-22,retail,IN,digital_wallet
CUST-000608,2020-05-04,enterprise,DE,card
CUST-000609,2020-12-13,retail,DE,card
CUST-000610,2022-07-06,smb,US,card
CUST-000611,2022-10-04,enterprise,US,card
CUST-000612,2019-03-01,retail,US,digital_wallet
CUST-000613,2020-10-29,retail,US,card
CUST-000614,2021-06-11,retail,CA,card
CUST-000615,2020-02-19,retail,US,card
CUST-000616,2020-03-26,smb,DE,digital_wallet
CUST-000617,2021-09-28,smb,US,card
CUST-000618,2024-03-14,retail,US,card
CUST-000619,2021-09-08,smb,IN,card
CUST-000620,2020-03-22,retail,US,card
CUST-000621,2023-03-11,retail,AU,card
CUST-000622,2022-11-15,retail,US,card
CUST-000623,2023-02-15,enterprise,GB,digital_wallet
CUST-000624,2021-01-20,retail,DE,card
CUST-000625,2021-09-06,smb,IN,digital_wallet
CUST-000626,2021-10-28,smb,US,card
CUST-000627,2022-10-21,smb,CA,card
CUST-000628,2019-06-28,retail,CA,card
CUST-000629,2023-11-27,retail,AU,card
CUST-000630,2023-02-19,smb,US,card
CUST-000631,2020-12-03,smb,IN,card
CUST-000632,2024-01-14,smb,US,card
CUST-000633,2024-03-07,retail,GB,card
CUST-000634,2022-03-22,retail,US,card
CUST-000635,2022-01-10,enterprise,GB,card
CUST-000636,2022-01-23,enterprise,US,bank_transfer
CUST-000637,2024-02-01,enterprise,US,card
CUST-000638,2021-01-01,retail,US,card
CUST-000639,2022-10-07,enterprise,AU,card
CUST-000640,2021-03-25,retail,CA,card
CUST-000641,2021-06-28,smb,GB,card
CUST-000642,2023-09-08,retail,US,card
CUST-000643,2023-03-29,retail,US,card
CUST-000644,2020-02-13,retail,US,card
CUST-000645,2021-08-07,retail,IN,card
CUST-000646,2020-08-12,retail,GB,bank_transfer
CUST-000647,2022-03-04,retail,US,bank_transfer
CUST-000648,2022-11-20,retail,US,card
CUST-000649,2022-01-18,retail,US,digital_wallet
CUST-000650,2020-12-21,smb,US,card
CUST-000651,2020-01-21,smb,DE,bank_transfer
CUST-000652,2021-05-04,retail,US,digital_wallet
CUST-000653,2023-12-28,enterprise,GB,digital_wallet
CUST-000654,2022-11-22,retail,US,card
CUST-000655,2019-03-29,retail,US,bank_transfer
CUST-000656,2019-01-22,smb,IN,digital_wallet
CUST-000657,2024-04-27,retail,US,digital_wallet
CUST-000658,2023-04-13,retail,US,card
CUST-000659,2022-12-20,retail,IN,card
CUST-000660,2023-04-09,enterprise,US,card
CUST-000661,2020-11-02,retail,US,card
CUST-000662,2023-10-18,retail,CA,digital_wallet
CUST-000663,2021-12-06,smb,US,card
CUST-000664,2019-05-13,retail,US,card
CUST-000665,2023-04-16,smb,DE,card
CUST-000666,2021-04-08,enterprise,GB,card
CUST-000667,2019-03-02,retail,US,card
CUST-000668,2019-06-06,smb,GB,card
CUST-000669,2023-07-16,smb,GB,digital_wallet
CUST-000670,2021-02-09,retail,US,card
CUST-000671,2020-10-01,smb,GB,card
CUST-000672,2023-10-16,retail,US,card
CUST-000673,2019-05-06,retail,US,digital_wallet
CUST-000674,2022-09-16,retail,US,card
CUST-000675,2022-01-07,retail,GB,digital_wallet
CUST-000676,2023-07-14,retail,IN,card
CUST-000677,2024-06-08,retail,GB,digital_wallet
CUST-000678,2022-03-20,retail,US,bank_transfer
CUST-000679,2020-03-05,retail,US,digital_wallet
CUST-000680,2020-05-29,smb,GB,digital_wallet
CUST-000681,2023-03-01,enterprise,US,card
CUST-000682,2021-08-05,retail,US,bank_transfer
CUST-000683,2023-08-14,retail,US,bank_transfer
CUST-000684,2020-09-27,retail,DE,card
CUST-000685,2019-12-27,smb,US,bank_transfer
CUST-000686,2019-05-11,enterprise,GB,card
CUST-000687,2024-03-25,retail,IN,card
CUST-000688,2023-05-03,smb,US,card
CUST-000689,2019-12-25,retail,US,card
CUST-000690,2022-01-22,retail,IN,digital_wallet
CUST-000691,2022-05-25,retail,IN,digital_wallet
CUST-000692,2022-08-01,enterprise,US,digital_wallet
CUST-000693,2021-03-15,enterprise,CA,card
CUST-000694,2023-07-22,smb,GB,card
CUST-000695,2023-09-19,retail,GB,digital_wallet
CUST-000696,2023-02-02,smb,IN,card
CUST-000697,2019-10-06,retail,US,card
CUST-000698,2022-08-22,smb,IN,bank_transfer
CUST-000699,2022-11-08,retail,US,card
CUST-000700,2022-03-14,retail,CA,digital_wallet
CUST-000701,2021-04-01,smb,DE,card
CUST-000702,2023-05-03,enterprise,GB,bank_transfer
CUST-000703,2020-08-12,smb,US,card
CUST-000704,2020-01-05,retail,US,card
CUST-000705,2021-07-27,retail,GB,digital_wallet
CUST-000706,2022-05-08,retail,US,card
CUST-000707,2020-09-11,enterprise,IN,card
CUST-000708,2020-11-25,smb,US,card
CUST-000709,2023-11-21,enterprise,US,card
CUST-000710,2019-12-04,retail,AU,digital_wallet
CUST-000711,2019-03-15,retail,US,card
CUST-000712,2022-02-22,retail,GB,digital_wallet
CUST-000713,2020-07-12,retail,IN,card
CUST-000714,2020-05-19,smb,IN,digital_wallet
CUST-000715,2024-05-02,retail,US,card
CUST-000716,2022-09-09,retail,AU,bank_transfer
CUST-000717,2022-03-11,retail,CA,digital_wallet
CUST-000718,2019-07-09,retail,US,digital_wallet
CUST-000719,2020-08-06,smb,AU,card
CUST-000720,2022-05-20,retail,IN,digital_wallet
CUST-000721,2021-05-16,retail,GB,card
CUST-000722,2022-10-17,retail,IN,card
CUST-000723,2024-02-01,smb,US,digital_wallet
CUST-000724,2022-02-02,retail,US,card
CUST-000725,2020-06-05,retail,IN,card
CUST-000726,2020-10-04,retail,GB,bank_transfer
CUST-000727,2022-05-22,retail,IN,card
CUST-000728,2021-04-09,smb,AU,card
CUST-000729,2022-11-14,smb,IN,card
CUST-000730,2019-02-24,retail,DE,card
CUST-000731,2021-08-07,retail,GB,card
CUST-000732,2021-07-09,retail,US,card
CUST-000733,2022-02-09,enterprise,US,card
CUST-000734,2020-04-19,smb,GB,card
CUST-000735,2021-10-10,smb,DE,card
CUST-000736,2021-11-05,retail,CA,card
CUST-000737,2022-12-27,retail,GB,digital_wallet
CUST-000738,2019-06-26,smb,US,card
CUST-000739,2021-01-01,smb,US,digital_wallet
CUST-000740,2022-02-24,retail,US,card
CUST-000741,2022-11-14,smb,DE,card
CUST-000742,2019-07-28,smb,US,card
CUST-000743,2021-06-23,smb,GB,digital_wallet
CUST-000744,2024-06-08,retail,IN,card
CUST-000745,2023-03-26,retail,DE,card
CUST-000746,2024-02-24,retail,GB,digital_wallet
CUST-000747,2019-06-23,retail,GB,digital_wallet
CUST-000748,2024-06-30,smb,IN,card
CUST-000749,2023-03-02,retail,US,digital_wallet
CUST-000750,2023-12-23,retail,IN,bank_transfer
CUST-000751,2020-09-09,retail,GB,card
CUST-000752,2020-11-28,smb,US,card
CUST-000753,2021-10-31,retail,US,card
CUST-000754,2020-09-02,retail,US,card
CUST-000755,2022-09-24,retail,DE,card
CUST-000756,2021-11-30,smb,US,card
CUST-000757,2021-04-23,retail,US,digital_wallet
CUST-000758,2021-11-28,smb,CA,card
CUST-000759,2021-07-26,retail,IN,digital_wallet
CUST-000760,2021-01-26,enterprise,US,digital_wallet
CUST-000761,2020-09-16,enterprise,US,card
CUST-000762,2023-12-26,retail,US,bank_transfer
CUST-000763,2020-09-26,retail,CA,digital_wallet
CUST-000764,2021-08-01,smb,IN,card
CUST-000765,2024-01-18,retail,GB,digital_wallet
CUST-000766,2022-03-17,smb,IN,card
CUST-000767,2021-12-04,retail,GB,digital_wallet
CUST-000768,2023-12-23,retail,US,card
CUST-000769,2019-07-06,retail,US,card
CUST-000770,2019-12-13,retail,AU,card
CUST-000771,2020-06-12,retail,IN,card
CUST-000772,2021-02-27,enterprise,US,card
CUST-000773,2022-04-15,smb,US,card
CUST-000774,2020-02-21,smb,US,card
CUST-000775,2024-05-22,smb,US,digital_wallet
CUST-000776,2022-07-18,retail,IN,card
CUST-000777,2023-08-28,retail,DE,card
CUST-000778,2020-12-02,smb,AU,bank_transfer
CUST-000779,2020-11-03,retail,IN,card
CUST-000780,2024-01-08,smb,GB,card
CUST-000781,2023-07-30,smb,IN,card
CUST-000782,2021-06-29,retail,IN,digital_wallet
CUST-000783,2023-07-14,smb,US,card
CUST-000784,2020-02-06,enterprise,DE,card
CUST-000785,2022-10-08,smb,DE,card
CUST-000786,2021-12-07,smb,US,digital_wallet
CUST-000787,2022-08-24,retail,CA,card
CUST-000788,2023-04-04,retail,IN,card
CUST-000789,2023-12-08,retail,US,bank_transfer
CUST-000790,2020-09-28,retail,DE,card
CUST-000791,2024-05-17,retail,US,card
CUST-000792,2019-06-25,enterprise,CA,card
CUST-000793,2019-04-23,retail,DE,card
CUST-000794,2023-03-21,retail,CA,digital_wallet
CUST-000795,2019-07-27,retail,CA,digital_wallet
CUST-000796,2019-05-19,retail,IN,digital_wallet
CUST-000797,2020-01-16,retail,IN,card
CUST-000798,2023-12-18,retail,US,card
CUST-000799,2019-10-24,retail,GB,digital_wallet
CUST-000800,2023-05-28,retail,US,card
CUST-000801,2020-11-18,smb,GB,card
CUST-000802,2023-02-13,smb,IN,digital_wallet
CUST-000803,2019-10-19,retail,US,card
CUST-000804,2020-11-26,smb,US,card
CUST-000805,2020-11-24,enterprise,US,card
CUST-000806,2019-05-14,retail,CA,card
CUST-000807,2022-07-26,retail,US,card
CUST-000808,2023-06-18,retail,US,card
CUST-000809,2022-06-13,retail,GB,digital_wallet
CUST-000810,2021-02-04,retail,GB,digital_wallet
CUST-000811,2020-02-29,retail,US,digital_wallet
CUST-000812,2021-02-05,retail,US,digital_wallet
CUST-000813,2020-11-19,retail,GB,card
CUST-000814,2022-08-14,retail,CA,card
CUST-000815,2019-08-31,retail,US,card
CUST-000816,2020-07-16,retail,DE,card
CUST-000817,2020-07-31,smb,IN,card
CUST-000818,2023-04-08,enterprise,CA,card
CUST-000819,2021-08-17,smb,GB,digital_wallet
CUST-000820,2021-07-10,smb,US,card
CUST-000821,2020-12-27,retail,GB,bank_transfer
CUST-000822,2019-11-11,enterprise,AU,card
CUST-000823,2020-11-04,retail,GB,digital_wallet
CUST-000824,2021-09-27,retail,US,digital_wallet
CUST-000825,2021-01-24,retail,US,digital_wallet
CUST-000826,2019-05-21,retail,CA,card
CUST-000827,2022-03-23,enterprise,DE,card
CUST-000828,2021-03-28,smb,US,card
CUST-000829,2020-12-11,smb,IN,card
CUST-000830,2023-02-10,retail,US,bank_transfer
CUST-000831,2019-11-20,retail,DE,card
CUST-000832,2023-04-10,retail,AU,card
CUST-000833,2021-11-02,retail,US,card
CUST-000834,2019-03-19,retail,US,digital_wallet
CUST-000835,2020-05-11,smb,GB,card
CUST-000836,2019-09-12,retail,US,card
CUST-000837,2019-03-12,smb,GB,card
CUST-000838,2019-07-30,retail,US,card
CUST-000839,2021-05-13,retail,US,digital_wallet
CUST-000840,2022-09-22,retail,US,card
CUST-000841,2022-01-14,retail,GB,card
CUST-000842,2022-09-09,smb,DE,card
CUST-000843,2019-07-28,smb,IN,digital_wallet
CUST-000844,2021-03-06,smb,AU,bank_transfer
CUST-000845,2021-09-14,retail,US,digital_wallet
CUST-000846,2019-01-28,retail,DE,digital_wallet
CUST-000847,2021-02-06,retail,US,card
CUST-000848,2019-03-23,retail,AU,card
CUST-000849,2022-01-09,retail,CA,digital_wallet
CUST-000850,2019-05-13,smb,US,card
CUST-000851,2023-08-30,smb,US,card
CUST-000852,2022-05-25,retail,US,card
CUST-000853,2021-03-26,retail,GB,card
CUST-000854,2019-06-20,smb,CA,card
CUST-000855,2021-02-07,retail,GB,card
CUST-000856,2023-02-04,smb,GB,digital_wallet
CUST-000857,2019-03-21,enterprise,US,digital_wallet
CUST-000858,2020-12-14,retail,GB,bank_transfer
CUST-000859,2019-03-12,enterprise,US,bank_transfer
CUST-000860,2019-10-29,retail,DE,digital_wallet
CUST-000861,2021-03-25,smb,AU,card
CUST-000862,2023-12-21,retail,US,card
CUST-000863,2023-03-14,retail,IN,bank_transfer
CUST-000864,2021-05-05,retail,IN,bank_transfer
CUST-000865,2024-04-26,retail,DE,card
CUST-000866,2023-11-21,retail,DE,card
CUST-000867,2020-12-01,retail,US,card
CUST-000868,2021-02-08,smb,AU,digital_wallet
CUST-000869,2023-12-29,retail,US,card
CUST-000870,2019-02-22,smb,CA,card
CUST-000871,2021-08-31,retail,IN,card
CUST-000872,2021-09-19,retail,DE,card
CUST-000873,2019-10-21,smb,CA,digital_wallet
CUST-000874,2022-01-28,enterprise,GB,digital_wallet
CUST-000875,2024-04-17,smb,US,card
CUST-000876,2021-09-02,enterprise,IN,bank_transfer
CUST-000877,2020-04-03,enterprise,IN,card
CUST-000878,2022-08-08,smb,AU,card
CUST-000879,2022-04-27,enterprise,IN,card
CUST-000880,2023-10-01,retail,GB,digital_wallet
CUST-000881,2019-10-29,smb,US,bank_transfer
CUST-000882,2019-09-10,retail,IN,card
CUST-000883,2024-03-28,smb,IN,card
CUST-000884,2022-09-12,enterprise,US,card
CUST-000885,2019-05-28,retail,US,bank_transfer
CUST-000886,2022-04-03,smb,US,digital_wallet
CUST-000887,2024-01-12,retail,US,bank_transfer
CUST-000888,2023-10-25,retail,AU,card
CUST-000889,2024-06-09,retail,IN,card
CUST-000890,2023-03-07,retail,IN,digital_wallet
CUST-000891,2022-08-30,retail,US,card
CUST-000892,2022-03-18,retail,IN,card
CUST-000893,2019-09-14,retail,US,digital_wallet
CUST-000894,2022-01-03,smb,GB,card
CUST-000895,2020-02-29,enterprise,CA,card
CUST-000896,2019-11-27,retail,US,digital_wallet
CUST-000897,2024-04-20,retail,IN,bank_transfer
CUST-000898,2020-12-22,smb,GB,bank_transfer
CUST-000899,2022-02-04,retail,US,card
CUST-000900,2021-03-30,retail,CA,bank_transfer
CUST-000901,2022-07-20,smb,US,card
CUST-000902,2023-06-02,retail,US,card
CUST-000903,2022-08-04,retail,CA,digital_wallet
CUST-000904,2020-03-31,retail,US,digital_wallet
CUST-000905,2021-12-19,retail,DE,card
CUST-000906,2020-01-06,retail,IN,digital_wallet
CUST-000907,2019-01-20,smb,IN,bank_transfer
CUST-000908,2022-10-20,smb,IN,card
CUST-000909,2024-04-12,smb,CA,card
CUST-000910,2022-07-23,retail,IN,digital_wallet
CUST-000911,2023-11-26,retail,CA,bank_transfer
CUST-000912,2021-12-26,smb,GB,card
CUST-000913,2020-05-15,enterprise,IN,digital_wallet
CUST-000914,2023-04-14,retail,US,card
CUST-000915,2021-02-03,enterprise,US,bank_transfer
CUST-000916,2020-06-26,retail,IN,card
CUST-000917,2019-03-14,enterprise,CA,digital_wallet
CUST-000918,2021-04-03,retail,US,card
CUST-000919,2019-11-15,smb,US,card
CUST-000920,2021-06-17,smb,GB,card
CUST-000921,2021-05-12,smb,CA,card
CUST-000922,2022-01-31,retail,IN,card
CUST-000923,2023-08-18,retail,US,card
CUST-000924,2022-10-21,smb,GB,card
CUST-000925,2022-06-18,retail,GB,card
CUST-000926,2020-02-11,retail,IN,card
CUST-000927,2019-11-01,retail,US,card
CUST-000928,2020-09-19,smb,AU,card
CUST-000929,2021-01-14,retail,US,card
CUST-000930,2024-02-04,smb,GB,card
CUST-000931,2023-04-27,smb,US,bank_transfer
CUST-000932,2020-03-06,retail,US,card
CUST-000933,2024-04-12,retail,US,bank_transfer
CUST-000934,2022-02-01,smb,CA,digital_wallet
CUST-000935,2019-08-29,enterprise,US,card
CUST-000936,2019-09-22,retail,AU,card
CUST-000937,2021-11-17,enterprise,US,digital_wallet
CUST-000938,2019-11-24,retail,DE,card
CUST-000939,2023-10-12,retail,IN,card
CUST-000940,2023-12-15,retail,US,digital_wallet
CUST-000941,2022-08-21,retail,DE,card
CUST-000942,2022-06-06,retail,AU,card
CUST-000943,2019-02-02,retail,AU,digital_wallet
CUST-000944,2023-11-17,smb,DE,card
CUST-000945,2021-03-20,retail,US,bank_transfer
CUST-000946,2022-08-19,retail,US,digital_wallet
CUST-000947,2021-07-20,enterprise,AU,card
CUST-000948,2019-02-12,retail,US,digital_wallet
CUST-000949,2022-05-13,retail,AU,digital_wallet
CUST-000950,2021-09-10,smb,CA,digital_wallet
CUST-000951,2022-01-18,retail,IN,card
CUST-000952,2019-02-19,retail,US,card
CUST-000953,2024-01-21,retail,US,card
CUST-000954,2024-01-09,retail,US,card
CUST-000955,2023-11-28,retail,CA,bank_transfer
CUST-000956,2021-03-10,retail,IN,digital_wallet
CUST-000957,2023-04-21,retail,US,card
CUST-000958,2022-09-01,enterprise,US,card
CUST-000959,2023-01-04,retail,DE,bank_transfer
CUST-000960,2019-02-05,retail,GB,card
CUST-000961,2023-09-07,smb,AU,digital_wallet
CUST-000962,2019-02-23,smb,GB,card
CUST-000963,2019-10-28,retail,US,card
CUST-000964,2020-09-05,retail,IN,card
CUST-000965,2019-11-25,retail,IN,bank_transfer
CUST-000966,2019-11-18,retail,US,card
CUST-000967,2023-08-12,smb,DE,digital_wallet
CUST-000968,2019-12-04,retail,US,card
CUST-000969,2020-05-05,retail,GB,card
CUST-000970,2019-03-08,retail,US,card
CUST-000971,2021-10-21,retail,IN,bank_transfer
CUST-000972,2019-11-04,retail,IN,card
CUST-000973,2020-04-19,smb,IN,bank_transfer
CUST-000974,2022-08-27,retail,IN,card
CUST-000975,2020-05-04,retail,DE,card
CUST-000976,2020-10-04,retail,US,card
CUST-000977,2021-08-27,enterprise,IN,card
CUST-000978,2022-06-23,enterprise,US,card
CUST-000979,2022-10-29,retail,AU,card
CUST-000980,2021-02-08,retail,US,card
CUST-000981,2024-01-18,smb,US,card
CUST-000982,2022-05-22,retail,IN,card
CUST-000983,2022-05-16,smb,US,digital_wallet
CUST-000984,2019-10-18,retail,GB,card
CUST-000985,2021-08-31,retail,IN,digital_wallet
CUST-000986,2024-01-05,retail,US,bank_transfer
CUST-000987,2019-11-05,smb,CA,card
CUST-000988,2021-07-11,enterprise,CA,card
CUST-000989,2022-11-27,retail,US,card
CUST-000990,2023-07-25,retail,US,card
CUST-000991,2021-05-22,retail,IN,card
CUST-000992,2021-02-20,retail,IN,bank_transfer
CUST-000993,2019-07-03,smb,DE,card
CUST-000994,2022-04-05,smb,IN,digital_wallet
CUST-000995,2024-04-30,retail,AU,digital_wallet
CUST-000996,2020-08-03,retail,IN,card
CUST-000997,2021-11-28,smb,DE,card
CUST-000998,2019-09-21,enterprise,US,bank_transfer
CUST-000999,2019-09-16,retail,DE,digital_wallet
CUST-001000,2020-02-22,retail,US,card
CUST-001001,2022-03-17,retail,IN,card
CUST-001002,2020-08-31,retail,IN,bank_transfer
CUST-001003,2019-09-09,retail,US,digital_wallet
CUST-001004,2019-05-31,retail,DE,card
CUST-001005,2020-09-03,retail,US,card
CUST-001006,2019-11-21,retail,US,card
CUST-001007,2019-03-02,retail,US,bank_transfer
CUST-001008,2023-03-07,smb,GB,digital_wallet
CUST-001009,2024-05-23,retail,DE,digital_wallet
CUST-001010,2021-05-17,retail,US,card
CUST-001011,2023-08-06,retail,US,card
CUST-001012,2024-05-30,retail,US,card
CUST-001013,2021-01-31,retail,IN,card
CUST-001014,2021-12-15,retail,DE,bank_transfer
CUST-001015,2022-10-29,smb,US,card
CUST-001016,2020-10-31,retail,US,card
CUST-001017,2019-09-26,smb,GB,digital_wallet
CUST-001018,2023-07-02,retail,US,card
CUST-001019,2020-09-03,smb,GB,digital_wallet
CUST-001020,2019-04-08,smb,US,digital_wallet
CUST-001021,2023-07-22,retail,CA,digital_wallet
CUST-001022,2019-12-15,enterprise,DE,card
CUST-001023,2022-07-28,retail,US,card
CUST-001024,2020-04-07,retail,IN,bank_transfer
CUST-001025,2022-11-24,retail,AU,card
CUST-001026,2020-03-03,smb,IN,card
CUST-001027,2024-02-21,retail,AU,digital_wallet
CUST-001028,2020-09-21,enterprise,DE,card
CUST-001029,2020-06-30,retail,IN,card
CUST-001030,2019-04-19,retail,US,card
CUST-001031,2021-11-28,retail,IN,card
CUST-001032,2020-04-08,smb,IN,card
CUST-001033,2019-12-17,smb,US,card
CUST-001034,2021-09-03,smb,CA,bank_transfer
CUST-001035,2024-05-24,retail,GB,card
CUST-001036,2022-05-01,retail,GB,card
CUST-001037,2020-08-18,smb,GB,card
CUST-001038,2023-02-13,retail,GB,bank_transfer
CUST-001039,2021-11-26,smb,CA,digital_wallet
CUST-001040,2021-10-16,retail,DE,bank_transfer
CUST-001041,2022-07-07,smb,CA,card
CUST-001042,2021-03-11,retail,CA,card
CUST-001043,2023-06-12,smb,US,digital_wallet
CUST-001044,2022-07-01,retail,US,card
CUST-001045,2019-09-10,retail,US,card
CUST-001046,2023-04-24,retail,AU,bank_transfer
CUST-001047,2020-05-24,smb,DE,card
CUST-001048,2022-02-28,retail,CA,digital_wallet
CUST-001049,2020-09-16,retail,DE,card
CUST-001050,2021-06-24,smb,GB,bank_transfer
CUST-001051,2023-05-31,retail,GB,card
CUST-001052,2021-04-05,smb,GB,digital_wallet
CUST-001053,2023-08-11,retail,GB,card
CUST-001054,2023-02-25,enterprise,US,digital_wallet
CUST-001055,2023-07-08,retail,IN,card
CUST-001056,2021-08-28,retail,GB,card
CUST-001057,2023-10-03,retail,IN,bank_transfer
CUST-001058,2023-08-04,smb,US,card
CUST-001059,2022-04-20,retail,IN,card
CUST-001060,2021-07-25,retail,US,card
CUST-001061,2020-12-27,enterprise,GB,bank_transfer
CUST-001062,2021-03-10,retail,US,card
CUST-001063,2024-03-06,retail,CA,card
CUST-001064,2023-05-08,smb,US,bank_transfer
CUST-001065,2020-04-19,retail,US,digital_wallet
CUST-001066,2020-04-29,retail,CA,bank_transfer
CUST-001067,2021-06-23,smb,DE,digital_wallet
CUST-001068,2022-03-21,retail,US,card
CUST-001069,2023-06-06,retail,DE,card
CUST-001070,2019-05-28,retail,IN,digital_wallet
CUST-001071,2021-10-22,retail,DE,card
CUST-001072,2019-06-10,retail,GB,card
CUST-001073,2020-08-16,enterprise,US,bank_transfer
CUST-001074,2023-10-14,retail,DE,card
CUST-001075,2020-06-22,smb,US,card
CUST-001076,2024-02-12,smb,US,card
CUST-001077,2024-04-22,retail,IN,card
CUST-001078,2023-11-30,enterprise,US,card
CUST-001079,2023-02-20,retail,GB,card
CUST-001080,2019-08-30,smb,AU,card
CUST-001081,2020-04-10,retail,IN,digital_wallet
CUST-001082,2020-10-05,retail,IN,card
CUST-001083,2020-05-27,enterprise,US,bank_transfer
CUST-001084,2021-01-21,smb,US,bank_transfer
CUST-001085,2024-01-19,retail,AU,card
CUST-001086,2022-02-06,retail,US,digital_wallet
CUST-001087,2019-03-11,retail,DE,card
CUST-001088,2021-02-22,retail,US,card
CUST-001089,2020-12-13,enterprise,CA,digital_wallet
CUST-001090,2019-02-26,retail,IN,card
CUST-001091,2021-03-05,enterprise,CA,card
CUST-001092,2020-06-16,retail,US,bank_transfer
CUST-001093,2022-01-16,retail,DE,card
CUST-001094,2019-01-26,retail,DE,card
CUST-001095,2024-06-01,retail,DE,card
CUST-001096,2020-06-15,smb,US,card
CUST-001097,2022-04-02,retail,DE,card
CUST-001098,2019-04-02,smb,US,card
CUST-001099,2023-08-12,smb,US,card
CUST-001100,2024-01-12,smb,GB,digital_wallet
CUST-001101,2023-07-13,retail,IN,bank_transfer
CUST-001102,2022-09-07,smb,US,digital_wallet
CUST-001103,2022-03-22,smb,IN,card
CUST-001104,2021-12-01,retail,US,digital_wallet
CUST-001105,2021-07-22,retail,AU,bank_transfer
CUST-001106,2021-09-18,smb,GB,card
CUST-001107,2019-10-10,smb,IN,card
CUST-001108,2023-12-11,smb,CA,digital_wallet
CUST-001109,2023-03-02,retail,CA,digital_wallet
CUST-001110,2021-03-05,enterprise,US,card
CUST-001111,2022-04-26,smb,US,bank_transfer
CUST-001112,2023-04-01,retail,US,card
CUST-001113,2022-04-30,retail,IN,card
CUST-001114,2020-04-20,retail,US,card
CUST-001115,2020-10-14,smb,AU,card
CUST-001116,2020-08-12,retail,GB,digital_wallet
CUST-001117,2022-09-26,retail,US,card
CUST-001118,2022-01-06,smb,US,digital_wallet
CUST-001119,2021-12-02,retail,GB,digital_wallet
CUST-001120,2024-06-06,retail,US,digital_wallet
CUST-001121,2021-11-16,smb,US,bank_transfer
CUST-001122,2023-09-12,smb,US,card
CUST-001123,2023-07-25,retail,GB,card
CUST-001124,2021-06-08,retail,DE,card
CUST-001125,2022-07-30,retail,GB,digital_wallet
CUST-001126,2022-07-14,retail,US,card
CUST-001127,2024-06-08,retail,US,card
CUST-001128,2023-09-17,smb,GB,card
CUST-001129,2019-05-05,retail,US,bank_transfer
CUST-001130,2021-09-21,smb,US,digital_wallet
CUST-001131,2022-07-04,retail,AU,card
CUST-001132,2023-05-18,smb,CA,digital_wallet
CUST-001133,2019-11-18,smb,US,bank_transfer
CUST-001134,2020-05-24,enterprise,US,card
CUST-001135,2020-09-09,retail,DE,bank_transfer
CUST-001136,2023-08-03,smb,US,card
CUST-001137,2023-08-28,retail,CA,card
CUST-001138,2021-05-20,retail,US,card
CUST-001139,2019-07-10,retail,GB,card
CUST-001140,2023-01-30,retail,US,card
CUST-001141,2021-01-27,retail,US,card
CUST-001142,2024-04-13,retail,US,card
CUST-001143,2023-04-21,retail,GB,bank_transfer
CUST-001144,2020-07-03,smb,IN,digital_wallet
CUST-001145,2021-11-19,retail,IN,bank_transfer
CUST-001146,2020-02-09,retail,AU,card
CUST-001147,2022-01-25,retail,US,card
CUST-001148,2023-12-27,retail,IN,card
CUST-001149,2020-05-29,retail,US,card
CUST-001150,2020-01-03,retail,US,digital_wallet
CUST-001151,2019-05-06,smb,DE,card
CUST-001152,2021-01-22,smb,GB,card
CUST-001153,2020-07-27,retail,DE,card
CUST-001154,2022-05-23,retail,IN,digital_wallet
CUST-001155,2019-07-07,enterprise,DE,card
CUST-001156,2023-04-06,retail,DE,card
CUST-001157,2023-12-14,smb,US,card
CUST-001158,2022-11-24,smb,IN,card
CUST-001159,2022-10-04,retail,GB,card
CUST-001160,2022-04-15,retail,US,card
CUST-001161,2021-09-07,retail,AU,bank_transfer
CUST-001162,2021-08-22,enterprise,DE,card
CUST-001163,2019-11-10,smb,US,digital_wallet
CUST-001164,2020-07-22,enterprise,US,card
CUST-001165,2024-01-29,enterprise,IN,card
CUST-001166,2019-10-30,smb,US,card
CUST-001167,2023-09-12,enterprise,US,card
CUST-001168,2019-06-30,retail,US,bank_transfer
CUST-001169,2020-03-21,smb,GB,digital_wallet
CUST-001170,2023-03-11,smb,US,card
CUST-001171,2020-01-21,retail,US,digital_wallet
CUST-001172,2023-05-01,smb,GB,card
CUST-001173,2020-03-07,enterprise,GB,card
CUST-001174,2021-11-17,smb,US,card
CUST-001175,2022-04-16,retail,DE,bank_transfer
CUST-001176,2019-11-22,retail,US,card
CUST-001177,2021-07-23,retail,IN,bank_transfer
CUST-001178,2021-04-01,retail,AU,digital_wallet
CUST-001179,2024-03-03,retail,DE,bank_transfer
CUST-001180,2019-10-17,smb,GB,card
CUST-001181,2020-04-28,smb,GB,bank_transfer
CUST-001182,2021-03-18,smb,CA,bank_transfer
CUST-001183,2023-04-12,enterprise,US,card
CUST-001184,2020-12-11,retail,IN,card
CUST-001185,2023-08-13,retail,DE,card
CUST-001186,2019-07-10,retail,IN,card
CUST-001187,2021-05-13,retail,US,card
CUST-001188,2021-04-08,smb,US,card
CUST-001189,2021-04-02,retail,US,card
CUST-001190,2023-09-25,retail,US,digital_wallet
CUST-001191,2020-11-21,enterprise,IN,card
CUST-001192,2019-03-23,retail,GB,card
CUST-001193,2023-08-05,retail,US,card
CUST-001194,2021-03-22,retail,US,card
CUST-001195,2022-11-12,smb,CA,digital_wallet
CUST-001196,2019-03-20,retail,AU,card
CUST-001197,2023-03-15,retail,GB,card
CUST-001198,2024-05-30,retail,US,card
CUST-001199,2021-02-05,retail,US,digital_wallet
CUST-001200,2021-03-27,enterprise,IN,card
CUST-001201,2022-05-11,smb,DE,card
CUST-001202,2022-06-01,smb,DE,card
CUST-001203,2020-12-10,smb,US,digital_wallet
CUST-001204,2022-09-15,smb,AU,card
CUST-001205,2022-10-13,retail,US,card
CUST-001206,2020-08-04,retail,GB,card
CUST-001207,2022-03-14,retail,CA,digital_wallet
CUST-001208,2022-09-22,smb,AU,digital_wallet
CUST-001209,2021-07-09,retail,CA,card
CUST-001210,2019-07-21,retail,IN,digital_wallet
CUST-001211,2019-06-14,retail,IN,digital_wallet
CUST-001212,2021-01-28,retail,DE,digital_wallet
CUST-001213,2021-08-25,enterprise,CA,card
CUST-001214,2023-06-20,retail,GB,card
CUST-001215,2021-04-12,smb,AU,digital_wallet
CUST-001216,2021-12-29,smb,GB,digital_wallet
CUST-001217,2022-07-12,smb,GB,card
CUST-001218,2020-11-26,retail,US,card
CUST-001219,2023-03-22,retail,US,card
CUST-001220,2023-04-09,retail,GB,card
CUST-001221,2022-03-08,smb,GB,card
CUST-001222,2021-02-25,retail,US,digital_wallet
CUST-001223,2024-06-14,retail,US,digital_wallet
CUST-001224,2021-12-11,retail,GB,card
CUST-001225,2022-05-31,smb,IN,card
CUST-001226,2023-09-29,smb,IN,digital_wallet
CUST-001227,2021-11-05,retail,DE,card
CUST-001228,2020-05-22,retail,IN,card
CUST-001229,2024-01-30,enterprise,GB,card
CUST-001230,2023-05-20,retail,IN,card
CUST-001231,2022-05-10,retail,DE,card
CUST-001232,2021-07-23,enterprise,US,card
CUST-001233,2022-08-14,retail,CA,card
CUST-001234,2024-04-20,retail,US,digital_wallet
CUST-001235,2019-07-13,enterprise,GB,card
CUST-001236,2021-12-22,retail,IN,digital_wallet
CUST-001237,2019-12-18,smb,DE,card
CUST-001238,2021-08-24,enterprise,IN,card
CUST-001239,2022-02-27,retail,GB,digital_wallet
CUST-001240,2023-01-07,retail,IN,card
CUST-001241,2022-06-18,retail,CA,card
CUST-001242,2024-06-11,enterprise,IN,card
CUST-001243,2021-06-16,enterprise,US,card
CUST-001244,2019-11-05,retail,DE,card
CUST-001245,2023-08-01,retail,US,digital_wallet
CUST-001246,2024-01-28,smb,IN,card
CUST-001247,2020-06-14,retail,IN,card
CUST-001248,2021-12-18,retail,AU,card
CUST-001249,2019-06-04,retail,AU,digital_wallet
CUST-001250,2022-06-03,smb,US,card
CUST-001251,2019-11-08,smb,US,card
CUST-001252,2019-02-13,retail,US,card
CUST-001253,2021-12-26,retail,IN,digital_wallet
CUST-001254,2023-05-16,retail,US,card
CUST-001255,2024-04-18,retail,IN,card
CUST-001256,2021-03-28,retail,IN,card
CUST-001257,2024-04-10,retail,DE,bank_transfer
CUST-001258,2020-06-06,retail,CA,card
CUST-001259,2020-09-26,smb,GB,digital_wallet
CUST-001260,2020-07-16,smb,CA,card
CUST-001261,2022-05-06,smb,CA,bank_transfer
CUST-001262,2024-05-30,retail,IN,bank_transfer
CUST-001263,2021-04-06,smb,CA,card
CUST-001264,2019-04-06,retail,IN,bank_transfer
CUST-001265,2019-05-16,retail,GB,digital_wallet
CUST-001266,2020-09-29,retail,CA,card
CUST-001267,2021-10-06,smb,CA,card
CUST-001268,2019-07-14,smb,US,card
CUST-001269,2021-08-04,smb,GB,card
CUST-001270,2019-03-12,smb,IN,card
CUST-001271,2019-01-24,retail,GB,card
CUST-001272,2022-06-26,retail,GB,bank_transfer
CUST-001273,2023-05-01,retail,IN,bank_transfer
CUST-001274,2024-05-29,retail,US,digital_wallet
CUST-001275,2021-07-15,retail,AU,card
CUST-001276,2020-02-04,retail,IN,digital_wallet
CUST-001277,2021-12-22,retail,IN,card
CUST-001278,2022-06-20,retail,CA,bank_transfer
CUST-001279,2021-05-12,smb,GB,card
CUST-001280,2023-08-12,retail,AU,digital_wallet
CUST-001281,2020-05-24,smb,US,digital_wallet
CUST-001282,2022-10-08,retail,US,card
CUST-001283,2021-06-16,retail,US,bank_transfer
CUST-001284,2021-02-20,smb,US,card
CUST-001285,2019-07-01,enterprise,DE,card
CUST-001286,2021-05-13,retail,US,digital_wallet
CUST-001287,2022-09-27,smb,AU,card
CUST-001288,2022-09-25,retail,AU,digital_wallet
CUST-001289,2022-09-29,retail,DE,card
CUST-001290,2024-01-25,smb,IN,bank_transfer
CUST-001291,2019-03-18,enterprise,IN,card
CUST-001292,2020-06-03,retail,IN,card
CUST-001293,2022-07-24,retail,IN,card
CUST-001294,2023-07-29,retail,GB,card
CUST-001295,2019-07-05,smb,US,card
CUST-001296,2023-07-09,retail,US,card
CUST-001297,2022-02-20,retail,US,bank_transfer
CUST-001298,2021-12-27,retail,US,card
CUST-001299,2024-06-11,retail,AU,card
CUST-001300,2023-09-03,smb,US,digital_wallet
CUST-001301,2022-03-09,retail,US,card
CUST-001302,2023-06-20,enterprise,IN,card
CUST-001303,2024-05-16,smb,US,digital_wallet
CUST-001304,2021-11-05,smb,GB,card
CUST-001305,2023-08-09,enterprise,GB,card
CUST-001306,2019-12-17,retail,GB,bank_transfer
CUST-001307,2024-05-09,smb,DE,digital_wallet
CUST-001308,2021-03-22,retail,GB,card
CUST-001309,2019-10-23,smb,AU,card
CUST-001310,2019-11-27,smb,US,card
CUST-001311,2019-09-02,retail,US,card
CUST-001312,2023-10-02,retail,US,card
CUST-001313,2022-07-20,retail,GB,card
CUST-001314,2023-06-27,enterprise,DE,digital_wallet
CUST-001315,2020-12-08,retail,IN,card
CUST-001316,2021-11-05,retail,IN,card
CUST-001317,2020-12-15,smb,DE,card
CUST-001318,2021-07-20,enterprise,GB,card
CUST-001319,2020-05-05,enterprise,GB,digital_wallet
CUST-001320,2022-09-12,smb,IN,card
CUST-001321,2021-12-25,retail,IN,card
CUST-001322,2021-04-07,retail,US,card
CUST-001323,2023-04-28,retail,IN,card
CUST-001324,2020-10-04,smb,GB,card
CUST-001325,2023-11-25,retail,GB,digital_wallet
CUST-001326,2020-01-16,smb,IN,card
CUST-001327,2020-02-26,enterprise,US,card
CUST-001328,2021-03-09,smb,US,digital_wallet
CUST-001329,2021-05-15,smb,IN,digital_wallet
CUST-001330,2020-01-24,smb,GB,card
CUST-001331,2020-04-01,retail,US,card
CUST-001332,2024-05-10,smb,CA,card
CUST-001333,2023-08-13,smb,US,card
CUST-001334,2019-08-17,retail,IN,card
CUST-001335,2019-03-26,smb,GB,digital_wallet
CUST-001336,2021-11-01,retail,US,card
CUST-001337,2021-12-18,retail,US,card
CUST-001338,2023-01-15,retail,CA,card
CUST-001339,2023-07-25,retail,DE,digital_wallet
CUST-001340,2021-09-02,enterprise,DE,card
CUST-001341,2020-12-07,enterprise,DE,card
CUST-001342,2023-02-06,retail,AU,digital_wallet
CUST-001343,2022-01-13,smb,AU,card
CUST-001344,2021-08-07,retail,US,card
CUST-001345,2023-11-25,smb,IN,card
CUST-001346,2021-03-15,retail,US,bank_transfer
CUST-001347,2020-03-20,retail,CA,bank_transfer
CUST-001348,2022-03-08,smb,US,bank_transfer
CUST-001349,2023-11-13,smb,IN,card
CUST-001350,2019-07-18,smb,US,card
CUST-001351,2020-02-20,smb,AU,card
CUST-001352,2020-09-13,retail,DE,digital_wallet
CUST-001353,2022-02-05,smb,IN,card
CUST-001354,2022-04-15,smb,IN,digital_wallet
CUST-001355,2019-06-24,smb,US,card
CUST-001356,2020-10-18,retail,IN,digital_wallet
CUST-001357,2021-12-01,enterprise,US,card
CUST-001358,2020-11-22,retail,IN,digital_wallet
CUST-001359,2022-07-02,retail,DE,card
CUST-001360,2021-02-07,retail,IN,digital_wallet
CUST-001361,2020-06-30,retail,GB,bank_transfer
CUST-001362,2020-05-12,retail,US,card
CUST-001363,2022-06-18,retail,DE,digital_wallet
CUST-001364,2019-04-26,smb,US,bank_transfer
CUST-001365,2020-04-22,retail,IN,card
CUST-001366,2022-12-17,retail,US,bank_transfer
CUST-001367,2022-01-15,retail,US,card
CUST-001368,2021-03-19,smb,DE,card
CUST-001369,2021-12-22,retail,CA,bank_transfer
CUST-001370,2019-05-04,smb,IN,card
CUST-001371,2022-10-20,enterprise,DE,bank_transfer
CUST-001372,2021-09-28,retail,AU,card
CUST-001373,2024-03-06,smb,CA,card
CUST-001374,2024-04-28,retail,US,card
CUST-001375,2022-09-17,enterprise,US,digital_wallet
CUST-001376,2021-10-15,retail,US,digital_wallet
CUST-001377,2024-04-24,smb,GB,bank_transfer
CUST-001378,2019-10-17,retail,CA,digital_wallet
CUST-001379,2019-09-07,retail,GB,card
CUST-001380,2019-02-06,retail,GB,card
CUST-001381,2024-06-14,retail,US,card
CUST-001382,2022-12-21,retail,US,digital_wallet
CUST-001383,2023-03-17,retail,US,card
CUST-001384,2023-04-26,retail,US,digital_wallet
CUST-001385,2021-09-15,retail,IN,digital_wallet
CUST-001386,2020-01-21,enterprise,DE,card
CUST-001387,2023-08-04,smb,US,card
CUST-001388,2023-05-08,enterprise,US,card
CUST-001389,2020-07-19,retail,DE,card
CUST-001390,2021-09-04,retail,US,bank_transfer
CUST-001391,2023-09-09,smb,DE,card
CUST-001392,2021-10-14,retail,US,card
CUST-001393,2023-03-18,retail,GB,card
CUST-001394,2020-02-29,retail,US,digital_wallet
CUST-001395,2023-09-23,smb,GB,card
CUST-001396,2021-03-21,retail,IN,card
CUST-001397,2020-03-03,retail,GB,card
CUST-001398,2020-06-28,retail,GB,card
CUST-001399,2019-09-02,smb,GB,card
CUST-001400,2021-03-04,smb,IN,digital_wallet
CUST-001401,2023-12-21,retail,US,card
CUST-001402,2020-02-27,retail,IN,bank_transfer
CUST-001403,2022-09-28,smb,US,card
CUST-001404,2024-03-19,retail,GB,bank_transfer
CUST-001405,2023-02-28,smb,US,card
CUST-001406,2024-03-19,enterprise,AU,digital_wallet
CUST-001407,2024-03-23,retail,US,card
CUST-001408,2022-12-10,retail,US,bank_transfer
CUST-001409,2021-08-11,retail,AU,card
CUST-001410,2021-09-08,retail,US,bank_transfer
CUST-001411,2019-04-01,smb,IN,card
CUST-001412,2021-07-23,smb,GB,card
CUST-001413,2021-04-13,retail,GB,card
CUST-001414,2022-01-15,retail,AU,card
CUST-001415,2022-01-09,smb,US,card
CUST-001416,2023-08-31,smb,CA,card
CUST-001417,2023-12-09,retail,GB,card
CUST-001418,2020-04-09,smb,IN,card
CUST-001419,2023-03-20,enterprise,US,card
CUST-001420,2024-06-08,retail,US,card
CUST-001421,2023-07-27,retail,US,card
CUST-001422,2019-09-01,retail,US,card
CUST-001423,2022-04-22,enterprise,DE,card
CUST-001424,2023-03-22,retail,US,bank_transfer
CUST-001425,2019-03-21,enterprise,IN,card
CUST-001426,2019-07-12,retail,IN,card
CUST-001427,2020-03-19,smb,US,bank_transfer
CUST-001428,2020-01-07,retail,IN,card
CUST-001429,2020-08-23,smb,US,card
CUST-001430,2020-05-25,retail,IN,digital_wallet
CUST-001431,2020-04-13,smb,IN,digital_wallet
CUST-001432,2023-06-15,smb,US,card
CUST-001433,2022-02-15,smb,US,card
CUST-001434,2024-03-15,smb,US,card
CUST-001435,2023-06-06,smb,DE,card
CUST-001436,2021-01-31,retail,IN,card
CUST-001437,2019-07-22,retail,DE,card
CUST-001438,2019-05-29,retail,US,digital_wallet
CUST-001439,2021-06-03,retail,US,card
CUST-001440,2020-04-05,smb,US,card
CUST-001441,2019-03-05,retail,DE,bank_transfer
CUST-001442,2020-11-30,retail,GB,card
CUST-001443,2024-03-06,smb,DE,digital_wallet
CUST-001444,2022-07-12,retail,US,card
CUST-001445,2023-08-19,retail,IN,card
CUST-001446,2023-07-01,smb,US,bank_transfer
CUST-001447,2019-12-22,retail,IN,card
CUST-001448,2023-07-17,retail,US,card
CUST-001449,2020-06-01,retail,US,card
CUST-001450,2024-03-29,enterprise,DE,card
CUST-001451,2022-05-04,retail,GB,card
CUST-001452,2022-01-01,retail,IN,digital_wallet
CUST-001453,2020-11-22,enterprise,IN,card
CUST-001454,2020-12-25,smb,US,card
CUST-001455,2019-07-06,retail,DE,digital_wallet
CUST-001456,2022-06-02,retail,US,card
CUST-001457,2021-03-02,retail,US,digital_wallet
CUST-001458,2023-03-18,retail,GB,card
CUST-001459,2021-10-19,retail,US,card
CUST-001460,2019-12-11,smb,US,card
CUST-001461,2021-08-19,enterprise,IN,card
CUST-001462,2021-01-06,retail,GB,bank_transfer
CUST-001463,2020-06-16,retail,US,digital_wallet
CUST-001464,2021-01-16,retail,US,bank_transfer
CUST-001465,2020-06-06,retail,US,digital_wallet
CUST-001466,2019-04-17,retail,IN,digital_wallet
CUST-001467,2019-12-10,retail,IN,card
CUST-001468,2023-04-08,retail,US,card
CUST-001469,2023-07-24,retail,GB,card
CUST-001470,2023-09-05,retail,IN,card
CUST-001471,2019-03-28,retail,US,card
CUST-001472,2021-04-07,smb,GB,card
CUST-001473,2019-12-08,retail,GB,digital_wallet
CUST-001474,2021-04-24,retail,US,card
CUST-001475,2021-07-10,smb,IN,bank_transfer
CUST-001476,2021-06-18,retail,US,bank_transfer
CUST-001477,2019-07-27,retail,US,card
CUST-001478,2021-11-15,retail,US,digital_wallet
CUST-001479,2019-01-23,enterprise,US,bank_transfer
CUST-001480,2021-07-31,retail,US,card
CUST-001481,2021-11-18,retail,IN,bank_transfer
CUST-001482,2023-01-19,smb,US,digital_wallet
CUST-001483,2023-06-26,smb,US,card
CUST-001484,2019-05-16,retail,CA,card
CUST-001485,2021-08-18,enterprise,US,card
CUST-001486,2022-04-22,retail,US,card
CUST-001487,2023-01-23,enterprise,US,card
CUST-001488,2020-03-24,smb,US,digital_wallet
CUST-001489,2022-03-06,retail,US,card
CUST-001490,2019-11-12,retail,AU,card
CUST-001491,2021-05-30,smb,US,card
CUST-001492,2019-06-18,retail,IN,card
CUST-001493,2019-11-08,enterprise,US,card
CUST-001494,2019-03-24,retail,US,card
CUST-001495,2023-08-15,enterprise,US,card
CUST-001496,2022-05-26,smb,US,digital_wallet
CUST-001497,2020-11-24,smb,IN,digital_wallet
CUST-001498,2023-07-11,enterprise,IN,digital_wallet
CUST-001499,2019-10-30,retail,GB,card
CUST-001500,2021-06-10,retail,CA,bank_transfer
CUST-001501,2022-09-05,retail,US,card
CUST-001502,2021-10-16,retail,AU,digital_wallet
CUST-001503,2022-09-10,retail,CA,card
CUST-001504,2019-10-31,retail,US,card
CUST-001505,2020-12-03,smb,US,card
CUST-001506,2022-09-10,smb,IN,card
CUST-001507,2019-03-22,retail,IN,card
CUST-001508,2021-08-29,smb,GB,card
CUST-001509,2023-10-12,retail,US,digital_wallet
CUST-001510,2021-07-09,retail,US,card
CUST-001511,2019-02-03,retail,AU,digital_wallet
CUST-001512,2020-03-13,retail,DE,digital_wallet
CUST-001513,2020-05-17,enterprise,US,card
CUST-001514,2024-01-30,retail,IN,card
CUST-001515,2019-06-06,enterprise,CA,digital_wallet
CUST-001516,2024-05-30,retail,IN,card
CUST-001517,2022-06-12,retail,US,digital_wallet
CUST-001518,2022-11-13,retail,GB,digital_wallet
CUST-001519,2023-07-12,retail,IN,card
CUST-001520,2021-10-09,retail,GB,card
CUST-001521,2021-02-01,smb,GB,digital_wallet
CUST-001522,2022-02-03,smb,US,card
CUST-001523,2020-08-23,retail,US,digital_wallet
CUST-001524,2019-06-02,enterprise,US,card
CUST-001525,2019-07-10,smb,CA,card
CUST-001526,2023-12-25,retail,DE,card
CUST-001527,2024-02-13,smb,IN,card
CUST-001528,2024-01-08,retail,CA,card
CUST-001529,2019-01-09,retail,GB,card
CUST-001530,2023-06-15,retail,US,card
CUST-001531,2021-04-15,retail,GB,card
CUST-001532,2020-01-30,smb,US,card
CUST-001533,2023-12-27,retail,GB,card
CUST-001534,2022-08-05,retail,AU,card
CUST-001535,2020-07-20,enterprise,DE,bank_transfer
CUST-001536,2023-05-28,retail,US,digital_wallet
CUST-001537,2019-10-26,retail,US,digital_wallet
CUST-001538,2019-11-21,retail,CA,card
CUST-001539,2019-01-29,retail,IN,card
CUST-001540,2023-09-16,retail,US,card
CUST-001541,2021-11-09,smb,US,card
CUST-001542,2019-05-09,retail,CA,card
CUST-001543,2022-06-10,retail,CA,digital_wallet
CUST-001544,2020-09-19,smb,GB,bank_transfer
CUST-001545,2022-03-01,retail,US,card
CUST-001546,2021-12-26,retail,US,digital_wallet
CUST-001547,2019-03-31,retail,GB,digital_wallet
CUST-001548,2023-02-20,retail,US,card
CUST-001549,2021-07-10,smb,US,digital_wallet
CUST-001550,2024-04-05,smb,US,bank_transfer
CUST-001551,2023-08-01,enterprise,IN,digital_wallet
CUST-001552,2023-03-23,retail,IN,card
CUST-001553,2019-11-18,retail,US,card
CUST-001554,2022-06-20,retail,US,digital_wallet
CUST-001555,2019-11-12,smb,IN,card
CUST-001556,2021-05-10,retail,IN,card
CUST-001557,2022-10-18,retail,CA,card
CUST-001558,2022-05-02,retail,DE,digital_wallet
CUST-001559,2020-03-14,enterprise,IN,digital_wallet
CUST-001560,2022-04-05,retail,IN,digital_wallet
CUST-001561,2024-02-06,smb,IN,digital_wallet
CUST-001562,2022-01-18,smb,US,card
CUST-001563,2020-01-01,retail,GB,digital_wallet
CUST-001564,2021-06-24,retail,IN,card
CUST-001565,2019-03-03,retail,US,card
CUST-001566,2023-04-01,smb,DE,card
CUST-001567,2022-08-19,retail,IN,bank_transfer
CUST-001568,2023-06-16,enterprise,DE,digital_wallet
CUST-001569,2021-09-03,retail,GB,digital_wallet
CUST-001570,2021-02-16,retail,GB,card
CUST-001571,2023-01-22,retail,GB,card
CUST-001572,2020-10-20,retail,US,card
CUST-001573,2021-08-20,retail,US,card
CUST-001574,2024-04-06,smb,GB,card
CUST-001575,2024-02-18,retail,US,card
CUST-001576,2020-07-02,retail,IN,card
CUST-001577,2022-09-27,smb,GB,card
CUST-001578,2021-12-18,retail,US,digital_wallet
CUST-001579,2022-07-17,retail,US,digital_wallet
CUST-001580,2022-10-31,retail,US,digital_wallet
CUST-001581,2023-11-03,retail,DE,digital_wallet
CUST-001582,2022-02-12,smb,GB,digital_wallet
CUST-001583,2022-10-11,smb,US,bank_transfer
CUST-001584,2021-03-19,smb,IN,digital_wallet
CUST-001585,2019-09-11,retail,DE,card
CUST-001586,2020-10-23,enterprise,US,card
CUST-001587,2021-10-14,smb,US,card
CUST-001588,2024-01-01,retail,CA,card
CUST-001589,2022-01-30,retail,DE,digital_wallet
CUST-001590,2020-08-03,smb,DE,digital_wallet
CUST-001591,2023-12-20,retail,US,card
CUST-001592,2020-04-07,retail,GB,card
CUST-001593,2019-11-19,enterprise,DE,card
CUST-001594,2024-03-27,retail,IN,bank_transfer
CUST-001595,2019-02-13,smb,US,card
CUST-001596,2019-08-27,smb,GB,digital_wallet
CUST-001597,2022-05-29,retail,CA,card
CUST-001598,2024-01-13,retail,US,card
CUST-001599,2023-04-12,retail,CA,card
CUST-001600,2023-05-17,retail,US,card
CUST-001601,2023-01-22,retail,US,card
CUST-001602,2022-04-04,smb,IN,card
CUST-001603,2022-12-17,retail,CA,card
CUST-001604,2022-08-07,smb,DE,bank_transfer
CUST-001605,2020-05-23,retail,DE,card
CUST-001606,2023-07-11,smb,US,card
CUST-001607,2021-08-26,retail,DE,card
CUST-001608,2022-02-24,enterprise,IN,card
CUST-001609,2024-04-29,retail,IN,card
CUST-001610,2021-04-14,smb,US,card
CUST-001611,2019-10-29,retail,IN,card
CUST-001612,2020-12-06,retail,US,digital_wallet
CUST-001613,2019-10-26,smb,IN,card
CUST-001614,2022-04-18,smb,US,card
CUST-001615,2019-05-09,enterprise,US,digital_wallet
CUST-001616,2023-08-14,enterprise,CA,card
CUST-001617,2022-05-27,retail,IN,card
CUST-001618,2021-06-26,smb,DE,card
CUST-001619,2019-04-30,smb,GB,card
CUST-001620,2022-02-11,smb,IN,card
CUST-001621,2022-12-03,enterprise,US,digital_wallet
CUST-001622,2019-07-02,enterprise,AU,card
CUST-001623,2019-01-22,retail,AU,digital_wallet
CUST-001624,2021-05-14,retail,GB,bank_transfer
CUST-001625,2020-03-22,retail,CA,card
CUST-001626,2019-04-08,retail,US,card
CUST-001627,2019-07-28,retail,GB,digital_wallet
CUST-001628,2019-06-03,retail,US,card
CUST-001629,2020-06-18,retail,AU,card
CUST-001630,2020-04-23,smb,CA,card
CUST-001631,2020-10-14,retail,US,card
CUST-001632,2022-07-27,retail,IN,digital_wallet
CUST-001633,2019-10-28,smb,US,digital_wallet
CUST-001634,2020-12-16,retail,US,digital_wallet
CUST-001635,2019-05-30,retail,IN,card
CUST-001636,2020-04-26,retail,DE,card
CUST-001637,2022-09-18,smb,GB,bank_transfer
CUST-001638,2022-05-25,retail,IN,card
CUST-001639,2021-07-26,enterprise,IN,card
CUST-001640,2021-07-05,retail,US,digital_wallet
CUST-001641,2024-05-27,smb,IN,bank_transfer
CUST-001642,2022-03-22,enterprise,GB,bank_transfer
CUST-001643,2023-03-16,retail,DE,card
CUST-001644,2019-04-17,smb,CA,bank_transfer
CUST-001645,2021-07-24,retail,US,card
CUST-001646,2020-05-29,retail,GB,card
CUST-001647,2020-05-20,smb,US,card
CUST-001648,2020-02-03,retail,CA,card
CUST-001649,2020-01-18,retail,US,digital_wallet
CUST-001650,2023-11-14,smb,US,card
CUST-001651,2019-02-22,enterprise,GB,card
CUST-001652,2023-05-03,smb,IN,card
CUST-001653,2022-03-27,retail,IN,digital_wallet
CUST-001654,2019-06-26,smb,US,card
CUST-001655,2023-02-01,retail,DE,card
CUST-001656,2021-07-05,smb,US,digital_wallet
CUST-001657,2024-04-30,smb,US,digital_wallet
CUST-001658,2022-05-24,smb,US,card
CUST-001659,2020-12-14,retail,CA,digital_wallet
CUST-001660,2023-11-05,smb,GB,digital_wallet
CUST-001661,2020-11-22,retail,AU,digital_wallet
CUST-001662,2023-11-11,retail,IN,card
CUST-001663,2023-07-22,smb,AU,card
CUST-001664,2023-12-04,retail,AU,card
CUST-001665,2019-05-22,retail,US,card
CUST-001666,2020-08-04,retail,CA,card
CUST-001667,2023-10-08,smb,CA,card
CUST-001668,2023-03-10,retail,US,card
CUST-001669,2021-12-12,retail,IN,bank_transfer
CUST-001670,2022-08-14,retail,US,card
CUST-001671,2021-08-06,retail,GB,digital_wallet
CUST-001672,2020-12-17,retail,US,bank_transfer
CUST-001673,2024-04-13,retail,US,card
CUST-001674,2020-05-08,smb,US,card
CUST-001675,2022-11-08,retail,GB,bank_transfer
CUST-001676,2019-03-01,retail,US,card
CUST-001677,2023-02-09,retail,US,digital_wallet
CUST-001678,2020-10-27,smb,IN,card
CUST-001679,2022-08-13,retail,IN,card
CUST-001680,2023-11-08,retail,IN,digital_wallet
CUST-001681,2023-10-29,retail,US,card
CUST-001682,2023-04-05,retail,GB,card
CUST-001683,2023-03-22,enterprise,US,card
CUST-001684,2022-11-05,smb,GB,card
CUST-001685,2021-02-01,smb,US,card
CUST-001686,2020-04-28,enterprise,DE,digital_wallet
CUST-001687,2019-11-30,enterprise,CA,card
CUST-001688,2024-03-13,smb,DE,card
CUST-001689,2020-01-30,retail,IN,digital_wallet
CUST-001690,2021-03-25,retail,US,card
CUST-001691,2021-08-13,smb,US,card
CUST-001692,2024-02-14,retail,US,bank_transfer
CUST-001693,2019-03-17,retail,US,card
CUST-001694,2019-11-03,smb,US,card
CUST-001695,2020-11-21,smb,DE,card
CUST-001696,2020-02-01,smb,US,digital_wallet
CUST-001697,2019-09-20,smb,DE,digital_wallet
CUST-001698,2024-03-30,retail,US,card
CUST-001699,2019-02-22,retail,GB,card
CUST-001700,2019-12-07,retail,US,bank_transfer
CUST-001701,2019-09-17,smb,GB,digital_wallet
CUST-001702,2022-07-17,smb,US,bank_transfer
CUST-001703,2021-04-10,enterprise,DE,digital_wallet
CUST-001704,2022-04-23,smb,AU,card
CUST-001705,2023-09-10,smb,GB,card
CUST-001706,2023-02-17,smb,DE,card
CUST-001707,2023-07-22,smb,US,card
CUST-001708,2021-04-16,retail,US,card
CUST-001709,2020-09-06,retail,GB,card
CUST-001710,2022-10-17,retail,GB,card
CUST-001711,2023-08-12,smb,CA,digital_wallet
CUST-001712,2019-10-11,smb,GB,card
CUST-001713,2022-04-21,retail,US,card
CUST-001714,2020-04-28,retail,CA,card
CUST-001715,2019-01-07,retail,IN,bank_transfer
CUST-001716,2022-04-22,retail,IN,digital_wallet
CUST-001717,2022-04-23,retail,US,card
CUST-001718,2019-11-01,retail,US,card
CUST-001719,2020-01-10,retail,IN,card
CUST-001720,2023-07-11,retail,IN,digital_wallet
CUST-001721,2023-08-06,enterprise,IN,card
CUST-001722,2022-09-14,smb,US,digital_wallet
CUST-001723,2022-05-04,retail,AU,card
CUST-001724,2022-04-18,enterprise,CA,card
CUST-001725,2023-04-02,retail,CA,digital_wallet
CUST-001726,2022-01-09,retail,IN,card
CUST-001727,2023-09-21,retail,DE,card
CUST-001728,2020-07-07,smb,DE,card
CUST-001729,2022-10-04,enterprise,GB,card
CUST-001730,2019-07-01,smb,GB,card
CUST-001731,2024-01-05,smb,DE,card
CUST-001732,2023-07-07,smb,DE,card
CUST-001733,2022-06-02,retail,GB,bank_transfer
CUST-001734,2021-06-28,retail,DE,card
CUST-001735,2019-09-14,retail,AU,digital_wallet
CUST-001736,2019-03-26,smb,US,card
CUST-001737,2019-05-10,retail,US,digital_wallet
CUST-001738,2022-05-13,smb,US,digital_wallet
CUST-001739,2019-01-01,retail,AU,card
CUST-001740,2019-02-14,enterprise,US,digital_wallet
CUST-001741,2022-08-24,retail,US,card
CUST-001742,2021-09-18,smb,CA,card
CUST-001743,2019-03-27,retail,AU,bank_transfer
CUST-001744,2020-07-08,retail,IN,card
CUST-001745,2020-06-26,retail,DE,card
CUST-001746,2021-06-20,retail,GB,card
CUST-001747,2023-07-04,smb,US,card
CUST-001748,2021-02-20,smb,US,card
CUST-001749,2023-03-22,smb,IN,card
CUST-001750,2020-06-16,retail,DE,card
CUST-001751,2020-09-03,retail,DE,card
CUST-001752,2023-02-25,smb,DE,card
CUST-001753,2024-03-22,retail,GB,card
CUST-001754,2020-09-23,smb,AU,card
CUST-001755,2020-06-12,smb,CA,digital_wallet
CUST-001756,2022-05-30,retail,CA,card
CUST-001757,2020-01-06,enterprise,IN,card
CUST-001758,2022-06-09,retail,US,card
CUST-001759,2019-05-03,retail,CA,card
CUST-001760,2022-02-18,retail,CA,card
CUST-001761,2023-07-21,retail,US,card
CUST-001762,2020-12-01,retail,US,card
CUST-001763,2020-06-26,enterprise,US,card
CUST-001764,2023-06-21,smb,AU,card
CUST-001765,2020-11-24,smb,CA,digital_wallet
CUST-001766,2020-08-07,smb,DE,bank_transfer
CUST-001767,2023-04-14,retail,IN,card
CUST-001768,2022-01-08,retail,US,card
CUST-001769,2022-05-27,smb,AU,digital_wallet
CUST-001770,2024-06-27,retail,IN,card
CUST-001771,2019-01-25,retail,CA,bank_transfer
CUST-001772,2019-05-18,smb,US,card
CUST-001773,2023-08-19,retail,IN,digital_wallet
CUST-001774,2019-08-08,retail,IN,digital_wallet
CUST-001775,2021-07-23,enterprise,GB,card
CUST-001776,2021-12-16,retail,US,digital_wallet
CUST-001777,2019-09-30,smb,US,digital_wallet
CUST-001778,2022-05-10,retail,AU,bank_transfer
CUST-001779,2021-07-09,retail,US,card
CUST-001780,2021-03-13,enterprise,US,digital_wallet
CUST-001781,2019-10-26,retail,IN,card
CUST-001782,2024-02-07,retail,IN,card
CUST-001783,2019-07-10,retail,CA,card
CUST-001784,2021-11-11,smb,IN,card
CUST-001785,2021-04-16,smb,DE,digital_wallet
CUST-001786,2023-07-29,retail,US,bank_transfer
CUST-001787,2021-03-09,retail,US,card
CUST-001788,2020-04-05,enterprise,US,card
CUST-001789,2022-06-13,retail,IN,digital_wallet
CUST-001790,2022-03-08,retail,GB,card
CUST-001791,2022-09-14,smb,IN,card
CUST-001792,2022-03-12,retail,US,bank_transfer
CUST-001793,2021-02-17,retail,AU,card
CUST-001794,2019-05-30,smb,US,card
CUST-001795,2023-03-12,retail,US,card
CUST-001796,2020-07-28,retail,IN,card
CUST-001797,2021-11-15,retail,GB,digital_wallet
CUST-001798,2020-12-10,smb,US,digital_wallet
CUST-001799,2019-09-16,smb,US,digital_wallet
CUST-001800,2024-03-10,smb,US,card
CUST-001801,2019-12-30,retail,CA,card
CUST-001802,2021-11-24,retail,IN,bank_transfer
CUST-001803,2024-03-07,enterprise,IN,card
CUST-001804,2019-05-01,retail,DE,digital_wallet
CUST-001805,2019-06-26,retail,GB,bank_transfer
CUST-001806,2023-07-17,retail,US,card
CUST-001807,2022-02-24,smb,IN,card
CUST-001808,2020-03-12,smb,GB,card
CUST-001809,2021-08-29,retail,US,card
CUST-001810,2019-11-11,retail,DE,card
CUST-001811,2023-05-24,smb,US,card
CUST-001812,2022-04-19,retail,AU,digital_wallet
CUST-001813,2024-03-01,enterprise,CA,digital_wallet
CUST-001814,2022-12-14,retail,US,card
CUST-001815,2023-08-16,retail,US,digital_wallet
CUST-001816,2019-02-26,smb,DE,digital_wallet
CUST-001817,2019-07-14,smb,IN,card
CUST-001818,2019-12-29,retail,US,bank_transfer
CUST-001819,2019-01-02,smb,IN,card
CUST-001820,2019-01-22,retail,GB,digital_wallet
CUST-001821,2024-06-02,smb,IN,card
CUST-001822,2019-09-22,retail,DE,digital_wallet
CUST-001823,2023-03-19,smb,US,digital_wallet
CUST-001824,2020-02-21,smb,DE,card
CUST-001825,2022-12-01,enterprise,US,card
CUST-001826,2023-12-09,smb,CA,digital_wallet
CUST-001827,2019-10-28,retail,US,card
CUST-001828,2024-02-05,smb,US,card
CUST-001829,2021-09-07,retail,IN,card
CUST-001830,2023-11-01,retail,US,card
CUST-001831,2019-05-30,retail,AU,card
CUST-001832,2022-04-07,retail,US,digital_wallet
CUST-001833,2019-05-23,retail,IN,card
CUST-001834,2022-07-28,smb,GB,digital_wallet
CUST-001835,2019-10-06,smb,US,digital_wallet
CUST-001836,2022-01-17,retail,CA,digital_wallet
CUST-001837,2019-04-06,retail,IN,card
CUST-001838,2020-06-07,retail,GB,card
CUST-001839,2022-02-01,retail,US,bank_transfer
CUST-001840,2024-02-01,enterprise,IN,card
CUST-001841,2023-05-02,retail,GB,card
CUST-001842,2019-12-09,smb,US,card
CUST-001843,2021-12-31,smb,IN,digital_wallet
CUST-001844,2021-11-08,retail,AU,card
CUST-001845,2019-11-29,retail,US,card
CUST-001846,2020-07-24,smb,IN,digital_wallet
CUST-001847,2023-02-15,smb,US,card
CUST-001848,2019-09-26,retail,GB,card
CUST-001849,2021-10-27,retail,US,card
CUST-001850,2020-12-29,retail,DE,card
CUST-001851,2019-07-03,retail,CA,bank_transfer
CUST-001852,2019-11-22,retail,AU,card
CUST-001853,2021-03-13,retail,DE,digital_wallet
CUST-001854,2022-02-15,smb,AU,card
CUST-001855,2019-11-10,retail,GB,card
CUST-001856,2022-09-05,retail,AU,card
CUST-001857,2020-12-05,retail,DE,card
CUST-001858,2019-08-29,retail,AU,card
CUST-001859,2022-02-10,smb,US,card
CUST-001860,2024-04-30,smb,US,card
CUST-001861,2021-02-17,retail,US,card
CUST-001862,2021-12-24,retail,US,digital_wallet
CUST-001863,2021-01-19,smb,GB,card
CUST-001864,2024-02-20,smb,IN,card
CUST-001865,2023-01-18,smb,CA,card
CUST-001866,2023-10-22,retail,US,bank_transfer
CUST-001867,2019-09-17,retail,US,card
CUST-001868,2024-02-22,enterprise,GB,digital_wallet
CUST-001869,2021-02-19,retail,IN,card
CUST-001870,2019-09-01,retail,US,digital_wallet
CUST-001871,2024-04-11,retail,US,digital_wallet
CUST-001872,2022-09-09,smb,US,digital_wallet
CUST-001873,2024-04-09,retail,US,card
CUST-001874,2022-02-14,retail,US,card
CUST-001875,2023-06-22,retail,US,bank_transfer
CUST-001876,2023-11-17,smb,IN,card
CUST-001877,2022-03-28,retail,IN,card
CUST-001878,2021-06-18,enterprise,US,digital_wallet
CUST-001879,2019-12-31,smb,US,card
CUST-001880,2023-06-10,retail,CA,digital_wallet
CUST-001881,2022-06-28,retail,IN,card
CUST-001882,2020-05-19,retail,IN,digital_wallet
CUST-001883,2019-12-13,retail,IN,digital_wallet
CUST-001884,2020-08-11,retail,GB,bank_transfer
CUST-001885,2021-05-24,retail,US,card
CUST-001886,2021-03-07,smb,IN,card
CUST-001887,2021-10-03,retail,US,card
CUST-001888,2022-12-17,retail,CA,bank_transfer
CUST-001889,2023-05-16,retail,US,card
CUST-001890,2019-02-04,smb,IN,card
CUST-001891,2023-01-09,smb,AU,card
CUST-001892,2023-12-25,smb,AU,card
CUST-001893,2019-05-17,smb,US,card
CUST-001894,2022-02-18,enterprise,IN,bank_transfer
CUST-001895,2021-04-01,smb,GB,card
CUST-001896,2020-10-04,smb,IN,card
CUST-001897,2023-01-15,retail,US,digital_wallet
CUST-001898,2022-03-26,smb,DE,card
CUST-001899,2019-01-02,smb,US,card
CUST-001900,2020-02-18,retail,IN,card
CUST-001901,2022-03-05,enterprise,GB,card
CUST-001902,2021-03-08,smb,US,digital_wallet
CUST-001903,2024-03-31,retail,DE,card
CUST-001904,2021-02-21,retail,US,digital_wallet
CUST-001905,2019-04-04,retail,DE,card
CUST-001906,2022-08-03,retail,CA,card
CUST-001907,2020-09-25,retail,IN,card
CUST-001908,2021-05-09,smb,US,card
CUST-001909,2020-12-23,retail,US,card
CUST-001910,2021-08-09,retail,US,card
CUST-001911,2022-11-23,retail,GB,card
CUST-001912,2021-05-23,retail,AU,digital_wallet
CUST-001913,2020-11-17,smb,US,card
CUST-001914,2024-04-13,enterprise,IN,card
CUST-001915,2024-03-15,smb,US,card
CUST-001916,2021-04-19,retail,GB,bank_transfer
CUST-001917,2021-05-10,retail,IN,bank_transfer
CUST-001918,2022-04-08,smb,US,card
CUST-001919,2022-11-16,retail,CA,digital_wallet
CUST-001920,2022-12-24,smb,US,card
CUST-001921,2020-09-15,retail,US,bank_transfer
CUST-001922,2020-02-22,smb,GB,digital_wallet
CUST-001923,2022-07-10,smb,GB,card
CUST-001924,2022-02-05,retail,US,card
CUST-001925,2023-12-18,retail,CA,card
CUST-001926,2020-09-26,retail,US,card
CUST-001927,2023-06-29,smb,IN,card
CUST-001928,2023-10-29,retail,IN,digital_wallet
CUST-001929,2020-09-10,retail,US,card
CUST-001930,2022-02-19,smb,US,card
CUST-001931,2020-02-12,retail,GB,card
CUST-001932,2019-01-21,retail,US,card
CUST-001933,2021-07-23,retail,IN,card
CUST-001934,2020-05-25,smb,US,card
CUST-001935,2022-04-06,retail,US,card
CUST-001936,2019-05-20,enterprise,IN,digital_wallet
CUST-001937,2020-08-22,retail,US,card
CUST-001938,2023-02-03,smb,US,digital_wallet
CUST-001939,2023-05-31,smb,CA,card
CUST-001940,2021-06-21,retail,IN,card
CUST-001941,2022-11-10,retail,US,card
CUST-001942,2022-03-20,smb,US,card
CUST-001943,2022-11-10,retail,IN,bank_transfer
CUST-001944,2023-11-03,smb,US,card
CUST-001945,2022-06-18,retail,US,card
CUST-001946,2023-03-13,retail,US,card
CUST-001947,2021-02-10,smb,IN,card
CUST-001948,2020-02-05,retail,US,card
CUST-001949,2019-01-25,retail,US,card
CUST-001950,2022-06-07,smb,US,digital_wallet
CUST-001951,2022-09-09,retail,CA,card
CUST-001952,2021-05-06,retail,US,card
CUST-001953,2019-11-19,retail,US,card
CUST-001954,2022-12-06,retail,US,card
CUST-001955,2020-08-30,smb,AU,card
CUST-001956,2022-02-02,retail,US,bank_transfer
CUST-001957,2023-10-11,smb,IN,card
CUST-001958,2023-05-21,retail,IN,card
CUST-001959,2021-05-04,retail,AU,card
CUST-001960,2019-04-30,retail,AU,digital_wallet
CUST-001961,2021-06-24,smb,GB,digital_wallet
CUST-001962,2023-11-18,retail,US,bank_transfer
CUST-001963,2019-10-16,smb,GB,card
CUST-001964,2022-06-06,retail,US,digital_wallet
CUST-001965,2022-12-04,smb,US,digital_wallet
CUST-001966,2020-07-22,retail,GB,bank_transfer
CUST-001967,2021-06-03,retail,US,bank_transfer
CUST-001968,2021-03-22,retail,US,card
CUST-001969,2022-01-31,smb,CA,card
CUST-001970,2023-04-21,smb,US,card
CUST-001971,2020-04-10,retail,DE,digital_wallet
CUST-001972,2020-02-22,retail,GB,digital_wallet
CUST-001973,2023-07-20,smb,IN,card
CUST-001974,2020-02-16,enterprise,IN,card
CUST-001975,2021-08-02,smb,IN,card
CUST-001976,2021-05-15,smb,IN,digital_wallet
CUST-001977,2023-07-24,retail,IN,card
CUST-001978,2019-08-15,retail,DE,card
CUST-001979,2023-02-13,smb,AU,digital_wallet
CUST-001980,2023-11-17,retail,IN,card
CUST-001981,2020-12-04,retail,DE,bank_transfer
CUST-001982,2023-04-16,smb,GB,digital_wallet
CUST-001983,2019-01-08,retail,DE,card
CUST-001984,2021-04-10,retail,AU,card
CUST-001985,2023-09-15,retail,CA,card
CUST-001986,2023-05-10,retail,US,card
CUST-001987,2019-01-21,retail,US,digital_wallet
CUST-001988,2020-08-16,retail,CA,card
CUST-001989,2020-03-29,retail,CA,card
CUST-001990,2022-01-12,retail,DE,bank_transfer
CUST-001991,2023-11-08,retail,US,digital_wallet
CUST-001992,2021-04-05,retail,CA,digital_wallet
CUST-001993,2022-03-03,retail,GB,card
CUST-001994,2019-02-09,smb,GB,card
CUST-001995,2019-04-08,retail,CA,card
CUST-001996,2022-09-24,retail,GB,digital_wallet
CUST-001997,2022-05-08,retail,GB,card
CUST-001998,2020-11-10,retail,CA,card
CUST-001999,2020-09-13,retail,IN,card
CUST-002000,2020-04-19,retail,US,card
CUST-002001,2022-12-07,smb,CA,card
CUST-002002,2021-08-25,retail,IN,card
CUST-002003,2023-02-07,retail,US,card
CUST-002004,2022-10-27,smb,US,digital_wallet
CUST-002005,2021-07-07,retail,US,card
CUST-002006,2020-09-21,retail,US,card
CUST-002007,2023-10-14,smb,US,digital_wallet
CUST-002008,2020-02-13,retail,IN,card
CUST-002009,2021-12-21,retail,US,digital_wallet
CUST-002010,2021-05-24,enterprise,GB,card
CUST-002011,2022-01-17,retail,US,digital_wallet
CUST-002012,2020-09-18,retail,IN,card
CUST-002013,2020-12-30,retail,GB,card
CUST-002014,2019-11-29,retail,US,digital_wallet
CUST-002015,2020-06-10,smb,DE,card
CUST-002016,2022-11-13,retail,US,card
CUST-002017,2022-11-01,smb,US,bank_transfer
CUST-002018,2024-04-04,retail,GB,card
CUST-002019,2021-01-29,smb,CA,card
CUST-002020,2022-04-10,retail,GB,bank_transfer
CUST-002021,2020-01-20,smb,CA,card
CUST-002022,2023-06-16,enterprise,GB,digital_wallet
CUST-002023,2021-06-08,smb,US,card
CUST-002024,2023-11-10,enterprise,IN,card
CUST-002025,2022-02-21,smb,CA,card
CUST-002026,2023-03-26,smb,AU,card
CUST-002027,2019-09-06,retail,US,card
CUST-002028,2020-10-07,retail,US,card
CUST-002029,2021-10-25,smb,US,card
CUST-002030,2020-12-03,enterprise,IN,card
CUST-002031,2020-12-15,retail,DE,card
CUST-002032,2022-01-20,retail,CA,digital_wallet
CUST-002033,2019-06-26,smb,CA,digital_wallet
CUST-002034,2019-07-27,retail,US,digital_wallet
CUST-002035,2023-04-18,smb,GB,card
CUST-002036,2019-06-06,retail,US,digital_wallet
CUST-002037,2021-04-18,smb,US,card
CUST-002038,2020-03-14,retail,US,card
CUST-002039,2021-12-19,smb,US,card
CUST-002040,2021-04-03,retail,IN,digital_wallet
CUST-002041,2020-07-23,enterprise,GB,digital_wallet
CUST-002042,2023-09-29,retail,GB,digital_wallet
CUST-002043,2023-09-15,smb,US,bank_transfer
CUST-002044,2024-01-20,retail,GB,card
CUST-002045,2021-04-08,retail,GB,card
CUST-002046,2021-05-08,enterprise,US,card
CUST-002047,2022-09-03,smb,CA,card
CUST-002048,2020-07-03,smb,US,card
CUST-002049,2019-11-23,retail,AU,card
CUST-002050,2024-05-09,smb,US,digital_wallet
CUST-002051,2023-03-05,retail,US,digital_wallet
CUST-002052,2022-11-22,smb,US,card
CUST-002053,2020-03-16,retail,US,card
CUST-002054,2023-06-11,retail,CA,card
CUST-002055,2022-05-23,retail,US,card
CUST-002056,2020-01-24,smb,US,card
CUST-002057,2021-11-09,retail,US,card
CUST-002058,2022-12-24,smb,IN,digital_wallet
CUST-002059,2021-08-28,smb,GB,card
CUST-002060,2019-09-27,retail,US,card
CUST-002061,2019-10-18,enterprise,CA,bank_transfer
CUST-002062,2023-12-15,retail,DE,card
CUST-002063,2021-08-21,retail,IN,card
CUST-002064,2020-12-07,smb,US,card
CUST-002065,2021-04-08,enterprise,IN,bank_transfer
CUST-002066,2021-02-15,enterprise,CA,card
CUST-002067,2022-09-08,retail,US,card
CUST-002068,2020-09-07,retail,GB,bank_transfer
CUST-002069,2020-10-29,enterprise,US,card
CUST-002070,2022-03-21,enterprise,GB,card
CUST-002071,2024-04-06,smb,CA,card
CUST-002072,2023-06-13,retail,IN,card
CUST-002073,2019-09-06,retail,GB,card
CUST-002074,2022-11-04,retail,CA,bank_transfer
CUST-002075,2022-06-19,retail,US,digital_wallet
CUST-002076,2024-02-07,retail,GB,card
CUST-002077,2021-11-20,retail,US,card
CUST-002078,2021-12-07,smb,US,bank_transfer
CUST-002079,2024-05-25,smb,US,card
CUST-002080,2023-04-11,retail,GB,card
CUST-002081,2021-06-03,retail,IN,card
CUST-002082,2022-11-11,retail,CA,bank_transfer
CUST-002083,2019-05-24,retail,IN,digital_wallet
CUST-002084,2020-12-06,enterprise,US,card
CUST-002085,2022-11-07,retail,US,card
CUST-002086,2021-03-25,retail,US,card
CUST-002087,2021-07-27,retail,US,digital_wallet
CUST-002088,2022-07-08,retail,US,card
CUST-002089,2021-05-29,retail,US,digital_wallet
CUST-002090,2019-04-05,enterprise,US,card
CUST-002091,2019-01-15,retail,IN,digital_wallet
CUST-002092,2021-12-31,retail,CA,digital_wallet
CUST-002093,2021-03-04,enterprise,CA,digital_wallet
CUST-002094,2021-04-17,smb,GB,digital_wallet
CUST-002095,2022-03-30,retail,US,card
CUST-002096,2020-09-09,enterprise,US,card
CUST-002097,2023-03-24,retail,US,card
CUST-002098,2020-12-30,retail,US,digital_wallet
CUST-002099,2019-06-30,smb,US,bank_transfer
CUST-002100,2019-01-06,smb,GB,card
CUST-002101,2021-11-24,retail,IN,card
CUST-002102,2023-07-31,retail,US,card
CUST-002103,2019-03-02,retail,GB,card
CUST-002104,2023-11-22,retail,US,card
CUST-002105,2024-05-15,retail,US,card
CUST-002106,2019-08-08,smb,GB,card
CUST-002107,2023-12-17,smb,US,digital_wallet
CUST-002108,2019-07-21,retail,US,digital_wallet
CUST-002109,2020-11-28,retail,GB,bank_transfer
CUST-002110,2019-10-09,smb,DE,card
CUST-002111,2021-11-14,retail,DE,digital_wallet
CUST-002112,2020-02-10,retail,IN,card
CUST-002113,2023-05-26,retail,CA,card
CUST-002114,2019-10-04,retail,US,card
CUST-002115,2022-10-01,smb,DE,digital_wallet
CUST-002116,2022-11-14,retail,DE,digital_wallet
CUST-002117,2021-04-12,smb,IN,card
CUST-002118,2019-11-17,retail,US,bank_transfer
CUST-002119,2020-08-22,retail,US,card
CUST-002120,2020-10-09,smb,US,card
CUST-002121,2021-03-05,smb,GB,digital_wallet
CUST-002122,2019-07-05,retail,US,digital_wallet
CUST-002123,2021-10-01,retail,IN,digital_wallet
CUST-002124,2023-04-16,enterprise,US,card
CUST-002125,2021-10-16,retail,US,card
CUST-002126,2019-02-08,retail,IN,card
CUST-002127,2021-06-23,retail,GB,card
CUST-002128,2021-12-24,enterprise,IN,card
CUST-002129,2019-02-02,smb,CA,card
CUST-002130,2021-02-24,retail,DE,card
CUST-002131,2020-09-06,enterprise,GB,card
CUST-002132,2024-04-20,retail,IN,card
CUST-002133,2019-10-11,retail,US,digital_wallet
CUST-002134,2022-11-22,retail,US,digital_wallet
CUST-002135,2023-05-17,retail,US,card
CUST-002136,2020-02-14,retail,IN,digital_wallet
CUST-002137,2020-10-20,retail,US,card
CUST-002138,2023-10-08,retail,IN,card
CUST-002139,2021-04-04,smb,US,bank_transfer
CUST-002140,2019-08-06,smb,IN,digital_wallet
CUST-002141,2019-11-19,smb,GB,card
CUST-002142,2024-04-09,retail,GB,card
CUST-002143,2019-07-15,enterprise,CA,card
CUST-002144,2019-05-27,retail,CA,digital_wallet
CUST-002145,2020-08-19,retail,US,card
CUST-002146,2023-11-03,smb,US,card
CUST-002147,2019-05-05,retail,US,bank_transfer
CUST-002148,2020-04-05,retail,IN,digital_wallet
CUST-002149,2019-04-08,retail,IN,digital_wallet
CUST-002150,2023-08-15,retail,CA,card
CUST-002151,2023-01-20,retail,CA,card
CUST-002152,2023-11-19,retail,US,card
CUST-002153,2019-12-06,retail,US,card
CUST-002154,2022-01-15,retail,US,card
CUST-002155,2019-03-25,retail,US,bank_transfer
CUST-002156,2019-03-10,retail,GB,card
CUST-002157,2023-05-08,retail,CA,card
CUST-002158,2019-02-24,retail,IN,card
CUST-002159,2019-07-05,retail,DE,card
CUST-002160,2021-04-02,retail,GB,card
CUST-002161,2023-11-11,retail,US,card
CUST-002162,2021-07-03,retail,US,card
CUST-002163,2021-11-07,smb,US,card
CUST-002164,2022-09-13,smb,GB,card
CUST-002165,2020-12-27,retail,US,card
CUST-002166,2019-04-12,retail,GB,digital_wallet
CUST-002167,2019-11-11,enterprise,GB,card
CUST-002168,2019-08-13,retail,IN,digital_wallet
CUST-002169,2023-08-26,retail,AU,digital_wallet
CUST-002170,2023-11-23,smb,US,card
CUST-002171,2020-11-14,smb,IN,card
CUST-002172,2022-12-03,retail,IN,card
CUST-002173,2022-04-12,smb,US,digital_wallet
CUST-002174,2021-03-13,retail,US,card
CUST-002175,2024-03-27,smb,US,digital_wallet
CUST-002176,2020-01-05,smb,US,digital_wallet
CUST-002177,2022-05-01,retail,US,bank_transfer
CUST-002178,2019-01-01,retail,IN,card
CUST-002179,2019-02-08,smb,DE,card
CUST-002180,2019-12-30,retail,US,card
CUST-002181,2019-03-18,retail,US,card
CUST-002182,2019-09-23,retail,US,card
CUST-002183,2020-07-09,retail,GB,card
CUST-002184,2020-06-14,retail,US,card
CUST-002185,2020-08-12,retail,IN,card
CUST-002186,2024-01-06,enterprise,US,digital_wallet
CUST-002187,2020-07-22,smb,IN,card
CUST-002188,2022-03-02,retail,US,card
CUST-002189,2019-06-09,smb,US,card
CUST-002190,2021-07-07,retail,AU,card
CUST-002191,2019-10-08,retail,DE,card
CUST-002192,2022-05-04,retail,GB,card
CUST-002193,2020-07-24,retail,IN,card
CUST-002194,2022-10-08,retail,US,digital_wallet
CUST-002195,2021-12-06,retail,US,card
CUST-002196,2020-12-20,smb,US,card
CUST-002197,2023-07-16,enterprise,IN,card
CUST-002198,2022-03-15,retail,US,card
CUST-002199,2020-11-16,retail,GB,digital_wallet
CUST-002200,2021-05-27,retail,CA,card
CUST-002201,2021-03-22,retail,GB,card
CUST-002202,2021-05-11,retail,CA,digital_wallet
CUST-002203,2022-08-18,retail,US,card
CUST-002204,2022-03-18,retail,US,digital_wallet
CUST-002205,2021-03-29,retail,IN,digital_wallet
CUST-002206,2019-10-12,smb,IN,card
CUST-002207,2021-04-02,smb,GB,card
CUST-002208,2024-03-21,enterprise,CA,card
CUST-002209,2022-06-14,retail,AU,digital_wallet
CUST-002210,2023-12-15,smb,IN,card
CUST-002211,2020-09-22,smb,US,card
CUST-002212,2020-04-25,enterprise,US,digital_wallet
CUST-002213,2020-08-01,retail,DE,digital_wallet
CUST-002214,2021-01-23,retail,DE,card
CUST-002215,2023-05-30,retail,US,card
CUST-002216,2021-04-28,retail,CA,card
CUST-002217,2024-03-01,retail,US,digital_wallet
CUST-002218,2021-11-12,retail,US,digital_wallet
CUST-002219,2023-12-07,retail,US,card
CUST-002220,2022-05-15,enterprise,DE,bank_transfer
CUST-002221,2022-09-14,smb,GB,card
CUST-002222,2022-07-16,retail,US,card
CUST-002223,2023-10-25,retail,IN,card
CUST-002224,2022-05-03,retail,IN,card
CUST-002225,2020-01-01,retail,IN,digital_wallet
CUST-002226,2024-04-06,enterprise,AU,card
CUST-002227,2023-07-30,enterprise,US,card
CUST-002228,2020-10-13,retail,IN,bank_transfer
CUST-002229,2019-06-12,smb,IN,digital_wallet
CUST-002230,2024-01-15,retail,US,card
CUST-002231,2022-12-29,retail,US,card
CUST-002232,2022-07-03,enterprise,GB,card
CUST-002233,2023-12-23,smb,US,bank_transfer
CUST-002234,2022-02-28,smb,US,card
CUST-002235,2024-01-02,retail,DE,card
CUST-002236,2023-06-09,enterprise,GB,card
CUST-002237,2022-12-25,retail,DE,card
CUST-002238,2020-05-30,smb,IN,card
CUST-002239,2020-08-16,retail,IN,bank_transfer
CUST-002240,2024-05-13,smb,IN,bank_transfer
CUST-002241,2019-08-31,retail,GB,card
CUST-002242,2022-06-09,retail,DE,digital_wallet
CUST-002243,2020-11-20,smb,US,digital_wallet
CUST-002244,2022-02-18,enterprise,GB,digital_wallet
CUST-002245,2021-01-27,retail,US,card
CUST-002246,2021-04-17,retail,GB,card
CUST-002247,2019-01-14,retail,IN,card
CUST-002248,2023-10-08,retail,US,card
CUST-002249,2022-03-24,smb,US,card
CUST-002250,2022-04-24,retail,GB,card
CUST-002251,2020-07-17,smb,US,card
CUST-002252,2023-11-09,retail,US,digital_wallet
CUST-002253,2023-05-30,retail,US,digital_wallet
CUST-002254,2022-09-08,retail,GB,card
CUST-002255,2022-02-17,smb,GB,card
CUST-002256,2021-07-14,retail,IN,card
CUST-002257,2019-04-14,retail,DE,digital_wallet
CUST-002258,2019-02-07,enterprise,US,digital_wallet
CUST-002259,2022-04-20,retail,IN,digital_wallet
CUST-002260,2022-07-10,enterprise,IN,bank_transfer
CUST-002261,2020-08-01,smb,IN,card
CUST-002262,2020-09-06,retail,US,digital_wallet
CUST-002263,2024-05-30,smb,GB,digital_wallet
CUST-002264,2019-07-09,retail,IN,bank_transfer
CUST-002265,2024-02-08,retail,US,card
CUST-002266,2021-03-28,retail,IN,card
CUST-002267,2019-11-22,retail,US,card
CUST-002268,2024-05-17,smb,CA,bank_transfer
CUST-002269,2019-05-11,retail,IN,digital_wallet
CUST-002270,2023-07-05,retail,GB,digital_wallet
CUST-002271,2021-02-04,retail,DE,card
CUST-002272,2021-03-16,retail,US,card
CUST-002273,2022-08-18,smb,US,card
CUST-002274,2019-12-04,retail,IN,card
CUST-002275,2023-04-21,enterprise,IN,card
CUST-002276,2024-06-07,retail,US,bank_transfer
CUST-002277,2021-10-06,enterprise,IN,card
CUST-002278,2022-02-14,enterprise,US,card
CUST-002279,2023-01-11,retail,US,card
CUST-002280,2024-06-30,retail,CA,card
CUST-002281,2021-04-14,retail,US,digital_wallet
CUST-002282,2019-01-22,retail,CA,card
CUST-002283,2019-02-25,retail,AU,bank_transfer
CUST-002284,2022-03-17,retail,US,card
CUST-002285,2022-12-24,retail,US,bank_transfer
CUST-002286,2021-07-31,retail,CA,card
CUST-002287,2024-04-02,retail,IN,card
CUST-002288,2023-01-01,smb,US,bank_transfer
CUST-002289,2023-03-08,smb,IN,digital_wallet
CUST-002290,2020-03-20,retail,IN,bank_transfer
CUST-002291,2023-10-29,retail,US,card
CUST-002292,2023-07-05,smb,GB,card
CUST-002293,2024-03-25,smb,US,card
CUST-002294,2019-01-01,retail,DE,card
CUST-002295,2022-09-13,retail,DE,card
CUST-002296,2020-11-03,smb,IN,card
CUST-002297,2024-05-18,retail,US,bank_transfer
CUST-002298,2023-04-03,retail,DE,digital_wallet
CUST-002299,2021-04-28,smb,GB,digital_wallet
CUST-002300,2021-06-26,retail,DE,card
CUST-002301,2020-09-15,retail,US,bank_transfer
CUST-002302,2022-08-20,smb,GB,digital_wallet
CUST-002303,2023-09-21,enterprise,IN,card
CUST-002304,2022-07-23,smb,IN,card
CUST-002305,2020-07-01,retail,GB,card
CUST-002306,2021-09-19,smb,IN,bank_transfer
CUST-002307,2021-05-25,retail,IN,digital_wallet
CUST-002308,2019-10-20,smb,IN,card
CUST-002309,2019-07-27,retail,US,card
CUST-002310,2019-08-02,retail,US,digital_wallet
CUST-002311,2023-02-27,smb,CA,card
CUST-002312,2021-10-16,retail,IN,digital_wallet
CUST-002313,2023-10-02,retail,GB,card
CUST-002314,2020-11-06,smb,AU,card
CUST-002315,2021-01-27,retail,GB,digital_wallet
CUST-002316,2020-10-26,retail,IN,card
CUST-002317,2019-01-08,smb,CA,card
CUST-002318,2021-03-31,retail,US,card
CUST-002319,2021-10-19,smb,GB,card
CUST-002320,2019-12-19,retail,GB,card
CUST-002321,2021-12-23,smb,US,card
CUST-002322,2020-06-09,smb,US,digital_wallet
CUST-002323,2020-02-18,retail,GB,card
CUST-002324,2019-03-27,smb,GB,digital_wallet
CUST-002325,2023-06-21,smb,IN,card
CUST-002326,2019-05-22,retail,IN,card
CUST-002327,2023-09-26,enterprise,CA,digital_wallet
CUST-002328,2021-01-12,retail,US,card
CUST-002329,2022-11-16,retail,AU,digital_wallet
CUST-002330,2022-04-12,smb,IN,card
CUST-002331,2022-08-25,smb,CA,digital_wallet
CUST-002332,2023-11-19,retail,US,card
CUST-002333,2021-12-26,retail,US,card
CUST-002334,2019-09-22,smb,US,card
CUST-002335,2019-11-22,retail,IN,card
CUST-002336,2022-06-29,smb,US,card
CUST-002337,2020-01-08,smb,US,digital_wallet
CUST-002338,2023-05-15,retail,US,card
CUST-002339,2021-05-10,enterprise,US,card
CUST-002340,2019-02-25,enterprise,CA,card
CUST-002341,2021-05-27,retail,US,digital_wallet
CUST-002342,2020-10-23,smb,US,digital_wallet
CUST-002343,2023-12-05,smb,GB,bank_transfer
CUST-002344,2020-10-18,retail,US,card
CUST-002345,2021-04-21,retail,US,card
CUST-002346,2019-08-11,retail,CA,digital_wallet
CUST-002347,2022-01-24,retail,CA,card
CUST-002348,2019-02-24,smb,GB,digital_wallet
CUST-002349,2021-07-20,retail,US,digital_wallet
CUST-002350,2024-03-01,retail,IN,card
CUST-002351,2023-11-07,retail,AU,card
CUST-002352,2019-12-16,smb,IN,digital_wallet
CUST-002353,2021-06-20,smb,US,card
CUST-002354,2020-06-23,retail,US,card
CUST-002355,2019-07-29,smb,CA,digital_wallet
CUST-002356,2023-08-05,enterprise,GB,card
CUST-002357,2019-04-20,smb,US,card
CUST-002358,2021-04-23,enterprise,DE,card
CUST-002359,2019-10-03,smb,GB,digital_wallet
CUST-002360,2021-07-16,smb,US,digital_wallet
CUST-002361,2023-05-05,smb,IN,card
CUST-002362,2019-12-02,enterprise,US,card
CUST-002363,2023-02-22,retail,US,card
CUST-002364,2023-09-30,retail,US,card
CUST-002365,2024-03-02,smb,US,digital_wallet
CUST-002366,2022-03-02,retail,DE,digital_wallet
CUST-002367,2021-09-09,retail,CA,bank_transfer
CUST-002368,2022-01-02,retail,IN,digital_wallet
CUST-002369,2023-03-15,retail,IN,card
CUST-002370,2021-07-30,retail,IN,digital_wallet
CUST-002371,2019-09-20,retail,IN,card
CUST-002372,2019-05-28,retail,DE,card
CUST-002373,2023-10-24,retail,GB,digital_wallet
CUST-002374,2020-05-19,retail,US,card
CUST-002375,2022-04-08,smb,DE,card
CUST-002376,2024-06-06,smb,IN,card
CUST-002377,2020-03-02,smb,IN,card
CUST-002378,2021-12-28,enterprise,US,card
CUST-002379,2021-02-13,smb,IN,card
CUST-002380,2022-11-27,smb,GB,card
CUST-002381,2020-05-14,retail,IN,card
CUST-002382,2019-07-24,smb,GB,digital_wallet
CUST-002383,2021-04-24,retail,US,digital_wallet
CUST-002384,2021-04-10,smb,US,card
CUST-002385,2019-01-05,retail,GB,card
CUST-002386,2022-12-18,smb,US,card
CUST-002387,2022-08-18,smb,US,bank_transfer
CUST-002388,2021-04-06,retail,US,card
CUST-002389,2021-04-02,retail,US,digital_wallet
CUST-002390,2022-04-17,retail,IN,card
CUST-002391,2019-04-05,smb,US,card
CUST-002392,2021-01-14,retail,US,digital_wallet
CUST-002393,2021-04-23,smb,US,card
CUST-002394,2023-06-13,retail,US,card
CUST-002395,2020-12-31,retail,IN,card
CUST-002396,2022-07-28,smb,US,card
CUST-002397,2021-02-24,enterprise,GB,digital_wallet
CUST-002398,2021-01-27,smb,CA,card
CUST-002399,2021-01-26,retail,GB,card
CUST-002400,2020-10-12,smb,US,card
CUST-002401,2022-03-26,retail,US,card
CUST-002402,2020-11-24,retail,US,card
CUST-002403,2020-04-04,retail,US,bank_transfer
CUST-002404,2021-04-25,smb,US,card
CUST-002405,2023-04-04,retail,IN,card
CUST-002406,2023-05-20,retail,US,card
CUST-002407,2021-08-23,smb,IN,digital_wallet
CUST-002408,2024-01-26,smb,DE,card
CUST-002409,2023-04-23,retail,IN,card
CUST-002410,2019-12-03,retail,IN,card
CUST-002411,2019-01-24,retail,IN,card
CUST-002412,2024-02-09,retail,US,card
CUST-002413,2020-04-04,retail,US,card
CUST-002414,2019-08-21,retail,IN,card
CUST-002415,2020-07-11,enterprise,US,digital_wallet
CUST-002416,2022-11-16,retail,IN,digital_wallet
CUST-002417,2022-01-19,retail,GB,digital_wallet
CUST-002418,2024-03-04,retail,CA,card
CUST-002419,2024-05-29,retail,DE,card
CUST-002420,2023-03-02,enterprise,US,card
CUST-002421,2019-07-16,retail,CA,card
CUST-002422,2023-10-18,smb,US,card
CUST-002423,2023-10-02,smb,AU,card
CUST-002424,2021-07-29,smb,US,card
CUST-002425,2021-09-02,smb,US,card
CUST-002426,2019-03-18,enterprise,GB,card
CUST-002427,2020-12-14,retail,US,bank_transfer
CUST-002428,2024-05-31,smb,US,card
CUST-002429,2021-10-14,smb,CA,card
CUST-002430,2022-04-10,retail,IN,card
CUST-002431,2022-12-06,smb,GB,card
CUST-002432,2019-10-26,smb,US,card
CUST-002433,2021-01-21,retail,US,card
CUST-002434,2023-08-04,retail,DE,digital_wallet
CUST-002435,2019-07-30,smb,US,card
CUST-002436,2023-07-06,smb,GB,card
CUST-002437,2019-10-14,retail,DE,card
CUST-002438,2021-12-13,retail,AU,card
CUST-002439,2020-04-12,retail,IN,bank_transfer
CUST-002440,2024-04-16,retail,US,digital_wallet
CUST-002441,2019-08-29,smb,CA,card
CUST-002442,2023-10-10,retail,CA,card
CUST-002443,2020-11-12,smb,US,digital_wallet
CUST-002444,2023-06-27,retail,IN,card
CUST-002445,2020-04-02,retail,US,card
CUST-002446,2021-08-09,retail,IN,bank_transfer
CUST-002447,2020-11-10,retail,AU,digital_wallet
CUST-002448,2020-07-23,retail,CA,card
CUST-002449,2021-02-11,retail,US,card
CUST-002450,2019-06-19,retail,US,card
CUST-002451,2019-04-30,retail,US,card
CUST-002452,2023-10-05,retail,US,card
CUST-002453,2020-05-07,smb,CA,card
CUST-002454,2020-12-01,retail,CA,card
CUST-002455,2019-02-28,retail,IN,card
CUST-002456,2023-04-12,retail,IN,card
CUST-002457,2023-07-18,retail,US,card
CUST-002458,2022-11-14,smb,US,card
CUST-002459,2022-04-24,retail,GB,card
CUST-002460,2020-03-17,retail,US,card
CUST-002461,2019-04-03,retail,IN,card
CUST-002462,2021-09-24,retail,US,card
CUST-002463,2020-01-13,smb,US,bank_transfer
CUST-002464,2020-09-25,retail,GB,digital_wallet
CUST-002465,2021-08-11,enterprise,GB,card
CUST-002466,2020-02-06,smb,IN,card
CUST-002467,2022-09-11,retail,CA,card
CUST-002468,2020-10-19,retail,US,bank_transfer
CUST-002469,2021-03-11,retail,GB,digital_wallet
CUST-002470,2019-10-05,retail,IN,card
CUST-002471,2023-01-15,retail,GB,card
CUST-002472,2019-02-14,retail,CA,card
CUST-002473,2022-12-10,smb,US,card
CUST-002474,2019-09-17,enterprise,IN,card
CUST-002475,2020-12-02,retail,CA,card
CUST-002476,2023-11-19,retail,US,card
CUST-002477,2020-03-27,smb,US,digital_wallet
CUST-002478,2020-10-05,enterprise,US,card
CUST-002479,2020-07-24,smb,DE,bank_transfer
CUST-002480,2022-03-08,retail,US,digital_wallet
CUST-002481,2023-03-18,retail,GB,card
CUST-002482,2023-05-12,retail,IN,card
CUST-002483,2021-01-30,enterprise,US,digital_wallet
CUST-002484,2022-12-03,smb,IN,card
CUST-002485,2022-11-30,smb,GB,card
CUST-002486,2024-04-23,enterprise,CA,digital_wallet
CUST-002487,2022-12-01,smb,US,bank_transfer
CUST-002488,2022-07-14,retail,US,digital_wallet
CUST-002489,2023-12-14,smb,US,digital_wallet
CUST-002490,2020-06-02,smb,CA,card
CUST-002491,2024-04-23,smb,US,digital_wallet
CUST-002492,2021-02-19,retail,US,bank_transfer
CUST-002493,2021-05-08,retail,IN,card
CUST-002494,2019-04-13,smb,AU,digital_wallet
CUST-002495,2024-05-02,retail,GB,card
CUST-002496,2020-07-10,retail,US,card
CUST-002497,2022-09-02,retail,GB,card
CUST-002498,2019-01-25,retail,GB,digital_wallet
CUST-002499,2019-03-15,retail,CA,card
CUST-002500,2022-11-22,retail,IN,card
CUST-002501,2019-08-20,retail,DE,digital_wallet
CUST-002502,2019-11-24,retail,GB,card
CUST-002503,2020-06-07,retail,GB,card
CUST-002504,2020-05-05,enterprise,DE,card
CUST-002505,2021-08-16,enterprise,IN,card
CUST-002506,2022-01-27,retail,CA,card
CUST-002507,2024-01-20,smb,US,digital_wallet
CUST-002508,2021-01-29,smb,IN,card
CUST-002509,2019-01-10,smb,GB,card
CUST-002510,2023-09-22,retail,GB,digital_wallet
CUST-002511,2021-07-22,enterprise,AU,card
CUST-002512,2022-08-29,retail,US,card
CUST-002513,2019-10-16,retail,IN,card
CUST-002514,2021-08-19,retail,DE,digital_wallet
CUST-002515,2019-08-10,retail,IN,card
CUST-002516,2023-01-21,smb,GB,card
CUST-002517,2024-04-01,smb,US,card
CUST-002518,2024-05-14,smb,US,card
CUST-002519,2021-01-11,smb,GB,card
CUST-002520,2024-02-03,enterprise,US,bank_transfer
CUST-002521,2020-12-15,retail,IN,bank_transfer
CUST-002522,2021-11-05,retail,US,card
CUST-002523,2023-08-03,retail,US,digital_wallet
CUST-002524,2020-05-06,smb,US,card
CUST-002525,2020-11-13,retail,CA,digital_wallet
CUST-002526,2022-11-12,smb,IN,card
CUST-002527,2019-02-05,retail,DE,card
CUST-002528,2023-12-06,smb,IN,digital_wallet
CUST-002529,2023-04-11,smb,US,card
CUST-002530,2021-06-27,retail,IN,digital_wallet
CUST-002531,2024-04-26,retail,IN,card
CUST-002532,2022-06-27,smb,US,card
CUST-002533,2019-12-15,retail,DE,card
CUST-002534,2020-12-15,smb,CA,card
CUST-002535,2023-11-21,retail,IN,card
CUST-002536,2020-05-15,retail,DE,card
CUST-002537,2020-09-23,retail,GB,card
CUST-002538,2021-04-10,smb,GB,bank_transfer
CUST-002539,2021-04-17,enterprise,GB,card
CUST-002540,2023-05-22,smb,GB,card
CUST-002541,2021-11-20,retail,IN,card
CUST-002542,2022-10-16,smb,GB,card
CUST-002543,2019-10-05,retail,DE,card
CUST-002544,2022-01-29,smb,CA,card
CUST-002545,2023-05-18,retail,GB,card
CUST-002546,2019-06-14,smb,IN,card
CUST-002547,2022-05-02,smb,US,digital_wallet
CUST-002548,2019-09-10,retail,CA,card
CUST-002549,2019-12-17,retail,AU,card
CUST-002550,2021-04-15,smb,IN,card
CUST-002551,2020-02-05,retail,US,card
CUST-002552,2022-03-21,retail,US,digital_wallet
CUST-002553,2021-03-11,enterprise,AU,card
CUST-002554,2024-01-24,retail,US,card
CUST-002555,2022-09-04,retail,GB,card
CUST-002556,2020-07-02,retail,IN,card
CUST-002557,2022-07-14,retail,GB,card
CUST-002558,2023-10-29,smb,GB,card
CUST-002559,2023-12-16,smb,IN,card
CUST-002560,2021-05-31,enterprise,IN,digital_wallet
CUST-002561,2021-01-09,enterprise,US,card
CUST-002562,2020-07-28,retail,AU,card
CUST-002563,2024-02-01,retail,AU,card
CUST-002564,2021-05-13,retail,DE,card
CUST-002565,2020-12-04,retail,US,card
CUST-002566,2020-06-26,smb,IN,bank_transfer
CUST-002567,2024-01-29,retail,US,bank_transfer
CUST-002568,2021-08-01,smb,US,card
CUST-002569,2021-12-08,retail,US,card
CUST-002570,2023-06-23,smb,CA,card
CUST-002571,2022-12-01,retail,IN,card
CUST-002572,2021-02-28,retail,IN,digital_wallet
CUST-002573,2023-11-16,smb,IN,card
CUST-002574,2022-06-26,enterprise,GB,card
CUST-002575,2022-05-09,retail,US,bank_transfer
CUST-002576,2023-08-09,retail,IN,bank_transfer
CUST-002577,2020-07-28,smb,IN,card
CUST-002578,2019-04-28,retail,DE,card
CUST-002579,2020-05-01,retail,US,card
CUST-002580,2023-01-11,retail,DE,bank_transfer
CUST-002581,2022-06-13,retail,CA,card
CUST-002582,2020-10-18,retail,US,card
CUST-002583,2021-07-14,retail,US,card
CUST-002584,2020-04-13,smb,US,card
CUST-002585,2022-10-23,retail,IN,card
CUST-002586,2022-05-03,smb,IN,card
CUST-002587,2019-12-30,retail,IN,card
CUST-002588,2023-03-06,enterprise,DE,digital_wallet
CUST-002589,2023-06-04,retail,GB,bank_transfer
CUST-002590,2023-06-04,retail,GB,card
CUST-002591,2023-11-20,smb,US,card
CUST-002592,2022-01-01,smb,US,digital_wallet
CUST-002593,2019-09-06,smb,DE,card
CUST-002594,2024-04-05,smb,AU,bank_transfer
CUST-002595,2021-05-27,retail,US,card
CUST-002596,2024-02-14,retail,US,card
CUST-002597,2020-03-19,retail,GB,card
CUST-002598,2020-09-14,retail,CA,card
CUST-002599,2020-01-17,retail,GB,card
CUST-002600,2021-04-30,smb,IN,card
CUST-002601,2023-05-09,retail,US,card
CUST-002602,2021-09-05,smb,IN,card
CUST-002603,2022-09-28,retail,US,card
CUST-002604,2020-08-30,enterprise,US,digital_wallet
CUST-002605,2020-01-16,retail,US,card
CUST-002606,2022-03-03,retail,GB,card
CUST-002607,2022-10-30,smb,DE,card
CUST-002608,2024-05-03,retail,AU,digital_wallet
CUST-002609,2019-03-31,enterprise,US,bank_transfer
CUST-002610,2019-11-18,retail,US,card
CUST-002611,2022-08-28,retail,IN,card
CUST-002612,2023-09-02,retail,CA,card
CUST-002613,2022-01-23,smb,IN,digital_wallet
CUST-002614,2024-04-10,smb,US,card
CUST-002615,2019-12-11,retail,AU,card
CUST-002616,2020-03-22,retail,DE,card
CUST-002617,2022-04-04,smb,US,card
CUST-002618,2021-10-08,retail,IN,bank_transfer
CUST-002619,2023-07-02,smb,US,card
CUST-002620,2021-09-02,smb,DE,bank_transfer
CUST-002621,2024-06-04,smb,US,card
CUST-002622,2023-02-09,retail,DE,card
CUST-002623,2020-01-13,retail,CA,card
CUST-002624,2024-03-29,retail,IN,card
CUST-002625,2019-07-20,smb,IN,card
CUST-002626,2019-01-18,smb,IN,card
CUST-002627,2021-05-27,smb,US,digital_wallet
CUST-002628,2021-08-01,retail,IN,card
CUST-002629,2023-12-02,retail,AU,card
CUST-002630,2020-04-08,smb,AU,bank_transfer
CUST-002631,2020-07-07,retail,DE,digital_wallet
CUST-002632,2020-01-14,smb,GB,card
CUST-002633,2022-02-06,smb,US,bank_transfer
CUST-002634,2019-01-15,smb,US,card
CUST-002635,2020-07-15,retail,IN,card
CUST-002636,2020-01-30,retail,US,digital_wallet
CUST-002637,2021-11-07,enterprise,US,digital_wallet
CUST-002638,2023-03-15,retail,AU,card
CUST-002639,2024-04-02,enterprise,DE,digital_wallet
CUST-002640,2023-09-06,retail,IN,digital_wallet
CUST-002641,2020-09-17,retail,IN,digital_wallet
CUST-002642,2021-04-19,retail,IN,bank_transfer
CUST-002643,2024-04-07,enterprise,GB,card
CUST-002644,2020-08-12,retail,US,card
CUST-002645,2023-09-02,retail,CA,card
CUST-002646,2021-02-03,smb,CA,digital_wallet
CUST-002647,2019-07-16,smb,GB,card
CUST-002648,2020-07-15,retail,GB,card
CUST-002649,2021-05-30,retail,GB,card
CUST-002650,2019-02-15,smb,CA,card
CUST-002651,2024-05-01,smb,CA,card
CUST-002652,2021-10-31,retail,US,card
CUST-002653,2020-08-04,smb,AU,card
CUST-002654,2023-10-21,smb,IN,card
CUST-002655,2019-12-31,smb,GB,card
CUST-002656,2022-10-29,smb,GB,digital_wallet
CUST-002657,2021-11-19,enterprise,US,card
CUST-002658,2023-10-27,retail,US,card
CUST-002659,2021-06-18,retail,US,card
CUST-002660,2021-10-28,smb,US,digital_wallet
CUST-002661,2019-10-28,retail,US,card
CUST-002662,2023-05-19,retail,IN,bank_transfer
CUST-002663,2021-06-19,smb,US,bank_transfer
CUST-002664,2020-09-09,retail,US,card
CUST-002665,2021-06-29,retail,IN,card
CUST-002666,2023-05-24,retail,IN,card
CUST-002667,2020-11-15,retail,US,card
CUST-002668,2023-05-25,retail,US,card
CUST-002669,2021-05-12,retail,US,card
CUST-002670,2022-08-27,smb,US,card
CUST-002671,2023-06-19,retail,US,bank_transfer
CUST-002672,2024-05-17,smb,IN,card
CUST-002673,2022-07-16,smb,CA,digital_wallet
CUST-002674,2019-06-11,retail,IN,digital_wallet
CUST-002675,2022-11-12,smb,GB,card
CUST-002676,2020-10-13,retail,IN,card
CUST-002677,2021-05-20,enterprise,GB,digital_wallet
CUST-002678,2021-04-22,retail,IN,digital_wallet
CUST-002679,2019-09-30,retail,US,card
CUST-002680,2020-04-21,smb,US,card
CUST-002681,2022-06-30,retail,US,card
CUST-002682,2019-03-08,retail,US,digital_wallet
CUST-002683,2020-11-26,retail,GB,digital_wallet
CUST-002684,2024-03-19,smb,CA,card
CUST-002685,2019-06-18,retail,IN,bank_transfer
CUST-002686,2020-02-21,enterprise,US,bank_transfer
CUST-002687,2021-05-06,smb,GB,card
CUST-002688,2022-11-21,retail,DE,card
CUST-002689,2019-06-05,enterprise,AU,card
CUST-002690,2021-02-10,retail,IN,card
CUST-002691,2023-02-08,retail,US,card
CUST-002692,2023-11-30,retail,GB,digital_wallet
CUST-002693,2019-05-10,retail,US,digital_wallet
CUST-002694,2020-12-30,retail,IN,digital_wallet
CUST-002695,2022-12-29,retail,US,digital_wallet
CUST-002696,2021-07-24,retail,IN,card
CUST-002697,2023-02-28,enterprise,DE,card
CUST-002698,2021-05-03,retail,US,card
CUST-002699,2021-02-22,enterprise,US,card
CUST-002700,2022-07-27,retail,IN,card
CUST-002701,2019-11-08,smb,DE,card
CUST-002702,2023-05-15,retail,US,card
CUST-002703,2019-01-23,retail,US,bank_transfer
CUST-002704,2019-09-29,retail,GB,bank_transfer
CUST-002705,2020-07-01,retail,DE,bank_transfer
CUST-002706,2019-06-30,retail,US,bank_transfer
CUST-002707,2022-07-17,enterprise,US,digital_wallet
CUST-002708,2023-10-02,retail,GB,card
CUST-002709,2019-02-17,retail,US,card
CUST-002710,2020-11-05,smb,US,digital_wallet
CUST-002711,2022-06-10,smb,US,card
CUST-002712,2019-07-20,smb,CA,card
CUST-002713,2024-01-23,smb,IN,card
CUST-002714,2023-02-03,retail,US,bank_transfer
CUST-002715,2022-02-27,smb,AU,card
CUST-002716,2021-04-17,retail,DE,digital_wallet
CUST-002717,2023-04-04,retail,IN,card
CUST-002718,2022-09-20,retail,CA,card
CUST-002719,2019-11-12,retail,US,card
CUST-002720,2021-05-15,retail,GB,card
CUST-002721,2021-08-30,retail,US,card
CUST-002722,2024-03-06,retail,DE,card
CUST-002723,2022-11-01,smb,CA,card
CUST-002724,2021-10-06,retail,US,card
CUST-002725,2021-04-05,retail,DE,card
CUST-002726,2021-08-31,smb,US,digital_wallet
CUST-002727,2021-09-09,retail,DE,card
CUST-002728,2019-03-10,retail,IN,card
CUST-002729,2023-03-12,retail,IN,card
CUST-002730,2021-05-03,smb,US,card
CUST-002731,2023-03-12,smb,GB,bank_transfer
CUST-002732,2023-10-13,smb,DE,card
CUST-002733,2019-11-11,smb,US,card
CUST-002734,2022-09-06,retail,US,card
CUST-002735,2021-03-02,retail,US,digital_wallet
CUST-002736,2021-07-02,retail,IN,card
CUST-002737,2021-01-28,retail,DE,bank_transfer
CUST-002738,2019-07-25,retail,US,card
CUST-002739,2022-03-14,retail,GB,card
CUST-002740,2020-09-12,smb,US,digital_wallet
CUST-002741,2023-10-27,retail,DE,digital_wallet
CUST-002742,2022-11-22,retail,CA,card
CUST-002743,2020-05-31,retail,CA,digital_wallet
CUST-002744,2022-11-22,retail,US,card
CUST-002745,2022-07-22,retail,US,card
CUST-002746,2023-10-29,retail,US,card
CUST-002747,2020-12-05,retail,DE,digital_wallet
CUST-002748,2024-01-13,enterprise,IN,card
CUST-002749,2022-09-03,smb,DE,card
CUST-002750,2021-06-29,smb,US,bank_transfer
CUST-002751,2024-06-18,retail,DE,bank_transfer
CUST-002752,2019-03-17,retail,US,card
CUST-002753,2023-09-30,retail,US,bank_transfer
CUST-002754,2022-01-17,retail,DE,digital_wallet
CUST-002755,2023-06-23,retail,IN,card
CUST-002756,2020-12-23,enterprise,IN,card
CUST-002757,2019-04-04,retail,GB,card
CUST-002758,2023-08-07,retail,US,card
CUST-002759,2020-04-09,retail,CA,digital_wallet
CUST-002760,2023-12-17,retail,IN,card
CUST-002761,2023-01-16,retail,US,card
CUST-002762,2024-06-18,smb,US,digital_wallet
CUST-002763,2023-05-14,smb,US,card
CUST-002764,2022-10-08,retail,US,digital_wallet
CUST-002765,2019-06-19,enterprise,DE,digital_wallet
CUST-002766,2023-04-03,retail,AU,card
CUST-002767,2020-10-11,retail,CA,card
CUST-002768,2020-12-02,retail,US,card
CUST-002769,2022-08-20,smb,US,card
CUST-002770,2021-10-14,enterprise,US,bank_transfer
CUST-002771,2024-01-16,retail,US,card
CUST-002772,2021-03-19,enterprise,GB,card
CUST-002773,2024-06-12,retail,IN,card
CUST-002774,2019-05-15,smb,US,card
CUST-002775,2022-09-07,retail,GB,digital_wallet
CUST-002776,2022-09-02,retail,GB,card
CUST-002777,2024-01-30,smb,US,bank_transfer
CUST-002778,2023-01-13,smb,GB,card
CUST-002779,2021-07-11,smb,US,card
CUST-002780,2022-04-01,retail,AU,card
CUST-002781,2024-01-20,retail,US,digital_wallet
CUST-002782,2022-02-01,smb,GB,digital_wallet
CUST-002783,2021-01-23,retail,IN,digital_wallet
CUST-002784,2020-05-05,smb,US,card
CUST-002785,2019-11-30,smb,US,digital_wallet
CUST-002786,2021-01-22,retail,DE,bank_transfer
CUST-002787,2021-10-06,retail,GB,card
CUST-002788,2019-05-31,retail,CA,bank_transfer
CUST-002789,2022-07-23,smb,DE,card
CUST-002790,2021-04-06,retail,CA,card
CUST-002791,2023-09-23,smb,DE,bank_transfer
CUST-002792,2023-04-07,retail,US,card
CUST-002793,2023-03-27,enterprise,CA,card
CUST-002794,2022-12-06,smb,GB,digital_wallet
CUST-002795,2023-09-27,retail,GB,card
CUST-002796,2020-09-04,smb,GB,card
CUST-002797,2021-07-09,retail,IN,card
CUST-002798,2022-10-31,retail,US,card
CUST-002799,2020-06-12,enterprise,US,digital_wallet
CUST-002800,2020-01-08,enterprise,AU,bank_transfer
CUST-002801,2019-03-11,smb,CA,digital_wallet
CUST-002802,2022-03-12,retail,IN,card
CUST-002803,2021-06-28,retail,IN,card
CUST-002804,2019-12-20,retail,IN,card
CUST-002805,2022-11-02,enterprise,US,digital_wallet
CUST-002806,2019-02-26,smb,AU,card
CUST-002807,2020-11-29,retail,CA,card
CUST-002808,2023-09-06,retail,IN,digital_wallet
CUST-002809,2023-05-17,enterprise,US,card
CUST-002810,2024-01-27,retail,IN,card
CUST-002811,2023-10-27,enterprise,GB,card
CUST-002812,2022-04-23,enterprise,US,card
CUST-002813,2024-01-25,retail,GB,card
CUST-002814,2022-03-04,retail,GB,digital_wallet
CUST-002815,2023-07-08,retail,US,card
CUST-002816,2019-08-24,retail,US,digital_wallet
CUST-002817,2020-10-01,retail,US,digital_wallet
CUST-002818,2021-03-26,retail,GB,card
CUST-002819,2023-11-26,retail,IN,card
CUST-002820,2019-12-16,smb,US,bank_transfer
CUST-002821,2024-04-06,smb,US,card
CUST-002822,2019-01-22,retail,IN,digital_wallet
CUST-002823,2020-12-01,retail,US,card
CUST-002824,2023-10-01,enterprise,IN,card
CUST-002825,2022-01-30,smb,US,card
CUST-002826,2019-11-27,retail,US,card
CUST-002827,2022-05-16,retail,US,digital_wallet
CUST-002828,2023-08-21,retail,GB,card
CUST-002829,2020-09-07,smb,AU,digital_wallet
CUST-002830,2023-12-12,smb,US,card
CUST-002831,2021-10-11,retail,AU,card
CUST-002832,2024-01-06,retail,IN,card
CUST-002833,2020-08-30,retail,GB,digital_wallet
CUST-002834,2019-05-15,retail,US,card
CUST-002835,2022-11-22,smb,US,card
CUST-002836,2023-04-07,retail,AU,digital_wallet
CUST-002837,2023-03-21,retail,IN,card
CUST-002838,2023-06-02,retail,US,card
CUST-002839,2021-12-16,enterprise,US,digital_wallet
CUST-002840,2022-08-18,smb,DE,bank_transfer
CUST-002841,2020-05-25,smb,US,card
CUST-002842,2021-04-04,retail,US,card
CUST-002843,2020-09-30,retail,GB,card
CUST-002844,2021-10-06,retail,IN,bank_transfer
CUST-002845,2020-04-05,smb,US,card
CUST-002846,2022-10-07,retail,US,digital_wallet
CUST-002847,2020-05-23,smb,IN,card
CUST-002848,2024-01-14,smb,US,card
CUST-002849,2024-03-26,retail,DE,card
CUST-002850,2019-04-09,retail,IN,card
CUST-002851,2022-07-22,enterprise,US,card
CUST-002852,2019-11-17,retail,US,card
CUST-002853,2020-05-25,smb,IN,digital_wallet
CUST-002854,2024-05-22,retail,IN,card
CUST-002855,2021-01-03,retail,US,digital_wallet
CUST-002856,2020-07-22,retail,US,digital_wallet
CUST-002857,2022-01-03,smb,CA,bank_transfer
CUST-002858,2019-05-30,retail,US,card
CUST-002859,2022-05-04,retail,CA,card
CUST-002860,2019-08-12,retail,CA,digital_wallet
CUST-002861,2023-08-30,retail,GB,card
CUST-002862,2021-12-07,retail,AU,card
CUST-002863,2024-03-21,retail,AU,card
CUST-002864,2019-11-25,retail,US,card
CUST-002865,2022-02-08,retail,IN,digital_wallet
CUST-002866,2021-08-12,retail,IN,bank_transfer
CUST-002867,2023-12-17,retail,DE,card
CUST-002868,2019-06-12,retail,GB,card
CUST-002869,2023-11-14,retail,IN,digital_wallet
CUST-002870,2021-01-18,smb,US,card
CUST-002871,2023-01-14,retail,US,digital_wallet
CUST-002872,2021-09-03,retail,US,bank_transfer
CUST-002873,2023-09-16,retail,US,card
CUST-002874,2022-09-09,retail,US,card
CUST-002875,2023-09-30,retail,DE,card
CUST-002876,2023-06-23,smb,US,card
CUST-002877,2024-04-02,retail,US,bank_transfer
CUST-002878,2020-10-05,enterprise,GB,card
CUST-002879,2021-02-12,retail,US,card
CUST-002880,2019-03-21,retail,IN,card
CUST-002881,2020-06-21,retail,GB,card
CUST-002882,2021-06-02,retail,GB,card
CUST-002883,2021-09-22,smb,US,card
CUST-002884,2023-08-26,retail,IN,digital_wallet
CUST-002885,2022-01-19,smb,US,card
CUST-002886,2019-05-31,smb,CA,digital_wallet
CUST-002887,2024-02-28,retail,US,digital_wallet
CUST-002888,2023-05-22,smb,CA,card
CUST-002889,2023-02-11,retail,CA,digital_wallet
CUST-002890,2022-10-02,smb,US,digital_wallet
CUST-002891,2019-08-16,enterprise,AU,card
CUST-002892,2019-08-26,retail,DE,card
CUST-002893,2023-06-11,retail,AU,card
CUST-002894,2020-02-10,retail,IN,card
CUST-002895,2022-05-13,retail,US,bank_transfer
CUST-002896,2022-07-08,retail,CA,card
CUST-002897,2020-08-14,retail,IN,card
CUST-002898,2024-03-10,enterprise,US,bank_transfer
CUST-002899,2021-04-13,smb,US,card
CUST-002900,2020-09-07,smb,US,card
CUST-002901,2019-01-25,smb,US,digital_wallet
CUST-002902,2024-05-11,smb,US,card
CUST-002903,2019-03-17,retail,US,digital_wallet
CUST-002904,2019-03-16,retail,US,digital_wallet
CUST-002905,2020-04-10,retail,IN,card
CUST-002906,2019-08-12,retail,IN,digital_wallet
CUST-002907,2020-09-29,smb,IN,card
CUST-002908,2024-05-14,smb,GB,digital_wallet
CUST-002909,2020-07-13,retail,IN,card
CUST-002910,2021-02-09,smb,AU,card
CUST-002911,2019-07-09,retail,US,digital_wallet
CUST-002912,2019-03-10,retail,US,card
CUST-002913,2023-12-09,smb,US,card
CUST-002914,2023-03-17,retail,US,card
CUST-002915,2024-06-24,smb,US,card
CUST-002916,2022-11-25,smb,US,card
CUST-002917,2019-04-23,retail,DE,card
CUST-002918,2019-08-16,smb,IN,card
CUST-002919,2023-04-29,smb,DE,card
CUST-002920,2021-12-23,smb,IN,card
CUST-002921,2021-09-06,retail,IN,card
CUST-002922,2024-06-28,retail,DE,card
CUST-002923,2019-05-28,smb,GB,card
CUST-002924,2023-08-11,retail,GB,card
CUST-002925,2021-05-17,retail,US,card
CUST-002926,2019-10-29,retail,DE,card
CUST-002927,2021-12-28,retail,CA,digital_wallet
CUST-002928,2023-10-28,retail,US,card
CUST-002929,2024-05-23,retail,CA,card
CUST-002930,2019-08-26,retail,IN,card
CUST-002931,2021-10-20,retail,IN,card
CUST-002932,2021-03-06,smb,US,card
CUST-002933,2019-11-08,retail,IN,digital_wallet
CUST-002934,2021-03-23,retail,US,card
CUST-002935,2020-12-06,smb,DE,digital_wallet
CUST-002936,2021-09-28,smb,US,card
CUST-002937,2019-06-24,retail,GB,card
CUST-002938,2019-08-02,retail,US,card
CUST-002939,2021-01-10,retail,US,bank_transfer
CUST-002940,2022-02-18,retail,GB,digital_wallet
CUST-002941,2019-12-18,smb,US,card
CUST-002942,2020-08-27,retail,GB,digital_wallet
CUST-002943,2023-12-24,retail,US,card
CUST-002944,2019-02-07,enterprise,CA,card
CUST-002945,2021-05-29,smb,US,card
CUST-002946,2019-11-11,smb,GB,card
CUST-002947,2020-02-09,enterprise,US,card
CUST-002948,2023-11-06,smb,CA,bank_transfer
CUST-002949,2022-02-17,retail,IN,card
CUST-002950,2020-08-11,retail,IN,card
CUST-002951,2024-04-20,retail,IN,card
CUST-002952,2022-09-01,smb,IN,card
CUST-002953,2021-02-01,retail,US,card
CUST-002954,2021-06-30,smb,US,digital_wallet
CUST-002955,2023-11-18,smb,DE,card
CUST-002956,2021-11-03,smb,IN,card
CUST-002957,2019-02-08,enterprise,US,digital_wallet
CUST-002958,2022-04-29,retail,IN,card
CUST-002959,2020-01-06,retail,IN,card
CUST-002960,2019-08-08,smb,IN,digital_wallet
CUST-002961,2024-06-12,retail,CA,card
CUST-002962,2024-01-02,smb,AU,card
CUST-002963,2024-05-28,retail,US,card
CUST-002964,2020-02-05,retail,GB,bank_transfer
CUST-002965,2020-04-10,retail,AU,card
CUST-002966,2022-05-22,smb,GB,digital_wallet
CUST-002967,2023-05-23,smb,US,card
CUST-002968,2021-11-17,retail,DE,digital_wallet
CUST-002969,2020-06-12,smb,AU,card
CUST-002970,2021-08-21,retail,DE,card
CUST-002971,2020-07-20,retail,IN,card
CUST-002972,2019-12-15,smb,US,card
CUST-002973,2022-03-09,retail,US,digital_wallet
CUST-002974,2022-07-07,smb,CA,bank_transfer
CUST-002975,2021-10-14,retail,IN,digital_wallet
CUST-002976,2022-10-18,retail,IN,bank_transfer
CUST-002977,2021-08-11,enterprise,US,digital_wallet
CUST-002978,2022-04-10,retail,US,bank_transfer
CUST-002979,2022-05-22,retail,AU,card
CUST-002980,2024-03-19,smb,IN,card
CUST-002981,2020-08-06,smb,US,card
CUST-002982,2020-08-21,retail,DE,digital_wallet
CUST-002983,2019-03-27,enterprise,US,card
CUST-002984,2021-03-13,retail,US,card
CUST-002985,2023-02-08,smb,US,card
CUST-002986,2024-01-31,enterprise,DE,bank_transfer
CUST-002987,2020-05-23,smb,CA,card
CUST-002988,2019-01-14,retail,GB,card
CUST-002989,2021-04-19,smb,US,bank_transfer
CUST-002990,2023-02-28,smb,GB,card
CUST-002991,2022-11-05,retail,US,card
CUST-002992,2021-06-03,smb,CA,card
CUST-002993,2021-06-12,retail,CA,digital_wallet
CUST-002994,2022-11-06,smb,DE,card
CUST-002995,2024-02-27,retail,CA,digital_wallet
CUST-002996,2020-01-08,retail,US,card
CUST-002997,2023-12-30,retail,US,card
CUST-002998,2024-05-20,retail,AU,card
CUST-002999,2021-10-27,retail,US,digital_wallet
CUST-003000,2022-08-17,retail,IN,card
CUST-003001,2021-08-11,smb,GB,card
CUST-003002,2021-07-27,smb,US,card
CUST-003003,2022-01-22,retail,US,card
CUST-003004,2021-02-12,retail,GB,card
CUST-003005,2022-01-16,retail,IN,card
CUST-003006,2019-05-12,retail,DE,card
CUST-003007,2021-01-09,retail,US,bank_transfer
CUST-003008,2022-06-17,retail,US,card
CUST-003009,2022-08-21,retail,CA,card
CUST-003010,2021-07-16,smb,DE,card
CUST-003011,2022-03-14,enterprise,US,card
CUST-003012,2021-02-01,retail,US,card
CUST-003013,2019-12-26,retail,US,bank_transfer
CUST-003014,2022-11-19,smb,CA,card
CUST-003015,2023-03-13,retail,IN,card
CUST-003016,2022-08-21,retail,US,card
CUST-003017,2023-05-31,smb,US,digital_wallet
CUST-003018,2023-06-19,smb,IN,digital_wallet
CUST-003019,2023-04-21,enterprise,IN,card
CUST-003020,2023-06-27,retail,US,bank_transfer
CUST-003021,2020-03-09,enterprise,IN,card
CUST-003022,2019-02-24,retail,DE,card
CUST-003023,2022-04-25,retail,CA,card
CUST-003024,2022-06-02,retail,AU,card
CUST-003025,2023-08-04,smb,IN,card
CUST-003026,2022-06-15,enterprise,GB,digital_wallet
CUST-003027,2021-11-24,smb,CA,digital_wallet
CUST-003028,2022-10-30,retail,IN,card
CUST-003029,2024-02-25,retail,GB,digital_wallet
CUST-003030,2019-04-08,smb,US,card
CUST-003031,2022-01-14,retail,CA,card
CUST-003032,2020-04-27,retail,US,card
CUST-003033,2023-12-29,enterprise,IN,digital_wallet
CUST-003034,2024-01-09,retail,DE,card
CUST-003035,2020-05-11,retail,IN,card
CUST-003036,2019-10-06,smb,IN,card
CUST-003037,2023-11-10,retail,US,card
CUST-003038,2020-03-12,smb,AU,card
CUST-003039,2022-07-25,smb,US,card
CUST-003040,2022-12-01,retail,GB,card
CUST-003041,2020-12-11,smb,GB,card
CUST-003042,2019-12-27,retail,US,card
CUST-003043,2020-10-09,smb,DE,card
CUST-003044,2019-11-17,enterprise,IN,digital_wallet
CUST-003045,2024-01-27,retail,IN,digital_wallet
CUST-003046,2021-02-20,retail,AU,card
CUST-003047,2022-01-14,smb,IN,card
CUST-003048,2019-01-13,retail,CA,card
CUST-003049,2023-08-15,retail,DE,card
CUST-003050,2020-12-01,smb,US,digital_wallet
CUST-003051,2019-03-16,retail,US,card
CUST-003052,2023-08-17,retail,DE,digital_wallet
CUST-003053,2019-11-09,retail,US,digital_wallet
CUST-003054,2021-07-10,smb,AU,card
CUST-003055,2019-05-22,retail,DE,card
CUST-003056,2023-05-31,enterprise,US,card
CUST-003057,2020-01-01,smb,US,bank_transfer
CUST-003058,2019-03-01,retail,IN,digital_wallet
CUST-003059,2023-09-21,retail,US,card
CUST-003060,2019-09-21,enterprise,US,digital_wallet
CUST-003061,2021-10-18,retail,IN,card
CUST-003062,2022-01-27,smb,US,card
CUST-003063,2023-07-14,retail,GB,card
CUST-003064,2022-05-30,retail,DE,card
CUST-003065,2024-06-22,retail,CA,card
CUST-003066,2021-06-26,retail,GB,digital_wallet
CUST-003067,2019-11-25,smb,US,digital_wallet
CUST-003068,2021-10-22,retail,IN,card
CUST-003069,2019-11-02,retail,US,digital_wallet
CUST-003070,2020-02-19,retail,IN,card
CUST-003071,2019-12-19,smb,US,card
CUST-003072,2023-06-15,smb,DE,card
CUST-003073,2022-09-13,retail,GB,card
CUST-003074,2020-06-01,retail,IN,bank_transfer
CUST-003075,2019-06-28,enterprise,IN,card
CUST-003076,2021-01-21,retail,US,card
CUST-003077,2019-06-28,retail,US,digital_wallet
CUST-003078,2019-06-21,enterprise,US,card
CUST-003079,2022-02-12,retail,GB,card
CUST-003080,2022-03-18,retail,DE,card
CUST-003081,2023-01-29,smb,US,card
CUST-003082,2020-09-07,enterprise,IN,bank_transfer
CUST-003083,2024-01-22,retail,DE,digital_wallet
CUST-003084,2019-11-22,retail,CA,card
CUST-003085,2020-06-08,smb,GB,card
CUST-003086,2019-11-08,retail,IN,digital_wallet
CUST-003087,2021-10-28,smb,US,digital_wallet
CUST-003088,2019-03-05,enterprise,IN,card
CUST-003089,2020-07-29,retail,DE,digital_wallet
CUST-003090,2020-05-22,retail,GB,card
CUST-003091,2020-07-15,smb,DE,card
CUST-003092,2023-12-27,retail,GB,card
CUST-003093,2020-05-13,retail,DE,card
CUST-003094,2023-09-14,smb,IN,card
CUST-003095,2024-05-09,retail,US,card
CUST-003096,2022-02-22,enterprise,GB,card
CUST-003097,2019-02-04,retail,IN,card
CUST-003098,2022-12-28,retail,US,card
CUST-003099,2019-12-12,retail,GB,card
CUST-003100,2020-07-05,retail,US,card
CUST-003101,2019-05-29,retail,US,card
CUST-003102,2023-03-13,retail,US,card
CUST-003103,2021-10-22,enterprise,US,digital_wallet
CUST-003104,2023-06-25,smb,DE,card
CUST-003105,2023-10-10,retail,DE,card
CUST-003106,2021-02-09,smb,GB,card
CUST-003107,2019-04-24,enterprise,US,bank_transfer
CUST-003108,2022-10-30,enterprise,US,card
CUST-003109,2023-05-04,enterprise,US,digital_wallet
CUST-003110,2021-08-07,retail,IN,card
CUST-003111,2019-09-12,retail,US,digital_wallet
CUST-003112,2023-09-07,retail,IN,bank_transfer
CUST-003113,2019-12-12,retail,AU,card
CUST-003114,2022-08-20,enterprise,US,card
CUST-003115,2020-10-03,smb,IN,bank_transfer
CUST-003116,2024-05-10,smb,US,card
CUST-003117,2020-08-04,smb,US,card
CUST-003118,2024-03-01,smb,US,bank_transfer
CUST-003119,2024-01-01,retail,DE,card
CUST-003120,2022-03-21,enterprise,US,card
CUST-003121,2022-12-27,retail,IN,card
CUST-003122,2024-05-20,retail,US,digital_wallet
CUST-003123,2021-05-03,retail,US,card
CUST-003124,2021-10-30,retail,IN,card
CUST-003125,2023-10-24,smb,US,bank_transfer
CUST-003126,2022-02-21,retail,US,card
CUST-003127,2023-04-28,retail,US,digital_wallet
CUST-003128,2022-09-25,retail,IN,card
CUST-003129,2022-03-15,smb,US,card
CUST-003130,2023-01-08,retail,US,bank_transfer
CUST-003131,2021-07-04,retail,US,card
CUST-003132,2023-04-14,retail,IN,card
CUST-003133,2022-05-01,retail,IN,card
CUST-003134,2021-08-30,smb,IN,card
CUST-003135,2020-07-19,retail,DE,card
CUST-003136,2020-02-01,retail,IN,digital_wallet
CUST-003137,2019-04-30,retail,IN,card
CUST-003138,2020-04-01,retail,DE,bank_transfer
CUST-003139,2020-11-17,retail,GB,card
CUST-003140,2022-12-21,retail,GB,card
CUST-003141,2020-03-05,retail,CA,card
CUST-003142,2019-09-23,retail,CA,bank_transfer
CUST-003143,2021-10-15,smb,US,digital_wallet
CUST-003144,2023-02-10,smb,CA,card
CUST-003145,2020-02-23,smb,US,card
CUST-003146,2023-07-19,retail,GB,card
CUST-003147,2022-04-28,retail,IN,card
CUST-003148,2024-06-24,smb,US,card
CUST-003149,2021-09-29,smb,GB,card
CUST-003150,2022-07-12,smb,US,digital_wallet
CUST-003151,2024-05-23,retail,AU,card
CUST-003152,2024-02-15,enterprise,IN,digital_wallet
CUST-003153,2021-11-10,retail,DE,bank_transfer
CUST-003154,2019-09-19,retail,US,card
CUST-003155,2022-08-16,retail,AU,card
CUST-003156,2020-05-20,retail,DE,bank_transfer
CUST-003157,2023-10-21,retail,US,card
CUST-003158,2022-03-19,smb,GB,card
CUST-003159,2020-12-13,retail,IN,card
CUST-003160,2019-11-03,smb,US,bank_transfer
CUST-003161,2020-12-19,smb,IN,card
CUST-003162,2020-03-13,retail,US,bank_transfer
CUST-003163,2021-11-29,retail,IN,bank_transfer
CUST-003164,2024-03-07,smb,IN,card
CUST-003165,2022-07-14,enterprise,US,digital_wallet
CUST-003166,2019-07-18,enterprise,US,digital_wallet
CUST-003167,2020-12-17,smb,IN,bank_transfer
CUST-003168,2020-04-23,retail,IN,digital_wallet
CUST-003169,2022-03-18,retail,US,card
CUST-003170,2023-02-24,retail,US,card
CUST-003171,2020-12-27,retail,IN,card
CUST-003172,2022-03-14,smb,IN,card
CUST-003173,2023-05-06,smb,US,card
CUST-003174,2021-03-07,retail,US,card
CUST-003175,2024-01-27,retail,IN,card
CUST-003176,2022-09-07,smb,US,card
CUST-003177,2020-10-03,enterprise,DE,card
CUST-003178,2019-09-09,retail,DE,card
CUST-003179,2019-07-25,smb,GB,card
CUST-003180,2019-08-05,enterprise,CA,card
CUST-003181,2024-02-10,retail,US,bank_transfer
CUST-003182,2020-01-24,enterprise,DE,bank_transfer
CUST-003183,2023-07-19,retail,IN,card
CUST-003184,2019-01-16,retail,DE,card
CUST-003185,2023-10-07,retail,IN,digital_wallet
CUST-003186,2022-04-25,retail,IN,card
CUST-003187,2024-04-13,smb,IN,card
CUST-003188,2022-01-12,retail,US,card
CUST-003189,2020-04-15,enterprise,AU,card
CUST-003190,2019-04-09,smb,US,card
CUST-003191,2023-11-27,smb,IN,digital_wallet
CUST-003192,2019-10-05,retail,IN,card
CUST-003193,2023-09-30,smb,IN,digital_wallet
CUST-003194,2024-06-03,retail,US,card
CUST-003195,2023-05-09,retail,IN,card
CUST-003196,2022-01-13,smb,IN,card
CUST-003197,2022-03-05,smb,US,card
CUST-003198,2019-03-13,retail,US,digital_wallet
CUST-003199,2022-01-23,enterprise,US,bank_transfer
CUST-003200,2022-06-21,smb,US,card
CUST-003201,2021-12-28,retail,GB,card
CUST-003202,2023-10-21,enterprise,GB,card
CUST-003203,2021-11-28,retail,CA,card
CUST-003204,2019-06-23,retail,US,card
CUST-003205,2021-03-30,smb,DE,card
CUST-003206,2019-11-19,smb,IN,digital_wallet
CUST-003207,2019-09-28,retail,IN,card
CUST-003208,2021-03-10,smb,US,card
CUST-003209,2023-10-06,retail,IN,card
CUST-003210,2023-01-12,retail,US,digital_wallet
CUST-003211,2020-05-11,retail,IN,bank_transfer
CUST-003212,2023-01-25,retail,IN,digital_wallet
CUST-003213,2023-06-06,retail,US,bank_transfer
CUST-003214,2022-04-26,smb,US,digital_wallet
CUST-003215,2020-04-12,retail,GB,digital_wallet
CUST-003216,2020-09-28,retail,GB,digital_wallet
CUST-003217,2021-01-10,retail,GB,card
CUST-003218,2021-10-25,retail,GB,card
CUST-003219,2020-01-16,retail,US,card
CUST-003220,2019-02-21,retail,AU,card
CUST-003221,2019-01-15,enterprise,GB,card
CUST-003222,2021-10-11,retail,IN,digital_wallet
CUST-003223,2019-05-28,smb,IN,bank_transfer
CUST-003224,2019-10-07,retail,US,bank_transfer
CUST-003225,2020-06-23,retail,DE,card
CUST-003226,2023-11-12,retail,CA,card
CUST-003227,2023-10-08,retail,IN,bank_transfer
CUST-003228,2021-07-12,retail,GB,card
CUST-003229,2022-05-13,retail,IN,card
CUST-003230,2021-11-03,retail,CA,card
CUST-003231,2022-05-28,retail,GB,digital_wallet
CUST-003232,2024-02-27,retail,US,card
CUST-003233,2019-01-29,retail,US,card
CUST-003234,2021-07-30,retail,CA,card
CUST-003235,2020-12-24,retail,US,digital_wallet
CUST-003236,2023-06-01,smb,GB,card
CUST-003237,2019-12-04,retail,IN,digital_wallet
CUST-003238,2019-01-23,enterprise,IN,card
CUST-003239,2021-03-24,retail,US,card
CUST-003240,2020-07-21,retail,AU,card
CUST-003241,2019-11-12,enterprise,US,card
CUST-003242,2019-02-08,retail,IN,digital_wallet
CUST-003243,2023-01-28,retail,US,card
CUST-003244,2019-12-08,retail,US,card
CUST-003245,2021-03-17,retail,GB,card
CUST-003246,2023-06-03,retail,US,digital_wallet
CUST-003247,2023-05-06,smb,DE,digital_wallet
CUST-003248,2020-01-29,retail,DE,bank_transfer
CUST-003249,2020-11-15,retail,AU,card
CUST-003250,2019-06-02,retail,DE,card
CUST-003251,2023-05-11,smb,IN,digital_wallet
CUST-003252,2024-01-29,retail,GB,digital_wallet
CUST-003253,2021-07-14,retail,US,bank_transfer
CUST-003254,2020-04-03,smb,US,card
CUST-003255,2022-06-24,enterprise,US,digital_wallet
CUST-003256,2023-11-30,retail,US,card
CUST-003257,2023-02-04,smb,GB,digital_wallet
CUST-003258,2022-08-05,smb,GB,card
CUST-003259,2021-10-22,retail,AU,digital_wallet
CUST-003260,2020-07-14,retail,GB,card
CUST-003261,2023-04-17,smb,DE,digital_wallet
CUST-003262,2022-06-21,retail,DE,card
CUST-003263,2020-07-17,smb,CA,digital_wallet
CUST-003264,2021-06-25,retail,DE,card
CUST-003265,2020-04-09,smb,US,digital_wallet
CUST-003266,2023-05-02,enterprise,GB,card
CUST-003267,2020-05-22,retail,US,digital_wallet
CUST-003268,2021-07-28,retail,AU,digital_wallet
CUST-003269,2022-12-17,retail,US,card
CUST-003270,2020-02-26,retail,US,card
CUST-003271,2019-03-18,retail,CA,digital_wallet
CUST-003272,2020-11-18,retail,IN,bank_transfer
CUST-003273,2019-04-02,retail,GB,bank_transfer
CUST-003274,2021-08-03,retail,DE,card
CUST-003275,2020-03-16,smb,GB,bank_transfer
CUST-003276,2022-11-06,retail,US,digital_wallet
CUST-003277,2019-05-04,retail,DE,digital_wallet
CUST-003278,2023-01-12,retail,US,card
CUST-003279,2021-12-02,enterprise,AU,card
CUST-003280,2021-07-02,retail,CA,card
CUST-003281,2021-04-08,smb,US,digital_wallet
CUST-003282,2020-09-09,retail,IN,card
CUST-003283,2020-11-03,smb,IN,card
CUST-003284,2019-01-21,retail,CA,card
CUST-003285,2020-05-18,smb,US,card
CUST-003286,2020-07-01,smb,DE,bank_transfer
CUST-003287,2019-01-11,smb,IN,card
CUST-003288,2024-02-11,smb,CA,card
CUST-003289,2023-08-12,smb,CA,card
CUST-003290,2023-07-04,retail,IN,digital_wallet
CUST-003291,2023-11-10,enterprise,DE,card
CUST-003292,2022-12-04,retail,AU,digital_wallet
CUST-003293,2023-05-21,smb,DE,digital_wallet
CUST-003294,2021-07-04,smb,DE,card
CUST-003295,2021-12-13,smb,US,card
CUST-003296,2021-06-13,enterprise,CA,card
CUST-003297,2021-12-17,smb,IN,card
CUST-003298,2023-08-29,smb,IN,card
CUST-003299,2023-04-10,retail,DE,card
CUST-003300,2022-09-02,retail,GB,card
CUST-003301,2021-01-09,retail,US,bank_transfer
CUST-003302,2019-05-07,retail,IN,bank_transfer
CUST-003303,2021-10-14,enterprise,US,card
CUST-003304,2019-10-31,smb,IN,digital_wallet
CUST-003305,2021-01-15,retail,US,digital_wallet
CUST-003306,2024-01-03,retail,GB,card
CUST-003307,2021-01-15,retail,US,card
CUST-003308,2021-02-08,retail,IN,digital_wallet
CUST-003309,2019-05-09,enterprise,IN,digital_wallet
CUST-003310,2024-05-20,retail,DE,digital_wallet
CUST-003311,2023-06-30,retail,US,digital_wallet
CUST-003312,2021-09-17,smb,CA,card
CUST-003313,2023-04-04,smb,US,card
CUST-003314,2019-07-11,smb,DE,card
CUST-003315,2024-05-31,retail,US,bank_transfer
CUST-003316,2020-12-18,smb,US,card
CUST-003317,2021-01-26,smb,US,card
CUST-003318,2022-12-20,retail,DE,card
CUST-003319,2019-12-14,enterprise,AU,card
CUST-003320,2023-05-02,retail,GB,bank_transfer
CUST-003321,2021-04-08,retail,GB,card
CUST-003322,2020-02-02,smb,IN,digital_wallet
CUST-003323,2021-11-27,retail,IN,card
CUST-003324,2021-07-02,smb,US,digital_wallet
CUST-003325,2020-05-25,retail,US,digital_wallet
CUST-003326,2022-07-07,retail,IN,digital_wallet
CUST-003327,2023-07-13,retail,AU,card
CUST-003328,2024-06-19,smb,US,card
CUST-003329,2022-12-18,retail,US,digital_wallet
CUST-003330,2023-12-14,enterprise,AU,card
CUST-003331,2023-06-27,enterprise,US,digital_wallet
CUST-003332,2023-06-29,retail,US,bank_transfer
CUST-003333,2022-07-28,smb,IN,card
CUST-003334,2021-08-14,retail,GB,card
CUST-003335,2020-08-20,retail,AU,card
CUST-003336,2020-10-29,retail,DE,card
CUST-003337,2022-07-08,retail,US,digital_wallet
CUST-003338,2022-02-26,retail,CA,digital_wallet
CUST-003339,2019-09-21,retail,GB,card
CUST-003340,2019-06-16,retail,US,digital_wallet
CUST-003341,2022-06-24,retail,AU,digital_wallet
CUST-003342,2023-11-12,retail,GB,bank_transfer
CUST-003343,2023-03-19,retail,CA,card
CUST-003344,2021-07-04,retail,IN,card
CUST-003345,2021-04-27,retail,US,digital_wallet
CUST-003346,2021-11-10,retail,IN,card
CUST-003347,2024-01-01,retail,US,card
CUST-003348,2023-09-21,enterprise,CA,card
CUST-003349,2021-07-18,smb,DE,digital_wallet
CUST-003350,2022-11-26,enterprise,US,digital_wallet
CUST-003351,2023-11-19,retail,GB,card
CUST-003352,2019-03-07,retail,US,bank_transfer
CUST-003353,2023-10-20,smb,CA,card
CUST-003354,2020-01-25,retail,IN,bank_transfer
CUST-003355,2023-05-01,retail,US,card
CUST-003356,2021-07-12,enterprise,US,card
CUST-003357,2019-08-16,smb,US,bank_transfer
CUST-003358,2024-02-29,enterprise,IN,bank_transfer
CUST-003359,2021-07-18,retail,GB,card
CUST-003360,2019-05-22,enterprise,IN,bank_transfer
CUST-003361,2020-05-21,smb,US,card
CUST-003362,2023-07-31,retail,US,card
CUST-003363,2021-01-24,retail,IN,digital_wallet
CUST-003364,2022-08-20,retail,US,digital_wallet
CUST-003365,2022-07-17,smb,IN,digital_wallet
CUST-003366,2019-02-24,enterprise,CA,digital_wallet
CUST-003367,2022-08-31,retail,US,card
CUST-003368,2023-09-25,smb,IN,card
CUST-003369,2022-04-20,retail,IN,card
CUST-003370,2023-02-14,retail,GB,card
CUST-003371,2019-08-18,enterprise,IN,card
CUST-003372,2023-09-04,retail,IN,card
CUST-003373,2021-08-14,smb,CA,bank_transfer
CUST-003374,2019-08-20,retail,GB,card
CUST-003375,2022-06-11,enterprise,IN,digital_wallet
CUST-003376,2022-04-23,retail,US,card
CUST-003377,2020-06-04,retail,DE,card
CUST-003378,2020-01-23,retail,US,card
CUST-003379,2022-08-06,retail,US,digital_wallet
CUST-003380,2021-05-17,smb,US,card
CUST-003381,2020-01-17,retail,GB,digital_wallet
CUST-003382,2019-12-05,smb,US,card
CUST-003383,2022-11-05,smb,IN,card
CUST-003384,2023-09-27,retail,GB,card
CUST-003385,2020-05-22,retail,IN,card
CUST-003386,2019-11-20,retail,US,card
CUST-003387,2021-05-05,retail,DE,card
CUST-003388,2019-01-10,smb,GB,card
CUST-003389,2019-05-04,smb,US,card
CUST-003390,2020-07-24,smb,US,digital_wallet
CUST-003391,2022-06-13,retail,CA,card
CUST-003392,2020-10-19,retail,US,card
CUST-003393,2020-09-05,retail,US,card
CUST-003394,2019-01-07,enterprise,AU,digital_wallet
CUST-003395,2022-09-21,retail,US,card
CUST-003396,2021-02-23,enterprise,CA,digital_wallet
CUST-003397,2021-12-12,smb,US,card
CUST-003398,2022-07-19,smb,US,card
CUST-003399,2021-02-23,retail,CA,card
CUST-003400,2020-02-08,retail,US,digital_wallet
CUST-003401,2022-09-27,retail,GB,card
CUST-003402,2019-06-25,smb,CA,card
CUST-003403,2019-01-15,smb,US,card
CUST-003404,2020-08-05,smb,GB,card
CUST-003405,2023-12-28,retail,US,digital_wallet
CUST-003406,2022-07-02,retail,US,card
CUST-003407,2021-05-02,retail,US,card
CUST-003408,2019-07-14,retail,US,card
CUST-003409,2023-12-23,enterprise,US,card
CUST-003410,2019-12-23,enterprise,GB,card
CUST-003411,2020-06-02,retail,GB,card
CUST-003412,2024-02-25,smb,IN,card
CUST-003413,2021-05-23,smb,CA,card
CUST-003414,2019-06-03,retail,IN,card
CUST-003415,2023-07-26,smb,DE,digital_wallet
CUST-003416,2020-08-15,smb,GB,digital_wallet
CUST-003417,2021-06-08,smb,AU,bank_transfer
CUST-003418,2023-07-07,retail,IN,card
CUST-003419,2023-09-05,retail,IN,card
CUST-003420,2021-07-24,smb,US,card
CUST-003421,2022-03-30,retail,IN,bank_transfer
CUST-003422,2022-09-04,retail,GB,card
CUST-003423,2022-06-02,smb,CA,card
CUST-003424,2019-01-24,smb,CA,card
CUST-003425,2019-12-17,retail,US,card
CUST-003426,2022-06-08,retail,US,card
CUST-003427,2019-07-23,retail,GB,card
CUST-003428,2019-01-21,enterprise,US,card
CUST-003429,2022-12-08,retail,GB,digital_wallet
CUST-003430,2022-10-21,retail,DE,card
CUST-003431,2023-03-17,retail,CA,card
CUST-003432,2019-09-03,retail,US,bank_transfer
CUST-003433,2019-05-25,retail,DE,digital_wallet
CUST-003434,2020-11-15,smb,DE,card
CUST-003435,2019-02-08,retail,GB,card
CUST-003436,2021-07-05,retail,GB,digital_wallet
CUST-003437,2020-01-28,retail,US,card
CUST-003438,2019-02-12,retail,DE,bank_transfer
CUST-003439,2023-07-07,retail,IN,card
CUST-003440,2024-05-20,smb,DE,card
CUST-003441,2020-04-20,retail,US,digital_wallet
CUST-003442,2019-06-07,smb,IN,card
CUST-003443,2021-09-02,smb,CA,digital_wallet
CUST-003444,2022-01-04,retail,AU,card
CUST-003445,2019-03-21,retail,US,card
CUST-003446,2023-01-23,retail,US,card
CUST-003447,2023-01-30,smb,US,card
CUST-003448,2024-02-01,retail,IN,card
CUST-003449,2023-08-22,retail,US,card
CUST-003450,2020-04-11,retail,IN,digital_wallet
CUST-003451,2022-11-07,smb,US,card
CUST-003452,2023-10-06,retail,IN,digital_wallet
CUST-003453,2021-12-12,retail,IN,digital_wallet
CUST-003454,2022-10-22,smb,CA,card
CUST-003455,2019-12-22,retail,US,card
CUST-003456,2020-09-28,retail,GB,card
CUST-003457,2021-10-16,retail,US,card
CUST-003458,2019-04-07,smb,IN,card
CUST-003459,2023-05-02,retail,AU,digital_wallet
CUST-003460,2022-08-01,smb,US,digital_wallet
CUST-003461,2021-10-21,enterprise,DE,card
CUST-003462,2019-08-04,enterprise,IN,card
CUST-003463,2020-06-25,enterprise,IN,digital_wallet
CUST-003464,2023-07-31,retail,US,card
CUST-003465,2021-02-19,smb,GB,card
CUST-003466,2019-11-14,retail,US,card
CUST-003467,2021-09-28,retail,IN,card
CUST-003468,2022-10-14,retail,US,digital_wallet
CUST-003469,2023-07-30,retail,US,card
CUST-003470,2022-09-30,smb,DE,card
CUST-003471,2023-08-21,retail,US,digital_wallet
CUST-003472,2022-08-06,smb,US,card
CUST-003473,2023-06-25,retail,US,card
CUST-003474,2023-02-17,enterprise,US,card
CUST-003475,2021-11-07,retail,IN,digital_wallet
CUST-003476,2021-10-05,retail,US,digital_wallet
CUST-003477,2020-08-01,smb,US,card
CUST-003478,2019-09-15,enterprise,IN,card
CUST-003479,2022-02-25,retail,IN,card
CUST-003480,2023-10-27,retail,IN,card
CUST-003481,2022-06-12,smb,IN,card
CUST-003482,2019-10-06,retail,CA,digital_wallet
CUST-003483,2019-09-27,retail,DE,card
CUST-003484,2021-11-07,enterprise,US,card
CUST-003485,2019-07-05,smb,GB,digital_wallet
CUST-003486,2023-03-13,smb,IN,card
CUST-003487,2019-08-12,retail,CA,bank_transfer
CUST-003488,2023-10-07,retail,IN,digital_wallet
CUST-003489,2021-09-01,retail,GB,digital_wallet
CUST-003490,2022-02-05,retail,GB,digital_wallet
CUST-003491,2021-12-25,smb,US,card
CUST-003492,2024-03-23,retail,IN,card
CUST-003493,2020-04-14,smb,AU,card
CUST-003494,2019-06-13,smb,US,card
CUST-003495,2022-09-26,smb,AU,digital_wallet
CUST-003496,2021-07-17,retail,IN,card
CUST-003497,2023-08-27,enterprise,US,card
CUST-003498,2024-06-27,smb,IN,card
CUST-003499,2019-02-07,retail,US,card
CUST-003500,2019-09-06,retail,IN,digital_wallet
CUST-003501,2023-05-01,retail,US,card
CUST-003502,2024-04-21,retail,GB,card
CUST-003503,2022-01-07,retail,GB,card
CUST-003504,2021-05-16,retail,US,bank_transfer
CUST-003505,2020-09-13,retail,US,digital_wallet
CUST-003506,2021-05-29,enterprise,US,digital_wallet
CUST-003507,2022-08-26,retail,IN,card
CUST-003508,2023-11-17,retail,DE,card
CUST-003509,2020-06-09,enterprise,GB,digital_wallet
CUST-003510,2024-03-31,smb,IN,card
CUST-003511,2021-07-26,smb,AU,card
CUST-003512,2024-01-03,retail,GB,card
CUST-003513,2020-06-28,retail,IN,card
CUST-003514,2020-08-22,retail,DE,card
CUST-003515,2020-01-01,enterprise,CA,digital_wallet
CUST-003516,2022-09-30,enterprise,IN,card
CUST-003517,2021-09-17,enterprise,AU,card
CUST-003518,2022-03-25,retail,DE,card
CUST-003519,2022-04-03,retail,IN,card
CUST-003520,2019-03-05,retail,CA,card
CUST-003521,2022-04-19,retail,GB,digital_wallet
CUST-003522,2023-07-02,retail,AU,bank_transfer
CUST-003523,2023-08-31,retail,US,digital_wallet
CUST-003524,2022-09-14,retail,US,digital_wallet
CUST-003525,2024-01-24,retail,GB,bank_transfer
CUST-003526,2023-02-22,retail,AU,digital_wallet
CUST-003527,2020-09-21,retail,US,card
CUST-003528,2021-10-22,retail,GB,bank_transfer
CUST-003529,2022-03-26,smb,IN,card
CUST-003530,2020-03-09,smb,US,bank_transfer
CUST-003531,2019-05-26,retail,IN,card
CUST-003532,2021-05-05,retail,IN,card
CUST-003533,2021-03-31,retail,IN,bank_transfer
CUST-003534,2021-02-27,retail,US,digital_wallet
CUST-003535,2023-10-07,smb,DE,card
CUST-003536,2021-12-19,retail,DE,card
CUST-003537,2021-01-10,smb,GB,card
CUST-003538,2023-05-27,smb,US,card
CUST-003539,2020-05-18,retail,CA,card
CUST-003540,2024-01-11,retail,CA,digital_wallet
CUST-003541,2020-12-03,retail,US,card
CUST-003542,2021-04-23,smb,CA,card
CUST-003543,2023-12-07,retail,IN,card
CUST-003544,2020-02-21,smb,GB,digital_wallet
CUST-003545,2022-08-31,retail,US,digital_wallet
CUST-003546,2023-02-14,retail,US,card
CUST-003547,2024-03-31,retail,US,card
CUST-003548,2022-03-02,smb,DE,digital_wallet
CUST-003549,2022-06-24,retail,IN,bank_transfer
CUST-003550,2024-02-18,retail,IN,digital_wallet
CUST-003551,2023-07-29,enterprise,US,bank_transfer
CUST-003552,2020-04-27,smb,AU,card
CUST-003553,2022-10-11,retail,AU,card
CUST-003554,2023-09-13,retail,IN,digital_wallet
CUST-003555,2019-04-11,retail,US,digital_wallet
CUST-003556,2023-12-12,retail,IN,card
CUST-003557,2019-07-17,smb,US,bank_transfer
CUST-003558,2022-07-13,smb,GB,card
CUST-003559,2020-04-06,retail,US,digital_wallet
CUST-003560,2022-04-03,retail,IN,bank_transfer
CUST-003561,2019-05-22,retail,CA,card
CUST-003562,2023-02-26,retail,DE,digital_wallet
CUST-003563,2023-12-17,smb,US,card
CUST-003564,2022-11-28,smb,US,bank_transfer
CUST-003565,2022-12-17,retail,IN,bank_transfer
CUST-003566,2020-06-30,retail,US,card
CUST-003567,2022-11-14,smb,CA,card
CUST-003568,2019-11-18,retail,US,card
CUST-003569,2020-01-21,retail,US,card
CUST-003570,2023-10-29,retail,AU,digital_wallet
CUST-003571,2022-02-06,smb,AU,bank_transfer
CUST-003572,2020-08-10,smb,US,digital_wallet
CUST-003573,2019-05-14,retail,IN,bank_transfer
CUST-003574,2019-05-20,smb,GB,card
CUST-003575,2021-04-23,retail,IN,card
CUST-003576,2023-02-17,retail,US,card
CUST-003577,2020-06-27,retail,GB,card
CUST-003578,2021-04-26,retail,US,card
CUST-003579,2019-11-14,retail,DE,card
CUST-003580,2022-10-06,retail,US,card
CUST-003581,2022-03-08,retail,US,card
CUST-003582,2022-05-20,retail,GB,card
CUST-003583,2024-06-23,retail,US,card
CUST-003584,2024-03-18,smb,US,digital_wallet
CUST-003585,2020-12-30,enterprise,US,card
CUST-003586,2020-01-13,retail,DE,digital_wallet
CUST-003587,2020-09-14,smb,CA,digital_wallet
CUST-003588,2023-05-19,smb,US,card
CUST-003589,2022-01-24,retail,US,card
CUST-003590,2021-12-04,enterprise,CA,card
CUST-003591,2024-02-05,smb,US,digital_wallet
CUST-003592,2019-04-07,smb,AU,card
CUST-003593,2022-04-01,smb,US,card
CUST-003594,2020-05-22,smb,DE,digital_wallet
CUST-003595,2023-04-15,retail,US,card
CUST-003596,2023-07-25,smb,DE,bank_transfer
CUST-003597,2019-09-08,retail,CA,card
CUST-003598,2024-04-26,retail,IN,card
CUST-003599,2023-03-14,retail,GB,digital_wallet
CUST-003600,2020-09-24,retail,US,card
CUST-003601,2021-06-10,smb,US,digital_wallet
CUST-003602,2021-12-27,enterprise,CA,digital_wallet
CUST-003603,2023-10-30,smb,CA,card
CUST-003604,2019-02-21,retail,DE,bank_transfer
CUST-003605,2020-12-18,retail,GB,card
CUST-003606,2021-06-13,retail,US,card
CUST-003607,2019-06-20,retail,GB,card
CUST-003608,2019-10-05,enterprise,US,card
CUST-003609,2020-04-23,smb,US,card
CUST-003610,2019-05-05,smb,US,card
CUST-003611,2024-03-17,retail,US,digital_wallet
CUST-003612,2019-02-18,smb,US,bank_transfer
CUST-003613,2019-01-16,retail,CA,card
CUST-003614,2020-04-28,retail,US,card
CUST-003615,2021-02-24,retail,US,card
CUST-003616,2022-10-13,retail,IN,card
CUST-003617,2020-07-10,retail,CA,digital_wallet
CUST-003618,2023-05-28,smb,IN,card
CUST-003619,2020-05-19,retail,IN,card
CUST-003620,2021-08-09,retail,CA,card
CUST-003621,2022-03-09,retail,US,card
CUST-003622,2020-05-30,smb,US,card
CUST-003623,2020-01-24,smb,US,digital_wallet
CUST-003624,2021-08-29,smb,US,card
CUST-003625,2020-03-16,smb,US,card
CUST-003626,2022-06-08,retail,GB,bank_transfer
CUST-003627,2020-08-08,retail,IN,card
CUST-003628,2022-12-25,retail,US,bank_transfer
CUST-003629,2020-04-07,smb,CA,digital_wallet
CUST-003630,2020-05-18,retail,US,card
CUST-003631,2020-12-04,retail,CA,card
CUST-003632,2021-01-16,retail,US,card
CUST-003633,2020-02-21,retail,US,card
CUST-003634,2022-03-08,retail,DE,card
CUST-003635,2023-04-23,retail,US,card
CUST-003636,2019-12-22,enterprise,IN,card
CUST-003637,2020-02-23,retail,IN,card
CUST-003638,2020-05-06,smb,US,card
CUST-003639,2023-10-21,retail,CA,card
CUST-003640,2019-12-18,retail,IN,digital_wallet
CUST-003641,2024-04-29,retail,GB,card
CUST-003642,2021-05-21,retail,IN,card
CUST-003643,2021-07-02,enterprise,DE,digital_wallet
CUST-003644,2023-10-06,smb,GB,card
CUST-003645,2020-01-27,retail,US,digital_wallet
CUST-003646,2022-06-25,retail,IN,digital_wallet
CUST-003647,2023-03-11,smb,GB,card
CUST-003648,2022-07-27,smb,GB,digital_wallet
CUST-003649,2019-01-29,smb,US,card
CUST-003650,2022-03-31,retail,GB,digital_wallet
CUST-003651,2022-09-13,retail,GB,digital_wallet
CUST-003652,2020-11-27,retail,GB,card
CUST-003653,2019-02-02,retail,IN,card
CUST-003654,2019-01-10,smb,IN,card
CUST-003655,2019-10-01,retail,IN,card
CUST-003656,2021-08-16,enterprise,US,digital_wallet
CUST-003657,2019-09-23,retail,IN,card
CUST-003658,2023-10-17,retail,DE,card
CUST-003659,2020-11-19,retail,US,card
CUST-003660,2023-01-20,smb,CA,digital_wallet
CUST-003661,2022-02-21,smb,IN,card
CUST-003662,2020-08-17,retail,IN,digital_wallet
CUST-003663,2023-10-11,retail,IN,digital_wallet
CUST-003664,2021-03-24,retail,IN,card
CUST-003665,2020-11-26,retail,GB,card
CUST-003666,2019-10-21,retail,IN,card
CUST-003667,2022-10-15,enterprise,CA,card
CUST-003668,2021-06-08,smb,US,card
CUST-003669,2019-06-06,retail,DE,card
CUST-003670,2022-05-20,smb,US,card
CUST-003671,2023-07-06,smb,US,digital_wallet
CUST-003672,2021-02-04,retail,US,bank_transfer
CUST-003673,2019-02-02,smb,CA,card
CUST-003674,2019-03-06,retail,CA,card
CUST-003675,2023-04-17,enterprise,US,card
CUST-003676,2019-08-15,smb,IN,bank_transfer
CUST-003677,2020-10-07,retail,US,card
CUST-003678,2023-12-05,retail,US,bank_transfer
CUST-003679,2020-05-27,retail,US,digital_wallet
CUST-003680,2023-03-09,smb,US,card
CUST-003681,2020-06-06,smb,GB,digital_wallet
CUST-003682,2022-03-06,retail,GB,card
CUST-003683,2021-11-04,smb,GB,digital_wallet
CUST-003684,2022-05-19,smb,DE,digital_wallet
CUST-003685,2022-07-03,retail,IN,bank_transfer
CUST-003686,2019-10-23,retail,DE,card
CUST-003687,2023-10-15,smb,US,card
CUST-003688,2023-04-10,retail,IN,digital_wallet
CUST-003689,2021-05-17,retail,IN,digital_wallet
CUST-003690,2022-11-16,retail,US,card
CUST-003691,2019-03-29,smb,US,card
CUST-003692,2023-03-08,retail,CA,card
CUST-003693,2022-12-28,enterprise,CA,digital_wallet
CUST-003694,2019-04-17,retail,CA,card
CUST-003695,2023-09-08,retail,GB,digital_wallet
CUST-003696,2019-01-29,retail,CA,card
CUST-003697,2021-04-30,enterprise,US,card
CUST-003698,2022-04-30,retail,CA,card
CUST-003699,2022-04-02,retail,US,card
CUST-003700,2022-03-16,retail,US,card
CUST-003701,2020-01-11,retail,US,card
CUST-003702,2023-01-11,smb,US,card
CUST-003703,2022-08-27,retail,GB,bank_transfer
CUST-003704,2021-04-26,retail,GB,card
CUST-003705,2023-04-19,smb,US,card
CUST-003706,2023-03-05,retail,US,card
CUST-003707,2021-02-19,retail,IN,card
CUST-003708,2022-11-15,smb,US,card
CUST-003709,2023-01-14,retail,GB,digital_wallet
CUST-003710,2022-09-23,smb,IN,card
CUST-003711,2023-07-16,enterprise,DE,card
CUST-003712,2021-11-04,retail,US,card
CUST-003713,2022-11-01,retail,US,card
CUST-003714,2020-03-23,retail,IN,bank_transfer
CUST-003715,2020-11-06,retail,IN,card
CUST-003716,2019-05-07,retail,US,bank_transfer
CUST-003717,2020-12-29,retail,IN,digital_wallet
CUST-003718,2020-11-02,retail,DE,card
CUST-003719,2020-12-21,retail,IN,card
CUST-003720,2020-11-02,smb,IN,card
CUST-003721,2020-06-23,retail,US,bank_transfer
CUST-003722,2021-04-18,smb,US,digital_wallet
CUST-003723,2023-02-17,enterprise,CA,bank_transfer
CUST-003724,2021-06-27,retail,US,card
CUST-003725,2023-07-11,retail,US,digital_wallet
CUST-003726,2020-11-01,smb,GB,bank_transfer
CUST-003727,2019-03-01,enterprise,CA,digital_wallet
CUST-003728,2021-05-24,retail,GB,digital_wallet
CUST-003729,2024-01-09,retail,GB,card
CUST-003730,2020-10-29,retail,US,digital_wallet
CUST-003731,2021-07-11,retail,US,card
CUST-003732,2021-12-26,retail,AU,bank_transfer
CUST-003733,2023-10-07,retail,US,card
CUST-003734,2019-03-08,retail,GB,card
CUST-003735,2021-08-14,smb,US,card
CUST-003736,2020-06-11,retail,CA,bank_transfer
CUST-003737,2020-04-20,smb,DE,card
CUST-003738,2021-02-13,retail,GB,card
CUST-003739,2019-08-01,retail,CA,bank_transfer
CUST-003740,2019-12-07,smb,US,digital_wallet
CUST-003741,2019-10-13,retail,GB,card
CUST-003742,2023-08-30,retail,IN,card
CUST-003743,2022-03-01,smb,AU,card
CUST-003744,2020-05-04,retail,IN,bank_transfer
CUST-003745,2023-03-21,retail,GB,digital_wallet
CUST-003746,2020-03-31,retail,CA,card
CUST-003747,2019-10-07,enterprise,IN,digital_wallet
CUST-003748,2021-06-28,retail,GB,card
CUST-003749,2021-09-28,retail,US,digital_wallet
CUST-003750,2019-05-12,retail,GB,card
CUST-003751,2023-04-17,retail,GB,card
CUST-003752,2023-10-20,retail,IN,bank_transfer
CUST-003753,2024-04-26,retail,CA,digital_wallet
CUST-003754,2020-12-06,retail,GB,card
CUST-003755,2019-01-19,enterprise,GB,card
CUST-003756,2019-05-04,retail,GB,card
CUST-003757,2021-02-10,retail,US,card
CUST-003758,2019-04-20,retail,US,digital_wallet
CUST-003759,2023-08-15,smb,IN,digital_wallet
CUST-003760,2022-09-24,retail,IN,digital_wallet
CUST-003761,2024-05-17,smb,GB,bank_transfer
CUST-003762,2020-07-25,retail,IN,digital_wallet
CUST-003763,2020-01-02,smb,AU,card
CUST-003764,2021-03-13,retail,US,card
CUST-003765,2019-05-12,smb,DE,card
CUST-003766,2019-04-15,smb,US,card
CUST-003767,2019-01-19,retail,GB,digital_wallet
CUST-003768,2022-04-11,smb,IN,card
CUST-003769,2022-01-10,retail,GB,card
CUST-003770,2023-08-15,smb,GB,card
CUST-003771,2022-08-26,smb,US,digital_wallet
CUST-003772,2019-07-31,retail,IN,digital_wallet
CUST-003773,2020-09-30,smb,GB,digital_wallet
CUST-003774,2023-07-11,enterprise,US,bank_transfer
CUST-003775,2024-06-11,retail,US,digital_wallet
CUST-003776,2022-03-23,retail,IN,card
CUST-003777,2023-05-05,retail,US,bank_transfer
CUST-003778,2022-07-28,retail,US,bank_transfer
CUST-003779,2019-02-18,retail,DE,card
CUST-003780,2022-10-31,retail,CA,digital_wallet
CUST-003781,2021-02-06,retail,US,bank_transfer
CUST-003782,2019-07-13,retail,US,digital_wallet
CUST-003783,2023-04-07,retail,US,digital_wallet
CUST-003784,2023-04-03,retail,US,digital_wallet
CUST-003785,2020-01-06,retail,DE,digital_wallet
CUST-003786,2024-05-30,retail,US,card
CUST-003787,2020-05-03,retail,IN,bank_transfer
CUST-003788,2023-07-26,retail,AU,card
CUST-003789,2024-06-08,smb,US,card
CUST-003790,2022-02-25,smb,IN,card
CUST-003791,2022-02-13,retail,US,card
CUST-003792,2023-08-27,retail,IN,digital_wallet
CUST-003793,2024-02-10,retail,GB,card
CUST-003794,2022-03-09,retail,US,card
CUST-003795,2021-10-29,smb,CA,card
CUST-003796,2022-05-11,retail,US,card
CUST-003797,2023-06-17,retail,US,card
CUST-003798,2019-09-29,smb,IN,card
CUST-003799,2023-05-05,smb,GB,card
CUST-003800,2019-07-22,retail,GB,card
CUST-003801,2020-05-14,retail,CA,card
CUST-003802,2023-10-06,retail,GB,card
CUST-003803,2020-08-17,smb,US,card
CUST-003804,2020-07-11,smb,US,digital_wallet
CUST-003805,2022-03-25,enterprise,GB,card
CUST-003806,2019-03-06,smb,IN,card
CUST-003807,2022-04-03,retail,US,digital_wallet
CUST-003808,2021-05-29,smb,US,card
CUST-003809,2022-09-14,smb,GB,card
CUST-003810,2020-10-17,retail,US,card
CUST-003811,2019-08-15,enterprise,US,digital_wallet
CUST-003812,2023-10-06,retail,DE,card
CUST-003813,2022-04-07,retail,CA,card
CUST-003814,2020-11-16,smb,US,bank_transfer
CUST-003815,2021-04-06,enterprise,US,digital_wallet
CUST-003816,2019-07-15,retail,US,card
CUST-003817,2020-05-03,smb,AU,card
CUST-003818,2023-02-25,retail,IN,card
CUST-003819,2020-07-01,retail,DE,card
CUST-003820,2022-08-07,enterprise,GB,card
CUST-003821,2022-12-09,enterprise,IN,bank_transfer
CUST-003822,2020-01-20,enterprise,IN,card
CUST-003823,2019-09-04,retail,US,card
CUST-003824,2020-12-18,retail,IN,card
CUST-003825,2019-01-02,retail,AU,digital_wallet
CUST-003826,2023-02-27,enterprise,US,digital_wallet
CUST-003827,2024-02-21,retail,US,card
CUST-003828,2023-11-06,retail,CA,card
CUST-003829,2020-04-20,retail,US,card
CUST-003830,2023-12-31,retail,AU,card
CUST-003831,2022-09-20,smb,US,card
CUST-003832,2019-10-04,retail,IN,card
CUST-003833,2022-09-05,retail,US,card
CUST-003834,2022-03-03,retail,US,bank_transfer
CUST-003835,2019-01-25,retail,CA,card
CUST-003836,2021-02-13,smb,GB,card
CUST-003837,2019-10-01,retail,US,card
CUST-003838,2023-06-22,retail,US,digital_wallet
CUST-003839,2022-04-21,retail,US,digital_wallet
CUST-003840,2019-03-13,retail,US,bank_transfer
CUST-003841,2019-06-04,smb,US,digital_wallet
CUST-003842,2020-05-29,smb,US,card
CUST-003843,2024-04-04,retail,IN,card
CUST-003844,2023-04-27,retail,US,card
CUST-003845,2019-01-05,retail,GB,card
CUST-003846,2023-09-17,retail,CA,bank_transfer
CUST-003847,2023-11-06,smb,IN,digital_wallet
CUST-003848,2021-12-03,smb,US,card
CUST-003849,2019-02-02,retail,US,digital_wallet
CUST-003850,2019-04-09,retail,AU,bank_transfer
CUST-003851,2022-04-26,retail,DE,digital_wallet
CUST-003852,2024-05-21,smb,US,digital_wallet
CUST-003853,2021-11-01,retail,IN,bank_transfer
CUST-003854,2023-09-15,retail,CA,bank_transfer
CUST-003855,2023-09-24,retail,GB,card
CUST-003856,2020-12-26,retail,CA,card
CUST-003857,2020-09-12,retail,GB,bank_transfer
CUST-003858,2019-10-23,smb,IN,card
CUST-003859,2020-07-09,smb,AU,card
CUST-003860,2022-10-03,smb,US,digital_wallet
CUST-003861,2019-01-28,smb,CA,card
CUST-003862,2021-11-20,retail,DE,digital_wallet
CUST-003863,2020-02-06,retail,IN,card
CUST-003864,2019-12-23,retail,US,card
CUST-003865,2020-11-25,smb,GB,card
CUST-003866,2024-06-16,retail,US,card
CUST-003867,2020-07-01,retail,IN,bank_transfer
CUST-003868,2020-01-17,enterprise,IN,card
CUST-003869,2021-05-14,smb,AU,card
CUST-003870,2019-01-04,retail,GB,card
CUST-003871,2021-07-04,retail,GB,card
CUST-003872,2019-09-30,retail,DE,digital_wallet
CUST-003873,2023-04-26,retail,GB,card
CUST-003874,2023-12-02,retail,US,digital_wallet
CUST-003875,2021-12-23,retail,IN,bank_transfer
CUST-003876,2019-02-02,smb,IN,card
CUST-003877,2021-01-24,smb,IN,card
CUST-003878,2020-05-15,smb,US,card
CUST-003879,2022-12-30,smb,DE,card
CUST-003880,2019-05-20,retail,IN,card
CUST-003881,2022-03-21,retail,IN,digital_wallet
CUST-003882,2019-12-21,retail,DE,digital_wallet
CUST-003883,2019-10-09,retail,US,digital_wallet
CUST-003884,2021-08-09,retail,IN,card
CUST-003885,2022-08-13,retail,IN,card
CUST-003886,2020-01-09,retail,US,card
CUST-003887,2022-07-19,smb,IN,digital_wallet
CUST-003888,2022-11-23,retail,US,card
CUST-003889,2022-11-18,retail,US,card
CUST-003890,2023-03-02,retail,US,card
CUST-003891,2021-08-06,retail,GB,card
CUST-003892,2020-09-05,smb,DE,card
CUST-003893,2020-01-09,smb,US,digital_wallet
CUST-003894,2021-03-18,retail,IN,card
CUST-003895,2020-08-16,smb,US,card
CUST-003896,2023-03-31,retail,CA,digital_wallet
CUST-003897,2023-02-16,smb,GB,card
CUST-003898,2022-08-29,retail,IN,digital_wallet
CUST-003899,2022-06-02,smb,IN,card
CUST-003900,2020-04-01,retail,IN,card
CUST-003901,2022-12-27,enterprise,IN,card
CUST-003902,2024-05-30,enterprise,IN,card
CUST-003903,2021-01-15,smb,CA,card
CUST-003904,2019-11-24,retail,DE,card
CUST-003905,2022-11-28,retail,US,card
CUST-003906,2020-10-28,retail,GB,digital_wallet
CUST-003907,2022-11-25,smb,US,card
CUST-003908,2020-05-26,retail,GB,card
CUST-003909,2019-05-19,retail,US,card
CUST-003910,2021-06-11,smb,CA,card
CUST-003911,2022-01-24,retail,GB,card
CUST-003912,2019-12-30,smb,US,card
CUST-003913,2023-01-27,smb,US,digital_wallet
CUST-003914,2023-10-08,smb,US,card
CUST-003915,2019-09-09,enterprise,CA,bank_transfer
CUST-003916,2020-09-27,smb,CA,digital_wallet
CUST-003917,2019-08-11,retail,CA,card
CUST-003918,2020-03-10,retail,IN,bank_transfer
CUST-003919,2023-04-12,retail,CA,card
CUST-003920,2024-05-05,retail,CA,card
CUST-003921,2022-08-01,retail,US,card
CUST-003922,2019-01-08,retail,US,card
CUST-003923,2020-07-06,retail,DE,card
CUST-003924,2020-10-11,retail,DE,card
CUST-003925,2022-06-11,retail,GB,card
CUST-003926,2022-09-02,smb,GB,card
CUST-003927,2023-01-20,smb,US,digital_wallet
CUST-003928,2021-09-16,retail,GB,card
CUST-003929,2023-07-27,retail,CA,card
CUST-003930,2022-04-28,smb,GB,digital_wallet
CUST-003931,2020-10-16,retail,IN,card
CUST-003932,2022-03-16,retail,US,card
CUST-003933,2020-01-21,smb,US,digital_wallet
CUST-003934,2021-01-24,smb,GB,digital_wallet
CUST-003935,2019-09-03,retail,CA,card
CUST-003936,2022-02-04,retail,IN,card
CUST-003937,2021-07-22,retail,DE,card
CUST-003938,2022-03-12,enterprise,GB,card
CUST-003939,2020-07-22,enterprise,IN,card
CUST-003940,2020-01-08,smb,US,card
CUST-003941,2020-09-15,smb,IN,card
CUST-003942,2024-05-14,smb,IN,card
CUST-003943,2023-10-02,retail,IN,digital_wallet
CUST-003944,2022-11-15,retail,US,card
CUST-003945,2022-06-22,enterprise,US,card
CUST-003946,2019-05-13,smb,GB,card
CUST-003947,2023-12-02,smb,IN,card
CUST-003948,2023-12-21,retail,US,card
CUST-003949,2024-03-01,retail,AU,card
CUST-003950,2021-03-19,retail,IN,card
CUST-003951,2023-05-26,retail,CA,digital_wallet
CUST-003952,2023-12-25,retail,CA,card
CUST-003953,2021-12-27,smb,IN,card
CUST-003954,2020-03-08,retail,GB,digital_wallet
CUST-003955,2019-08-22,retail,US,card
CUST-003956,2021-04-11,retail,GB,card
CUST-003957,2020-12-30,retail,US,digital_wallet
CUST-003958,2022-07-06,retail,GB,digital_wallet
CUST-003959,2022-07-01,retail,GB,card
CUST-003960,2020-03-08,retail,GB,card
CUST-003961,2021-09-19,retail,IN,card
CUST-003962,2020-07-11,smb,CA,card
CUST-003963,2024-04-25,smb,US,bank_transfer
CUST-003964,2021-10-12,smb,IN,card
CUST-003965,2021-10-25,enterprise,US,card
CUST-003966,2024-05-18,retail,DE,card
CUST-003967,2020-01-05,retail,US,card
CUST-003968,2020-12-16,retail,US,card
CUST-003969,2024-04-17,smb,US,card
CUST-003970,2019-05-03,smb,DE,card
CUST-003971,2023-05-05,retail,CA,card
CUST-003972,2023-04-26,retail,US,card
CUST-003973,2020-08-04,enterprise,IN,card
CUST-003974,2021-01-25,retail,IN,digital_wallet
CUST-003975,2019-04-02,retail,GB,digital_wallet
CUST-003976,2022-05-01,retail,US,card
CUST-003977,2020-07-30,smb,US,card
CUST-003978,2019-11-14,retail,US,card
CUST-003979,2021-12-28,retail,US,bank_transfer
CUST-003980,2023-11-19,enterprise,US,card
CUST-003981,2023-12-01,retail,US,card
CUST-003982,2020-03-09,retail,CA,bank_transfer
CUST-003983,2021-04-18,retail,GB,bank_transfer
CUST-003984,2022-01-05,enterprise,DE,card
CUST-003985,2020-02-02,smb,US,card
CUST-003986,2021-04-05,retail,US,digital_wallet
CUST-003987,2024-01-13,retail,GB,digital_wallet
CUST-003988,2023-11-26,retail,GB,card
CUST-003989,2020-02-13,retail,US,digital_wallet
CUST-003990,2022-01-12,smb,US,card
CUST-003991,2022-11-20,smb,DE,digital_wallet
CUST-003992,2020-05-08,retail,GB,card
CUST-003993,2019-02-14,smb,IN,card
CUST-003994,2019-03-19,enterprise,GB,digital_wallet
CUST-003995,2019-09-27,retail,CA,card
CUST-003996,2024-05-23,smb,CA,digital_wallet
CUST-003997,2023-09-26,smb,DE,digital_wallet
CUST-003998,2022-06-06,retail,US,digital_wallet
CUST-003999,2021-05-07,retail,IN,card
CUST-004000,2021-12-12,smb,GB,digital_wallet
