failure_id,attempt_id,transaction_id,customer_id,failed_at,failure_reason,processor_response_code
FAIL-0000001,ATT-0000023,TXN-0000023,CUST-000007,2020-10-14T03:08:00,expired_card,54
FAIL-0000002,ATT-0000024,TXN-0000023,CUST-000007,2020-10-16T03:08:00,expired_card,54
FAIL-0000003,ATT-0000027,TXN-0000026,CUST-000007,2021-05-30T03:01:00,temporary_network_error,91
FAIL-0000004,ATT-0000039,TXN-0000037,CUST-000009,2020-07-19T03:58:00,insufficient_funds,51
FAIL-0000005,ATT-0000040,TXN-0000037,CUST-000009,2020-07-22T03:58:00,insufficient_funds,51
FAIL-0000006,ATT-0000041,TXN-0000037,CUST-000009,2020-07-30T03:58:00,insufficient_funds,51
FAIL-0000007,ATT-0000046,TXN-0000042,CUST-000010,2020-02-20T05:37:00,insufficient_funds,51
FAIL-0000008,ATT-0000047,TXN-0000042,CUST-000010,2020-02-22T05:37:00,insufficient_funds,51
FAIL-0000009,ATT-0000048,TXN-0000042,CUST-000010,2020-02-28T05:37:00,insufficient_funds,51
FAIL-0000010,ATT-0000051,TXN-0000045,CUST-000011,2019-12-04T12:20:00,insufficient_funds,51
FAIL-0000011,ATT-0000060,TXN-0000053,CUST-000012,2021-08-04T19:36:00,expired_card,54
FAIL-0000012,ATT-0000061,TXN-0000053,CUST-000012,2021-08-06T19:36:00,expired_card,54
FAIL-0000013,ATT-0000078,TXN-0000069,CUST-000015,2022-02-21T04:57:00,expired_card,54
FAIL-0000014,ATT-0000079,TXN-0000069,CUST-000015,2022-02-22T04:57:00,expired_card,54
FAIL-0000015,ATT-0000091,TXN-0000081,CUST-000017,2022-04-10T05:43:00,risk_review_hold,57
FAIL-0000016,ATT-0000097,TXN-0000086,CUST-000018,2024-06-02T07:28:00,insufficient_funds,51
FAIL-0000017,ATT-0000102,TXN-0000090,CUST-000019,2022-09-13T18:33:00,temporary_network_error,91
FAIL-0000018,ATT-0000110,TXN-0000097,CUST-000020,2023-03-04T06:26:00,insufficient_funds,51
FAIL-0000019,ATT-0000111,TXN-0000098,CUST-000020,2023-05-06T07:11:00,temporary_network_error,91
FAIL-0000020,ATT-0000123,TXN-0000110,CUST-000022,2022-01-05T18:15:00,insufficient_funds,51
FAIL-0000021,ATT-0000150,TXN-0000136,CUST-000027,2020-01-15T04:32:00,expired_card,54
FAIL-0000022,ATT-0000154,TXN-0000140,CUST-000027,2020-09-01T02:57:00,insufficient_funds,51
FAIL-0000023,ATT-0000155,TXN-0000140,CUST-000027,2020-09-03T02:57:00,insufficient_funds,51
FAIL-0000024,ATT-0000156,TXN-0000140,CUST-000027,2020-09-06T02:57:00,insufficient_funds,51
FAIL-0000025,ATT-0000201,TXN-0000185,CUST-000037,2019-04-16T00:11:00,insufficient_funds,51
FAIL-0000026,ATT-0000210,TXN-0000193,CUST-000039,2020-04-21T11:38:00,bank_unavailable,96
FAIL-0000027,ATT-0000211,TXN-0000193,CUST-000039,2020-04-24T11:38:00,bank_unavailable,96
FAIL-0000028,ATT-0000212,TXN-0000193,CUST-000039,2020-05-03T11:38:00,bank_unavailable,96
FAIL-0000029,ATT-0000214,TXN-0000195,CUST-000039,2020-06-25T10:36:00,risk_review_hold,57
FAIL-0000030,ATT-0000217,TXN-0000198,CUST-000040,2022-11-09T11:28:00,temporary_network_error,91
FAIL-0000031,ATT-0000218,TXN-0000198,CUST-000040,2022-11-10T11:28:00,temporary_network_error,91
FAIL-0000032,ATT-0000219,TXN-0000198,CUST-000040,2022-11-13T11:28:00,temporary_network_error,91
FAIL-0000033,ATT-0000222,TXN-0000201,CUST-000041,2022-09-25T10:04:00,temporary_network_error,91
FAIL-0000034,ATT-0000223,TXN-0000201,CUST-000041,2022-09-26T10:04:00,temporary_network_error,91
FAIL-0000035,ATT-0000226,TXN-0000203,CUST-000041,2022-12-15T09:18:00,temporary_network_error,91
FAIL-0000036,ATT-0000249,TXN-0000226,CUST-000047,2019-03-10T15:58:00,insufficient_funds,51
FAIL-0000037,ATT-0000250,TXN-0000226,CUST-000047,2019-03-11T15:58:00,insufficient_funds,51
FAIL-0000038,ATT-0000251,TXN-0000226,CUST-000047,2019-03-14T15:58:00,insufficient_funds,51
FAIL-0000039,ATT-0000255,TXN-0000230,CUST-000048,2021-04-07T10:35:00,insufficient_funds,51
FAIL-0000040,ATT-0000257,TXN-0000231,CUST-000049,2020-01-29T07:50:00,expired_card,54
FAIL-0000041,ATT-0000258,TXN-0000231,CUST-000049,2020-01-31T07:50:00,expired_card,54
FAIL-0000042,ATT-0000260,TXN-0000232,CUST-000049,2020-03-20T07:54:00,invalid_payment_method,14
FAIL-0000043,ATT-0000261,TXN-0000232,CUST-000049,2020-03-23T07:54:00,invalid_payment_method,14
FAIL-0000044,ATT-0000263,TXN-0000234,CUST-000050,2020-11-28T22:08:00,risk_review_hold,57
FAIL-0000045,ATT-0000279,TXN-0000250,CUST-000053,2023-06-01T08:35:00,insufficient_funds,51
FAIL-0000046,ATT-0000280,TXN-0000250,CUST-000053,2023-06-03T08:35:00,insufficient_funds,51
FAIL-0000047,ATT-0000281,TXN-0000250,CUST-000053,2023-06-12T08:35:00,insufficient_funds,51
FAIL-0000048,ATT-0000289,TXN-0000258,CUST-000055,2022-08-22T18:27:00,insufficient_funds,51
FAIL-0000049,ATT-0000290,TXN-0000258,CUST-000055,2022-08-25T18:27:00,insufficient_funds,51
FAIL-0000050,ATT-0000291,TXN-0000258,CUST-000055,2022-08-29T18:27:00,insufficient_funds,51
FAIL-0000051,ATT-0000318,TXN-0000285,CUST-000062,2023-03-12T15:40:00,insufficient_funds,51
FAIL-0000052,ATT-0000319,TXN-0000285,CUST-000062,2023-03-13T15:40:00,insufficient_funds,51
FAIL-0000053,ATT-0000320,TXN-0000285,CUST-000062,2023-03-23T15:40:00,insufficient_funds,51
FAIL-0000054,ATT-0000323,TXN-0000288,CUST-000062,2023-08-07T13:33:00,payment_method_limit_exceeded,61
FAIL-0000055,ATT-0000330,TXN-0000294,CUST-000064,2020-02-22T03:57:00,temporary_network_error,91
FAIL-0000056,ATT-0000331,TXN-0000294,CUST-000064,2020-02-25T03:57:00,temporary_network_error,91
FAIL-0000057,ATT-0000332,TXN-0000294,CUST-000064,2020-02-28T03:57:00,temporary_network_error,91
FAIL-0000058,ATT-0000340,TXN-0000302,CUST-000065,2021-01-07T18:02:00,expired_card,54
FAIL-0000059,ATT-0000341,TXN-0000302,CUST-000065,2021-01-08T18:02:00,expired_card,54
FAIL-0000060,ATT-0000347,TXN-0000308,CUST-000066,2021-04-10T12:21:00,insufficient_funds,51
FAIL-0000061,ATT-0000348,TXN-0000308,CUST-000066,2021-04-12T12:21:00,insufficient_funds,51
FAIL-0000062,ATT-0000349,TXN-0000308,CUST-000066,2021-04-19T12:21:00,insufficient_funds,51
FAIL-0000063,ATT-0000353,TXN-0000312,CUST-000066,2021-12-17T12:10:00,expired_card,54
FAIL-0000064,ATT-0000354,TXN-0000312,CUST-000066,2021-12-20T12:10:00,expired_card,54
FAIL-0000065,ATT-0000355,TXN-0000313,CUST-000067,2020-09-01T13:44:00,expired_card,54
FAIL-0000066,ATT-0000356,TXN-0000313,CUST-000067,2020-09-04T13:44:00,expired_card,54
FAIL-0000067,ATT-0000361,TXN-0000317,CUST-000068,2023-01-03T12:10:00,invalid_payment_method,14
FAIL-0000068,ATT-0000362,TXN-0000317,CUST-000068,2023-01-04T12:10:00,invalid_payment_method,14
FAIL-0000069,ATT-0000378,TXN-0000333,CUST-000070,2021-05-14T15:54:00,insufficient_funds,51
FAIL-0000070,ATT-0000379,TXN-0000333,CUST-000070,2021-05-16T15:54:00,insufficient_funds,51
FAIL-0000071,ATT-0000380,TXN-0000333,CUST-000070,2021-05-19T15:54:00,insufficient_funds,51
FAIL-0000072,ATT-0000394,TXN-0000347,CUST-000073,2020-09-30T14:43:00,insufficient_funds,51
FAIL-0000073,ATT-0000398,TXN-0000351,CUST-000074,2020-01-28T17:33:00,insufficient_funds,51
FAIL-0000074,ATT-0000399,TXN-0000351,CUST-000074,2020-01-30T17:33:00,insufficient_funds,51
FAIL-0000075,ATT-0000400,TXN-0000351,CUST-000074,2020-02-08T17:33:00,insufficient_funds,51
FAIL-0000076,ATT-0000407,TXN-0000358,CUST-000076,2024-07-01T00:08:00,temporary_network_error,91
FAIL-0000077,ATT-0000408,TXN-0000358,CUST-000076,2024-07-03T00:08:00,temporary_network_error,91
FAIL-0000078,ATT-0000414,TXN-0000363,CUST-000076,2025-06-14T21:40:00,invalid_payment_method,14
FAIL-0000079,ATT-0000415,TXN-0000363,CUST-000076,2025-06-17T21:40:00,invalid_payment_method,14
FAIL-0000080,ATT-0000417,TXN-0000365,CUST-000077,2019-05-16T10:57:00,insufficient_funds,51
FAIL-0000081,ATT-0000422,TXN-0000369,CUST-000078,2024-05-18T14:12:00,insufficient_funds,51
FAIL-0000082,ATT-0000437,TXN-0000383,CUST-000081,2024-01-04T10:44:00,insufficient_funds,51
FAIL-0000083,ATT-0000452,TXN-0000397,CUST-000084,2023-12-31T14:01:00,temporary_network_error,91
FAIL-0000084,ATT-0000453,TXN-0000397,CUST-000084,2024-01-03T14:01:00,temporary_network_error,91
FAIL-0000085,ATT-0000454,TXN-0000397,CUST-000084,2024-01-13T14:01:00,temporary_network_error,91
FAIL-0000086,ATT-0000468,TXN-0000411,CUST-000088,2020-03-04T22:42:00,insufficient_funds,51
FAIL-0000087,ATT-0000469,TXN-0000411,CUST-000088,2020-03-07T22:42:00,insufficient_funds,51
FAIL-0000088,ATT-0000496,TXN-0000437,CUST-000094,2020-09-30T12:12:00,risk_review_hold,57
FAIL-0000089,ATT-0000497,TXN-0000438,CUST-000094,2020-10-28T14:53:00,payment_method_limit_exceeded,61
FAIL-0000090,ATT-0000498,TXN-0000438,CUST-000094,2020-10-29T14:53:00,payment_method_limit_exceeded,61
FAIL-0000091,ATT-0000499,TXN-0000438,CUST-000094,2020-11-06T14:53:00,payment_method_limit_exceeded,61
FAIL-0000092,ATT-0000500,TXN-0000439,CUST-000094,2021-01-08T14:33:00,invalid_payment_method,14
FAIL-0000093,ATT-0000501,TXN-0000439,CUST-000094,2021-01-09T14:33:00,invalid_payment_method,14
FAIL-0000094,ATT-0000514,TXN-0000452,CUST-000097,2020-01-16T19:03:00,invalid_payment_method,14
FAIL-0000095,ATT-0000515,TXN-0000452,CUST-000097,2020-01-18T19:03:00,invalid_payment_method,14
FAIL-0000096,ATT-0000527,TXN-0000463,CUST-000099,2020-09-09T18:56:00,temporary_network_error,91
FAIL-0000097,ATT-0000542,TXN-0000478,CUST-000102,2019-08-21T00:18:00,expired_card,54
FAIL-0000098,ATT-0000543,TXN-0000478,CUST-000102,2019-08-23T00:18:00,expired_card,54
FAIL-0000099,ATT-0000558,TXN-0000493,CUST-000107,2022-12-23T06:46:00,insufficient_funds,51
FAIL-0000100,ATT-0000559,TXN-0000493,CUST-000107,2022-12-26T06:46:00,insufficient_funds,51
FAIL-0000101,ATT-0000560,TXN-0000493,CUST-000107,2023-01-05T06:46:00,insufficient_funds,51
FAIL-0000102,ATT-0000571,TXN-0000504,CUST-000109,2022-10-25T06:02:00,insufficient_funds,51
FAIL-0000103,ATT-0000572,TXN-0000504,CUST-000109,2022-10-26T06:02:00,insufficient_funds,51
FAIL-0000104,ATT-0000573,TXN-0000504,CUST-000109,2022-11-01T06:02:00,insufficient_funds,51
FAIL-0000105,ATT-0000584,TXN-0000515,CUST-000110,2025-03-18T21:34:00,temporary_network_error,91
FAIL-0000106,ATT-0000585,TXN-0000515,CUST-000110,2025-03-20T21:34:00,temporary_network_error,91
FAIL-0000107,ATT-0000586,TXN-0000515,CUST-000110,2025-03-26T21:34:00,temporary_network_error,91
FAIL-0000108,ATT-0000615,TXN-0000544,CUST-000118,2022-04-03T21:39:00,temporary_network_error,91
FAIL-0000109,ATT-0000616,TXN-0000544,CUST-000118,2022-04-06T21:39:00,temporary_network_error,91
FAIL-0000110,ATT-0000617,TXN-0000544,CUST-000118,2022-04-15T21:39:00,temporary_network_error,91
FAIL-0000111,ATT-0000630,TXN-0000557,CUST-000121,2022-09-30T07:05:00,insufficient_funds,51
FAIL-0000112,ATT-0000631,TXN-0000557,CUST-000121,2022-10-02T07:05:00,insufficient_funds,51
FAIL-0000113,ATT-0000646,TXN-0000571,CUST-000124,2019-04-17T04:45:00,temporary_network_error,91
FAIL-0000114,ATT-0000647,TXN-0000571,CUST-000124,2019-04-19T04:45:00,temporary_network_error,91
FAIL-0000115,ATT-0000648,TXN-0000571,CUST-000124,2019-04-23T04:45:00,temporary_network_error,91
FAIL-0000116,ATT-0000679,TXN-0000602,CUST-000131,2019-11-30T16:19:00,insufficient_funds,51
FAIL-0000117,ATT-0000680,TXN-0000602,CUST-000131,2019-12-03T16:19:00,insufficient_funds,51
FAIL-0000118,ATT-0000681,TXN-0000602,CUST-000131,2019-12-10T16:19:00,insufficient_funds,51
FAIL-0000119,ATT-0000695,TXN-0000616,CUST-000133,2023-01-12T19:29:00,invalid_payment_method,14
FAIL-0000120,ATT-0000696,TXN-0000616,CUST-000133,2023-01-14T19:29:00,invalid_payment_method,14
FAIL-0000121,ATT-0000713,TXN-0000633,CUST-000137,2021-09-19T07:28:00,insufficient_funds,51
FAIL-0000122,ATT-0000726,TXN-0000645,CUST-000139,2021-07-29T14:21:00,insufficient_funds,51
FAIL-0000123,ATT-0000727,TXN-0000645,CUST-000139,2021-07-31T14:21:00,insufficient_funds,51
FAIL-0000124,ATT-0000728,TXN-0000645,CUST-000139,2021-08-07T14:21:00,insufficient_funds,51
FAIL-0000125,ATT-0000736,TXN-0000653,CUST-000141,2019-11-05T15:01:00,temporary_network_error,91
FAIL-0000126,ATT-0000737,TXN-0000653,CUST-000141,2019-11-07T15:01:00,temporary_network_error,91
FAIL-0000127,ATT-0000738,TXN-0000653,CUST-000141,2019-11-16T15:01:00,temporary_network_error,91
FAIL-0000128,ATT-0000740,TXN-0000655,CUST-000141,2019-12-22T15:47:00,temporary_network_error,91
FAIL-0000129,ATT-0000741,TXN-0000655,CUST-000141,2019-12-24T15:47:00,temporary_network_error,91
FAIL-0000130,ATT-0000742,TXN-0000655,CUST-000141,2020-01-03T15:47:00,temporary_network_error,91
FAIL-0000131,ATT-0000744,TXN-0000657,CUST-000142,2021-02-26T18:45:00,insufficient_funds,51
FAIL-0000132,ATT-0000756,TXN-0000669,CUST-000144,2024-05-20T16:24:00,temporary_network_error,91
FAIL-0000133,ATT-0000774,TXN-0000686,CUST-000147,2023-08-12T17:05:00,temporary_network_error,91
FAIL-0000134,ATT-0000775,TXN-0000686,CUST-000147,2023-08-14T17:05:00,temporary_network_error,91
FAIL-0000135,ATT-0000780,TXN-0000690,CUST-000148,2022-07-16T06:12:00,temporary_network_error,91
FAIL-0000136,ATT-0000784,TXN-0000693,CUST-000149,2020-03-14T04:23:00,temporary_network_error,91
FAIL-0000137,ATT-0000785,TXN-0000693,CUST-000149,2020-03-17T04:23:00,temporary_network_error,91
FAIL-0000138,ATT-0000789,TXN-0000696,CUST-000150,2019-08-17T14:17:00,payment_method_limit_exceeded,61
FAIL-0000139,ATT-0000810,TXN-0000716,CUST-000154,2020-06-02T04:37:00,insufficient_funds,51
FAIL-0000140,ATT-0000822,TXN-0000727,CUST-000156,2021-03-24T16:05:00,temporary_network_error,91
FAIL-0000141,ATT-0000829,TXN-0000733,CUST-000157,2021-10-13T15:14:00,payment_method_limit_exceeded,61
FAIL-0000142,ATT-0000830,TXN-0000733,CUST-000157,2021-10-15T15:14:00,payment_method_limit_exceeded,61
FAIL-0000143,ATT-0000831,TXN-0000733,CUST-000157,2021-10-25T15:14:00,payment_method_limit_exceeded,61
FAIL-0000144,ATT-0000835,TXN-0000737,CUST-000158,2021-03-24T18:09:00,expired_card,54
FAIL-0000145,ATT-0000836,TXN-0000737,CUST-000158,2021-03-25T18:09:00,expired_card,54
FAIL-0000146,ATT-0000845,TXN-0000746,CUST-000160,2020-09-06T08:58:00,bank_unavailable,96
FAIL-0000147,ATT-0000846,TXN-0000746,CUST-000160,2020-09-09T08:58:00,bank_unavailable,96
FAIL-0000148,ATT-0000847,TXN-0000746,CUST-000160,2020-09-19T08:58:00,bank_unavailable,96
FAIL-0000149,ATT-0000857,TXN-0000756,CUST-000163,2021-12-22T09:52:00,temporary_network_error,91
FAIL-0000150,ATT-0000858,TXN-0000756,CUST-000163,2021-12-25T09:52:00,temporary_network_error,91
FAIL-0000151,ATT-0000859,TXN-0000756,CUST-000163,2021-12-31T09:52:00,temporary_network_error,91
FAIL-0000152,ATT-0000871,TXN-0000768,CUST-000165,2023-06-30T22:32:00,temporary_network_error,91
FAIL-0000153,ATT-0000872,TXN-0000768,CUST-000165,2023-07-02T22:32:00,temporary_network_error,91
FAIL-0000154,ATT-0000873,TXN-0000768,CUST-000165,2023-07-08T22:32:00,temporary_network_error,91
FAIL-0000155,ATT-0000907,TXN-0000802,CUST-000173,2023-09-30T23:42:00,payment_method_limit_exceeded,61
FAIL-0000156,ATT-0000908,TXN-0000802,CUST-000173,2023-10-03T23:42:00,payment_method_limit_exceeded,61
FAIL-0000157,ATT-0000909,TXN-0000802,CUST-000173,2023-10-09T23:42:00,payment_method_limit_exceeded,61
FAIL-0000158,ATT-0000927,TXN-0000820,CUST-000178,2022-01-03T13:50:00,temporary_network_error,91
FAIL-0000159,ATT-0000932,TXN-0000824,CUST-000179,2023-07-18T23:19:00,insufficient_funds,51
FAIL-0000160,ATT-0000933,TXN-0000824,CUST-000179,2023-07-19T23:19:00,insufficient_funds,51
FAIL-0000161,ATT-0000934,TXN-0000824,CUST-000179,2023-07-22T23:19:00,insufficient_funds,51
FAIL-0000162,ATT-0000945,TXN-0000835,CUST-000182,2022-01-23T22:36:00,expired_card,54
FAIL-0000163,ATT-0000946,TXN-0000835,CUST-000182,2022-01-26T22:36:00,expired_card,54
FAIL-0000164,ATT-0000966,TXN-0000855,CUST-000187,2022-04-02T08:59:00,temporary_network_error,91
FAIL-0000165,ATT-0000984,TXN-0000872,CUST-000191,2023-04-05T10:06:00,bank_unavailable,96
FAIL-0000166,ATT-0000999,TXN-0000886,CUST-000196,2023-09-22T21:51:00,insufficient_funds,51
FAIL-0000167,ATT-0001000,TXN-0000886,CUST-000196,2023-09-23T21:51:00,insufficient_funds,51
FAIL-0000168,ATT-0001017,TXN-0000902,CUST-000198,2024-12-10T07:04:00,invalid_payment_method,14
FAIL-0000169,ATT-0001018,TXN-0000903,CUST-000198,2025-02-24T07:38:00,expired_card,54
FAIL-0000170,ATT-0001019,TXN-0000903,CUST-000198,2025-02-27T07:38:00,expired_card,54
FAIL-0000171,ATT-0001062,TXN-0000946,CUST-000207,2020-07-20T05:09:00,payment_method_limit_exceeded,61
FAIL-0000172,ATT-0001091,TXN-0000975,CUST-000214,2024-04-19T17:49:00,bank_unavailable,96
FAIL-0000173,ATT-0001109,TXN-0000992,CUST-000217,2019-12-16T10:08:00,invalid_payment_method,14
FAIL-0000174,ATT-0001110,TXN-0000992,CUST-000217,2019-12-19T10:08:00,invalid_payment_method,14
FAIL-0000175,ATT-0001125,TXN-0001007,CUST-000219,2025-04-30T21:17:00,temporary_network_error,91
FAIL-0000176,ATT-0001127,TXN-0001008,CUST-000220,2022-01-10T12:01:00,insufficient_funds,51
FAIL-0000177,ATT-0001128,TXN-0001008,CUST-000220,2022-01-13T12:01:00,insufficient_funds,51
FAIL-0000178,ATT-0001129,TXN-0001008,CUST-000220,2022-01-21T12:01:00,insufficient_funds,51
FAIL-0000179,ATT-0001134,TXN-0001013,CUST-000222,2024-01-17T20:51:00,insufficient_funds,51
FAIL-0000180,ATT-0001135,TXN-0001013,CUST-000222,2024-01-19T20:51:00,insufficient_funds,51
FAIL-0000181,ATT-0001167,TXN-0001044,CUST-000231,2022-02-25T08:42:00,insufficient_funds,51
FAIL-0000182,ATT-0001168,TXN-0001044,CUST-000231,2022-02-28T08:42:00,insufficient_funds,51
FAIL-0000183,ATT-0001169,TXN-0001044,CUST-000231,2022-03-10T08:42:00,insufficient_funds,51
FAIL-0000184,ATT-0001197,TXN-0001072,CUST-000236,2023-02-15T20:05:00,bank_unavailable,96
FAIL-0000185,ATT-0001198,TXN-0001072,CUST-000236,2023-02-18T20:05:00,bank_unavailable,96
FAIL-0000186,ATT-0001199,TXN-0001072,CUST-000236,2023-02-26T20:05:00,bank_unavailable,96
FAIL-0000187,ATT-0001200,TXN-0001073,CUST-000237,2019-06-10T08:56:00,insufficient_funds,51
FAIL-0000188,ATT-0001201,TXN-0001073,CUST-000237,2019-06-11T08:56:00,insufficient_funds,51
FAIL-0000189,ATT-0001202,TXN-0001073,CUST-000237,2019-06-16T08:56:00,insufficient_funds,51
FAIL-0000190,ATT-0001203,TXN-0001074,CUST-000237,2019-08-21T09:44:00,temporary_network_error,91
FAIL-0000191,ATT-0001233,TXN-0001103,CUST-000243,2021-05-16T18:00:00,payment_method_limit_exceeded,61
FAIL-0000192,ATT-0001242,TXN-0001111,CUST-000245,2019-07-06T22:26:00,temporary_network_error,91
FAIL-0000193,ATT-0001243,TXN-0001111,CUST-000245,2019-07-09T22:26:00,temporary_network_error,91
FAIL-0000194,ATT-0001244,TXN-0001111,CUST-000245,2019-07-14T22:26:00,temporary_network_error,91
FAIL-0000195,ATT-0001248,TXN-0001115,CUST-000246,2022-08-23T08:39:00,insufficient_funds,51
FAIL-0000196,ATT-0001249,TXN-0001115,CUST-000246,2022-08-24T08:39:00,insufficient_funds,51
FAIL-0000197,ATT-0001250,TXN-0001115,CUST-000246,2022-09-01T08:39:00,insufficient_funds,51
FAIL-0000198,ATT-0001253,TXN-0001118,CUST-000246,2022-12-28T09:59:00,payment_method_limit_exceeded,61
FAIL-0000199,ATT-0001254,TXN-0001118,CUST-000246,2022-12-31T09:59:00,payment_method_limit_exceeded,61
FAIL-0000200,ATT-0001255,TXN-0001118,CUST-000246,2023-01-05T09:59:00,payment_method_limit_exceeded,61
FAIL-0000201,ATT-0001256,TXN-0001119,CUST-000246,2023-02-17T09:35:00,insufficient_funds,51
FAIL-0000202,ATT-0001257,TXN-0001119,CUST-000246,2023-02-18T09:35:00,insufficient_funds,51
FAIL-0000203,ATT-0001258,TXN-0001119,CUST-000246,2023-02-25T09:35:00,insufficient_funds,51
FAIL-0000204,ATT-0001260,TXN-0001121,CUST-000247,2021-01-15T18:34:00,expired_card,54
FAIL-0000205,ATT-0001261,TXN-0001121,CUST-000247,2021-01-17T18:34:00,expired_card,54
FAIL-0000206,ATT-0001293,TXN-0001153,CUST-000255,2020-04-06T11:29:00,expired_card,54
FAIL-0000207,ATT-0001294,TXN-0001153,CUST-000255,2020-04-07T11:29:00,expired_card,54
FAIL-0000208,ATT-0001295,TXN-0001154,CUST-000256,2021-12-05T15:27:00,insufficient_funds,51
FAIL-0000209,ATT-0001297,TXN-0001155,CUST-000256,2022-03-30T18:10:00,insufficient_funds,51
FAIL-0000210,ATT-0001298,TXN-0001155,CUST-000256,2022-03-31T18:10:00,insufficient_funds,51
FAIL-0000211,ATT-0001299,TXN-0001155,CUST-000256,2022-04-03T18:10:00,insufficient_funds,51
FAIL-0000212,ATT-0001311,TXN-0001167,CUST-000259,2022-01-05T18:09:00,insufficient_funds,51
FAIL-0000213,ATT-0001312,TXN-0001167,CUST-000259,2022-01-08T18:09:00,insufficient_funds,51
FAIL-0000214,ATT-0001313,TXN-0001167,CUST-000259,2022-01-11T18:09:00,insufficient_funds,51
FAIL-0000215,ATT-0001319,TXN-0001173,CUST-000260,2021-11-01T13:00:00,insufficient_funds,51
FAIL-0000216,ATT-0001320,TXN-0001173,CUST-000260,2021-11-02T13:00:00,insufficient_funds,51
FAIL-0000217,ATT-0001321,TXN-0001173,CUST-000260,2021-11-10T13:00:00,insufficient_funds,51
FAIL-0000218,ATT-0001326,TXN-0001178,CUST-000261,2022-10-10T14:53:00,insufficient_funds,51
FAIL-0000219,ATT-0001327,TXN-0001178,CUST-000261,2022-10-13T14:53:00,insufficient_funds,51
FAIL-0000220,ATT-0001328,TXN-0001178,CUST-000261,2022-10-21T14:53:00,insufficient_funds,51
FAIL-0000221,ATT-0001332,TXN-0001182,CUST-000262,2020-06-02T10:53:00,insufficient_funds,51
FAIL-0000222,ATT-0001333,TXN-0001182,CUST-000262,2020-06-03T10:53:00,insufficient_funds,51
FAIL-0000223,ATT-0001334,TXN-0001182,CUST-000262,2020-06-08T10:53:00,insufficient_funds,51
FAIL-0000224,ATT-0001348,TXN-0001195,CUST-000264,2022-12-26T12:16:00,temporary_network_error,91
FAIL-0000225,ATT-0001361,TXN-0001207,CUST-000266,2023-08-31T02:21:00,expired_card,54
FAIL-0000226,ATT-0001362,TXN-0001207,CUST-000266,2023-09-03T02:21:00,expired_card,54
FAIL-0000227,ATT-0001387,TXN-0001232,CUST-000273,2023-05-21T08:00:00,payment_method_limit_exceeded,61
FAIL-0000228,ATT-0001388,TXN-0001232,CUST-000273,2023-05-24T08:00:00,payment_method_limit_exceeded,61
FAIL-0000229,ATT-0001389,TXN-0001232,CUST-000273,2023-05-29T08:00:00,payment_method_limit_exceeded,61
FAIL-0000230,ATT-0001392,TXN-0001235,CUST-000273,2024-01-28T08:30:00,expired_card,54
FAIL-0000231,ATT-0001393,TXN-0001235,CUST-000273,2024-01-29T08:30:00,expired_card,54
FAIL-0000232,ATT-0001406,TXN-0001248,CUST-000277,2021-03-17T07:38:00,invalid_payment_method,14
FAIL-0000233,ATT-0001407,TXN-0001248,CUST-000277,2021-03-20T07:38:00,invalid_payment_method,14
FAIL-0000234,ATT-0001410,TXN-0001251,CUST-000278,2023-02-17T21:14:00,invalid_payment_method,14
FAIL-0000235,ATT-0001411,TXN-0001251,CUST-000278,2023-02-18T21:14:00,invalid_payment_method,14
FAIL-0000236,ATT-0001432,TXN-0001272,CUST-000282,2023-04-26T21:06:00,bank_unavailable,96
FAIL-0000237,ATT-0001433,TXN-0001272,CUST-000282,2023-04-29T21:06:00,bank_unavailable,96
FAIL-0000238,ATT-0001434,TXN-0001272,CUST-000282,2023-05-09T21:06:00,bank_unavailable,96
FAIL-0000239,ATT-0001440,TXN-0001278,CUST-000284,2023-07-05T04:52:00,insufficient_funds,51
FAIL-0000240,ATT-0001442,TXN-0001279,CUST-000284,2023-09-25T04:34:00,invalid_payment_method,14
FAIL-0000241,ATT-0001443,TXN-0001279,CUST-000284,2023-09-26T04:34:00,invalid_payment_method,14
FAIL-0000242,ATT-0001445,TXN-0001280,CUST-000285,2019-07-14T18:31:00,expired_card,54
FAIL-0000243,ATT-0001446,TXN-0001280,CUST-000285,2019-07-16T18:31:00,expired_card,54
FAIL-0000244,ATT-0001447,TXN-0001281,CUST-000285,2019-09-22T17:42:00,insufficient_funds,51
FAIL-0000245,ATT-0001448,TXN-0001281,CUST-000285,2019-09-25T17:42:00,insufficient_funds,51
FAIL-0000246,ATT-0001449,TXN-0001281,CUST-000285,2019-10-04T17:42:00,insufficient_funds,51
FAIL-0000247,ATT-0001450,TXN-0001282,CUST-000285,2020-01-20T17:31:00,bank_unavailable,96
FAIL-0000248,ATT-0001451,TXN-0001282,CUST-000285,2020-01-23T17:31:00,bank_unavailable,96
FAIL-0000249,ATT-0001452,TXN-0001282,CUST-000285,2020-01-27T17:31:00,bank_unavailable,96
FAIL-0000250,ATT-0001453,TXN-0001283,CUST-000285,2020-03-09T19:50:00,risk_review_hold,57
FAIL-0000251,ATT-0001454,TXN-0001284,CUST-000285,2020-04-18T19:57:00,insufficient_funds,51
FAIL-0000252,ATT-0001455,TXN-0001284,CUST-000285,2020-04-19T19:57:00,insufficient_funds,51
FAIL-0000253,ATT-0001456,TXN-0001284,CUST-000285,2020-04-27T19:57:00,insufficient_funds,51
FAIL-0000254,ATT-0001465,TXN-0001293,CUST-000288,2022-07-05T04:56:00,insufficient_funds,51
FAIL-0000255,ATT-0001466,TXN-0001293,CUST-000288,2022-07-06T04:56:00,insufficient_funds,51
FAIL-0000256,ATT-0001467,TXN-0001293,CUST-000288,2022-07-13T04:56:00,insufficient_funds,51
FAIL-0000257,ATT-0001483,TXN-0001309,CUST-000292,2022-05-19T13:28:00,temporary_network_error,91
FAIL-0000258,ATT-0001484,TXN-0001309,CUST-000292,2022-05-22T13:28:00,temporary_network_error,91
FAIL-0000259,ATT-0001485,TXN-0001309,CUST-000292,2022-05-31T13:28:00,temporary_network_error,91
FAIL-0000260,ATT-0001497,TXN-0001321,CUST-000294,2023-11-20T00:49:00,expired_card,54
FAIL-0000261,ATT-0001498,TXN-0001321,CUST-000294,2023-11-22T00:49:00,expired_card,54
FAIL-0000262,ATT-0001500,TXN-0001323,CUST-000294,2024-04-07T00:28:00,insufficient_funds,51
FAIL-0000263,ATT-0001501,TXN-0001323,CUST-000294,2024-04-09T00:28:00,insufficient_funds,51
FAIL-0000264,ATT-0001502,TXN-0001323,CUST-000294,2024-04-17T00:28:00,insufficient_funds,51
FAIL-0000265,ATT-0001527,TXN-0001348,CUST-000300,2022-02-10T08:10:00,invalid_payment_method,14
FAIL-0000266,ATT-0001528,TXN-0001348,CUST-000300,2022-02-13T08:10:00,invalid_payment_method,14
FAIL-0000267,ATT-0001530,TXN-0001350,CUST-000300,2022-06-12T07:36:00,payment_method_limit_exceeded,61
FAIL-0000268,ATT-0001531,TXN-0001350,CUST-000300,2022-06-13T07:36:00,payment_method_limit_exceeded,61
FAIL-0000269,ATT-0001532,TXN-0001350,CUST-000300,2022-06-21T07:36:00,payment_method_limit_exceeded,61
FAIL-0000270,ATT-0001538,TXN-0001356,CUST-000301,2021-07-05T05:55:00,temporary_network_error,91
FAIL-0000271,ATT-0001540,TXN-0001357,CUST-000301,2021-08-04T04:58:00,expired_card,54
FAIL-0000272,ATT-0001541,TXN-0001357,CUST-000301,2021-08-06T04:58:00,expired_card,54
FAIL-0000273,ATT-0001558,TXN-0001374,CUST-000305,2023-12-18T11:20:00,insufficient_funds,51
FAIL-0000274,ATT-0001559,TXN-0001374,CUST-000305,2023-12-21T11:20:00,insufficient_funds,51
FAIL-0000275,ATT-0001560,TXN-0001374,CUST-000305,2023-12-25T11:20:00,insufficient_funds,51
FAIL-0000276,ATT-0001563,TXN-0001377,CUST-000306,2024-09-10T09:19:00,insufficient_funds,51
FAIL-0000277,ATT-0001567,TXN-0001380,CUST-000307,2020-05-06T17:20:00,expired_card,54
FAIL-0000278,ATT-0001579,TXN-0001392,CUST-000309,2019-06-07T15:32:00,expired_card,54
FAIL-0000279,ATT-0001580,TXN-0001392,CUST-000309,2019-06-10T15:32:00,expired_card,54
FAIL-0000280,ATT-0001586,TXN-0001398,CUST-000310,2023-01-30T03:56:00,insufficient_funds,51
FAIL-0000281,ATT-0001587,TXN-0001398,CUST-000310,2023-02-02T03:56:00,insufficient_funds,51
FAIL-0000282,ATT-0001588,TXN-0001398,CUST-000310,2023-02-10T03:56:00,insufficient_funds,51
FAIL-0000283,ATT-0001599,TXN-0001409,CUST-000314,2022-10-10T13:13:00,insufficient_funds,51
FAIL-0000284,ATT-0001600,TXN-0001409,CUST-000314,2022-10-12T13:13:00,insufficient_funds,51
FAIL-0000285,ATT-0001601,TXN-0001409,CUST-000314,2022-10-16T13:13:00,insufficient_funds,51
FAIL-0000286,ATT-0001602,TXN-0001410,CUST-000314,2022-10-21T13:35:00,insufficient_funds,51
FAIL-0000287,ATT-0001603,TXN-0001410,CUST-000314,2022-10-24T13:35:00,insufficient_funds,51
FAIL-0000288,ATT-0001604,TXN-0001410,CUST-000314,2022-10-29T13:35:00,insufficient_funds,51
FAIL-0000289,ATT-0001610,TXN-0001416,CUST-000316,2023-12-13T12:34:00,invalid_payment_method,14
FAIL-0000290,ATT-0001611,TXN-0001416,CUST-000316,2023-12-14T12:34:00,invalid_payment_method,14
FAIL-0000291,ATT-0001613,TXN-0001418,CUST-000316,2024-05-01T10:43:00,expired_card,54
FAIL-0000292,ATT-0001614,TXN-0001418,CUST-000316,2024-05-02T10:43:00,expired_card,54
FAIL-0000293,ATT-0001623,TXN-0001427,CUST-000318,2023-05-24T00:50:00,expired_card,54
FAIL-0000294,ATT-0001632,TXN-0001435,CUST-000320,2022-11-02T01:02:00,expired_card,54
FAIL-0000295,ATT-0001633,TXN-0001435,CUST-000320,2022-11-03T01:02:00,expired_card,54
FAIL-0000296,ATT-0001635,TXN-0001436,CUST-000320,2022-12-27T01:44:00,temporary_network_error,91
FAIL-0000297,ATT-0001636,TXN-0001436,CUST-000320,2022-12-29T01:44:00,temporary_network_error,91
FAIL-0000298,ATT-0001637,TXN-0001436,CUST-000320,2023-01-07T01:44:00,temporary_network_error,91
FAIL-0000299,ATT-0001638,TXN-0001437,CUST-000320,2023-03-06T01:10:00,insufficient_funds,51
FAIL-0000300,ATT-0001639,TXN-0001437,CUST-000320,2023-03-08T01:10:00,insufficient_funds,51
FAIL-0000301,ATT-0001640,TXN-0001437,CUST-000320,2023-03-14T01:10:00,insufficient_funds,51
FAIL-0000302,ATT-0001642,TXN-0001439,CUST-000320,2023-09-05T01:56:00,insufficient_funds,51
FAIL-0000303,ATT-0001643,TXN-0001439,CUST-000320,2023-09-07T01:56:00,insufficient_funds,51
FAIL-0000304,ATT-0001644,TXN-0001439,CUST-000320,2023-09-17T01:56:00,insufficient_funds,51
FAIL-0000305,ATT-0001645,TXN-0001440,CUST-000321,2020-12-04T19:19:00,expired_card,54
FAIL-0000306,ATT-0001646,TXN-0001440,CUST-000321,2020-12-07T19:19:00,expired_card,54
FAIL-0000307,ATT-0001649,TXN-0001443,CUST-000321,2021-07-29T19:25:00,insufficient_funds,51
FAIL-0000308,ATT-0001650,TXN-0001443,CUST-000321,2021-07-30T19:25:00,insufficient_funds,51
FAIL-0000309,ATT-0001651,TXN-0001443,CUST-000321,2021-08-05T19:25:00,insufficient_funds,51
FAIL-0000310,ATT-0001655,TXN-0001447,CUST-000322,2020-06-02T22:07:00,invalid_payment_method,14
FAIL-0000311,ATT-0001656,TXN-0001447,CUST-000322,2020-06-04T22:07:00,invalid_payment_method,14
FAIL-0000312,ATT-0001660,TXN-0001451,CUST-000323,2021-05-07T21:02:00,insufficient_funds,51
FAIL-0000313,ATT-0001661,TXN-0001451,CUST-000323,2021-05-09T21:02:00,insufficient_funds,51
FAIL-0000314,ATT-0001662,TXN-0001451,CUST-000323,2021-05-12T21:02:00,insufficient_funds,51
FAIL-0000315,ATT-0001693,TXN-0001482,CUST-000329,2022-01-11T23:34:00,insufficient_funds,51
FAIL-0000316,ATT-0001696,TXN-0001484,CUST-000329,2022-05-03T00:24:00,insufficient_funds,51
FAIL-0000317,ATT-0001697,TXN-0001484,CUST-000329,2022-05-05T00:24:00,insufficient_funds,51
FAIL-0000318,ATT-0001698,TXN-0001484,CUST-000329,2022-05-15T00:24:00,insufficient_funds,51
FAIL-0000319,ATT-0001726,TXN-0001512,CUST-000335,2024-07-13T05:49:00,temporary_network_error,91
FAIL-0000320,ATT-0001727,TXN-0001512,CUST-000335,2024-07-15T05:49:00,temporary_network_error,91
FAIL-0000321,ATT-0001728,TXN-0001512,CUST-000335,2024-07-19T05:49:00,temporary_network_error,91
FAIL-0000322,ATT-0001739,TXN-0001523,CUST-000337,2024-07-22T04:54:00,invalid_payment_method,14
FAIL-0000323,ATT-0001740,TXN-0001523,CUST-000337,2024-07-24T04:54:00,invalid_payment_method,14
FAIL-0000324,ATT-0001759,TXN-0001542,CUST-000341,2021-04-02T18:23:00,insufficient_funds,51
FAIL-0000325,ATT-0001770,TXN-0001552,CUST-000342,2020-06-26T09:00:00,risk_review_hold,57
FAIL-0000326,ATT-0001778,TXN-0001560,CUST-000344,2024-12-05T16:51:00,insufficient_funds,51
FAIL-0000327,ATT-0001785,TXN-0001566,CUST-000346,2022-08-16T12:23:00,invalid_payment_method,14
FAIL-0000328,ATT-0001786,TXN-0001566,CUST-000346,2022-08-17T12:23:00,invalid_payment_method,14
FAIL-0000329,ATT-0001810,TXN-0001590,CUST-000351,2020-10-24T12:41:00,insufficient_funds,51
FAIL-0000330,ATT-0001811,TXN-0001590,CUST-000351,2020-10-26T12:41:00,insufficient_funds,51
FAIL-0000331,ATT-0001812,TXN-0001590,CUST-000351,2020-11-05T12:41:00,insufficient_funds,51
FAIL-0000332,ATT-0001835,TXN-0001613,CUST-000356,2020-02-05T16:18:00,bank_unavailable,96
FAIL-0000333,ATT-0001837,TXN-0001614,CUST-000356,2020-05-24T15:32:00,expired_card,54
FAIL-0000334,ATT-0001838,TXN-0001614,CUST-000356,2020-05-26T15:32:00,expired_card,54
FAIL-0000335,ATT-0001846,TXN-0001622,CUST-000357,2021-12-18T13:11:00,expired_card,54
FAIL-0000336,ATT-0001847,TXN-0001622,CUST-000357,2021-12-20T13:11:00,expired_card,54
FAIL-0000337,ATT-0001850,TXN-0001625,CUST-000358,2022-01-21T16:51:00,payment_method_limit_exceeded,61
FAIL-0000338,ATT-0001851,TXN-0001625,CUST-000358,2022-01-24T16:51:00,payment_method_limit_exceeded,61
FAIL-0000339,ATT-0001852,TXN-0001625,CUST-000358,2022-02-02T16:51:00,payment_method_limit_exceeded,61
FAIL-0000340,ATT-0001857,TXN-0001630,CUST-000359,2021-03-20T19:53:00,insufficient_funds,51
FAIL-0000341,ATT-0001858,TXN-0001630,CUST-000359,2021-03-21T19:53:00,insufficient_funds,51
FAIL-0000342,ATT-0001859,TXN-0001630,CUST-000359,2021-03-28T19:53:00,insufficient_funds,51
FAIL-0000343,ATT-0001863,TXN-0001634,CUST-000359,2021-11-11T18:59:00,payment_method_limit_exceeded,61
FAIL-0000344,ATT-0001864,TXN-0001634,CUST-000359,2021-11-13T18:59:00,payment_method_limit_exceeded,61
FAIL-0000345,ATT-0001875,TXN-0001644,CUST-000361,2023-05-06T10:03:00,insufficient_funds,51
FAIL-0000346,ATT-0001876,TXN-0001644,CUST-000361,2023-05-07T10:03:00,insufficient_funds,51
FAIL-0000347,ATT-0001877,TXN-0001644,CUST-000361,2023-05-13T10:03:00,insufficient_funds,51
FAIL-0000348,ATT-0001882,TXN-0001648,CUST-000361,2024-02-24T08:02:00,insufficient_funds,51
FAIL-0000349,ATT-0001883,TXN-0001648,CUST-000361,2024-02-25T08:02:00,insufficient_funds,51
FAIL-0000350,ATT-0001884,TXN-0001648,CUST-000361,2024-02-28T08:02:00,insufficient_funds,51
FAIL-0000351,ATT-0001893,TXN-0001657,CUST-000363,2021-08-02T01:20:00,temporary_network_error,91
FAIL-0000352,ATT-0001894,TXN-0001657,CUST-000363,2021-08-04T01:20:00,temporary_network_error,91
FAIL-0000353,ATT-0001895,TXN-0001657,CUST-000363,2021-08-10T01:20:00,temporary_network_error,91
FAIL-0000354,ATT-0001910,TXN-0001672,CUST-000365,2020-12-25T14:40:00,insufficient_funds,51
FAIL-0000355,ATT-0001911,TXN-0001672,CUST-000365,2020-12-28T14:40:00,insufficient_funds,51
FAIL-0000356,ATT-0001912,TXN-0001672,CUST-000365,2021-01-05T14:40:00,insufficient_funds,51
FAIL-0000357,ATT-0001913,TXN-0001673,CUST-000365,2021-01-25T12:34:00,bank_unavailable,96
FAIL-0000358,ATT-0001921,TXN-0001680,CUST-000367,2020-08-23T15:44:00,temporary_network_error,91
FAIL-0000359,ATT-0001922,TXN-0001680,CUST-000367,2020-08-26T15:44:00,temporary_network_error,91
FAIL-0000360,ATT-0001923,TXN-0001680,CUST-000367,2020-09-02T15:44:00,temporary_network_error,91
FAIL-0000361,ATT-0001924,TXN-0001681,CUST-000367,2020-09-22T16:36:00,invalid_payment_method,14
FAIL-0000362,ATT-0001925,TXN-0001681,CUST-000367,2020-09-23T16:36:00,invalid_payment_method,14
FAIL-0000363,ATT-0001930,TXN-0001685,CUST-000369,2019-04-26T03:07:00,expired_card,54
FAIL-0000364,ATT-0001931,TXN-0001685,CUST-000369,2019-04-29T03:07:00,expired_card,54
FAIL-0000365,ATT-0001940,TXN-0001693,CUST-000370,2021-05-08T04:01:00,payment_method_limit_exceeded,61
FAIL-0000366,ATT-0001941,TXN-0001693,CUST-000370,2021-05-09T04:01:00,payment_method_limit_exceeded,61
FAIL-0000367,ATT-0001942,TXN-0001693,CUST-000370,2021-05-14T04:01:00,payment_method_limit_exceeded,61
FAIL-0000368,ATT-0001951,TXN-0001702,CUST-000372,2021-10-24T14:13:00,bank_unavailable,96
FAIL-0000369,ATT-0001952,TXN-0001702,CUST-000372,2021-10-25T14:13:00,bank_unavailable,96
FAIL-0000370,ATT-0001953,TXN-0001702,CUST-000372,2021-10-30T14:13:00,bank_unavailable,96
FAIL-0000371,ATT-0001968,TXN-0001717,CUST-000375,2021-10-26T04:23:00,temporary_network_error,91
FAIL-0000372,ATT-0001969,TXN-0001717,CUST-000375,2021-10-29T04:23:00,temporary_network_error,91
FAIL-0000373,ATT-0001970,TXN-0001717,CUST-000375,2021-11-06T04:23:00,temporary_network_error,91
FAIL-0000374,ATT-0002004,TXN-0001751,CUST-000381,2020-06-10T20:19:00,payment_method_limit_exceeded,61
FAIL-0000375,ATT-0002005,TXN-0001751,CUST-000381,2020-06-11T20:19:00,payment_method_limit_exceeded,61
FAIL-0000376,ATT-0002006,TXN-0001751,CUST-000381,2020-06-15T20:19:00,payment_method_limit_exceeded,61
FAIL-0000377,ATT-0002008,TXN-0001753,CUST-000382,2024-03-13T23:22:00,risk_review_hold,57
FAIL-0000378,ATT-0002012,TXN-0001757,CUST-000382,2025-05-10T22:03:00,insufficient_funds,51
FAIL-0000379,ATT-0002013,TXN-0001757,CUST-000382,2025-05-13T22:03:00,insufficient_funds,51
FAIL-0000380,ATT-0002014,TXN-0001757,CUST-000382,2025-05-19T22:03:00,insufficient_funds,51
FAIL-0000381,ATT-0002049,TXN-0001791,CUST-000389,2022-03-23T08:39:00,insufficient_funds,51
FAIL-0000382,ATT-0002050,TXN-0001791,CUST-000389,2022-03-25T08:39:00,insufficient_funds,51
FAIL-0000383,ATT-0002051,TXN-0001791,CUST-000389,2022-04-01T08:39:00,insufficient_funds,51
FAIL-0000384,ATT-0002053,TXN-0001793,CUST-000389,2022-07-04T09:11:00,temporary_network_error,91
FAIL-0000385,ATT-0002060,TXN-0001799,CUST-000391,2023-04-14T11:49:00,bank_unavailable,96
FAIL-0000386,ATT-0002061,TXN-0001799,CUST-000391,2023-04-16T11:49:00,bank_unavailable,96
FAIL-0000387,ATT-0002062,TXN-0001799,CUST-000391,2023-04-20T11:49:00,bank_unavailable,96
FAIL-0000388,ATT-0002063,TXN-0001800,CUST-000391,2023-05-07T11:52:00,insufficient_funds,51
FAIL-0000389,ATT-0002064,TXN-0001800,CUST-000391,2023-05-10T11:52:00,insufficient_funds,51
FAIL-0000390,ATT-0002073,TXN-0001808,CUST-000393,2024-11-22T04:48:00,temporary_network_error,91
FAIL-0000391,ATT-0002074,TXN-0001808,CUST-000393,2024-11-25T04:48:00,temporary_network_error,91
FAIL-0000392,ATT-0002075,TXN-0001808,CUST-000393,2024-11-30T04:48:00,temporary_network_error,91
FAIL-0000393,ATT-0002080,TXN-0001813,CUST-000394,2023-06-02T17:43:00,bank_unavailable,96
FAIL-0000394,ATT-0002081,TXN-0001813,CUST-000394,2023-06-04T17:43:00,bank_unavailable,96
FAIL-0000395,ATT-0002082,TXN-0001813,CUST-000394,2023-06-12T17:43:00,bank_unavailable,96
FAIL-0000396,ATT-0002085,TXN-0001816,CUST-000395,2022-11-08T00:47:00,insufficient_funds,51
FAIL-0000397,ATT-0002086,TXN-0001816,CUST-000395,2022-11-11T00:47:00,insufficient_funds,51
FAIL-0000398,ATT-0002087,TXN-0001816,CUST-000395,2022-11-18T00:47:00,insufficient_funds,51
FAIL-0000399,ATT-0002101,TXN-0001830,CUST-000397,2023-03-21T01:59:00,expired_card,54
FAIL-0000400,ATT-0002102,TXN-0001830,CUST-000397,2023-03-23T01:59:00,expired_card,54
FAIL-0000401,ATT-0002106,TXN-0001833,CUST-000398,2022-02-23T17:30:00,payment_method_limit_exceeded,61
FAIL-0000402,ATT-0002150,TXN-0001876,CUST-000407,2021-11-16T17:21:00,risk_review_hold,57
FAIL-0000403,ATT-0002153,TXN-0001878,CUST-000407,2022-02-11T16:18:00,expired_card,54
FAIL-0000404,ATT-0002154,TXN-0001878,CUST-000407,2022-02-13T16:18:00,expired_card,54
FAIL-0000405,ATT-0002185,TXN-0001908,CUST-000414,2022-09-17T03:09:00,insufficient_funds,51
FAIL-0000406,ATT-0002186,TXN-0001908,CUST-000414,2022-09-18T03:09:00,insufficient_funds,51
FAIL-0000407,ATT-0002187,TXN-0001908,CUST-000414,2022-09-25T03:09:00,insufficient_funds,51
FAIL-0000408,ATT-0002215,TXN-0001936,CUST-000419,2022-12-29T22:28:00,insufficient_funds,51
FAIL-0000409,ATT-0002216,TXN-0001936,CUST-000419,2022-12-31T22:28:00,insufficient_funds,51
FAIL-0000410,ATT-0002217,TXN-0001936,CUST-000419,2023-01-05T22:28:00,insufficient_funds,51
FAIL-0000411,ATT-0002230,TXN-0001949,CUST-000423,2019-12-26T19:59:00,insufficient_funds,51
FAIL-0000412,ATT-0002231,TXN-0001949,CUST-000423,2019-12-28T19:59:00,insufficient_funds,51
FAIL-0000413,ATT-0002241,TXN-0001958,CUST-000425,2020-07-04T20:20:00,risk_review_hold,57
FAIL-0000414,ATT-0002245,TXN-0001962,CUST-000425,2021-04-15T19:11:00,insufficient_funds,51
FAIL-0000415,ATT-0002246,TXN-0001962,CUST-000425,2021-04-18T19:11:00,insufficient_funds,51
FAIL-0000416,ATT-0002247,TXN-0001962,CUST-000425,2021-04-25T19:11:00,insufficient_funds,51
FAIL-0000417,ATT-0002248,TXN-0001963,CUST-000426,2022-11-28T07:25:00,insufficient_funds,51
FAIL-0000418,ATT-0002249,TXN-0001963,CUST-000426,2022-11-29T07:25:00,insufficient_funds,51
FAIL-0000419,ATT-0002250,TXN-0001963,CUST-000426,2022-12-07T07:25:00,insufficient_funds,51
FAIL-0000420,ATT-0002251,TXN-0001964,CUST-000426,2023-03-05T06:29:00,bank_unavailable,96
FAIL-0000421,ATT-0002252,TXN-0001964,CUST-000426,2023-03-08T06:29:00,bank_unavailable,96
FAIL-0000422,ATT-0002263,TXN-0001974,CUST-000428,2023-10-22T23:37:00,temporary_network_error,91
FAIL-0000423,ATT-0002283,TXN-0001993,CUST-000433,2020-07-12T11:30:00,risk_review_hold,57
FAIL-0000424,ATT-0002288,TXN-0001998,CUST-000433,2021-05-27T13:07:00,insufficient_funds,51
FAIL-0000425,ATT-0002289,TXN-0001998,CUST-000433,2021-05-29T13:07:00,insufficient_funds,51
FAIL-0000426,ATT-0002292,TXN-0002000,CUST-000434,2021-11-13T12:26:00,insufficient_funds,51
FAIL-0000427,ATT-0002295,TXN-0002002,CUST-000434,2022-02-08T11:24:00,insufficient_funds,51
FAIL-0000428,ATT-0002296,TXN-0002002,CUST-000434,2022-02-10T11:24:00,insufficient_funds,51
FAIL-0000429,ATT-0002297,TXN-0002002,CUST-000434,2022-02-16T11:24:00,insufficient_funds,51
FAIL-0000430,ATT-0002298,TXN-0002003,CUST-000434,2022-04-03T11:45:00,insufficient_funds,51
FAIL-0000431,ATT-0002299,TXN-0002003,CUST-000434,2022-04-04T11:45:00,insufficient_funds,51
FAIL-0000432,ATT-0002300,TXN-0002003,CUST-000434,2022-04-13T11:45:00,insufficient_funds,51
FAIL-0000433,ATT-0002304,TXN-0002007,CUST-000435,2023-04-02T06:36:00,bank_unavailable,96
FAIL-0000434,ATT-0002307,TXN-0002009,CUST-000435,2023-09-03T07:57:00,payment_method_limit_exceeded,61
FAIL-0000435,ATT-0002308,TXN-0002009,CUST-000435,2023-09-04T07:57:00,payment_method_limit_exceeded,61
FAIL-0000436,ATT-0002309,TXN-0002009,CUST-000435,2023-09-08T07:57:00,payment_method_limit_exceeded,61
FAIL-0000437,ATT-0002313,TXN-0002013,CUST-000436,2020-01-08T07:25:00,risk_review_hold,57
FAIL-0000438,ATT-0002315,TXN-0002014,CUST-000436,2020-03-23T07:05:00,insufficient_funds,51
FAIL-0000439,ATT-0002316,TXN-0002014,CUST-000436,2020-03-26T07:05:00,insufficient_funds,51
FAIL-0000440,ATT-0002317,TXN-0002014,CUST-000436,2020-04-03T07:05:00,insufficient_funds,51
FAIL-0000441,ATT-0002331,TXN-0002028,CUST-000439,2021-09-21T09:19:00,temporary_network_error,91
FAIL-0000442,ATT-0002339,TXN-0002035,CUST-000441,2023-02-16T11:32:00,insufficient_funds,51
FAIL-0000443,ATT-0002345,TXN-0002041,CUST-000441,2024-02-26T09:36:00,insufficient_funds,51
FAIL-0000444,ATT-0002354,TXN-0002049,CUST-000443,2020-01-30T16:37:00,insufficient_funds,51
FAIL-0000445,ATT-0002355,TXN-0002049,CUST-000443,2020-02-01T16:37:00,insufficient_funds,51
FAIL-0000446,ATT-0002356,TXN-0002049,CUST-000443,2020-02-09T16:37:00,insufficient_funds,51
FAIL-0000447,ATT-0002361,TXN-0002054,CUST-000444,2022-09-03T05:01:00,insufficient_funds,51
FAIL-0000448,ATT-0002364,TXN-0002056,CUST-000445,2019-10-09T11:52:00,risk_review_hold,57
FAIL-0000449,ATT-0002367,TXN-0002059,CUST-000445,2020-03-31T13:15:00,invalid_payment_method,14
FAIL-0000450,ATT-0002368,TXN-0002059,CUST-000445,2020-04-02T13:15:00,invalid_payment_method,14
FAIL-0000451,ATT-0002384,TXN-0002075,CUST-000449,2019-07-29T10:30:00,invalid_payment_method,14
FAIL-0000452,ATT-0002385,TXN-0002075,CUST-000449,2019-08-01T10:30:00,invalid_payment_method,14
FAIL-0000453,ATT-0002388,TXN-0002078,CUST-000449,2019-12-22T10:14:00,insufficient_funds,51
FAIL-0000454,ATT-0002389,TXN-0002078,CUST-000449,2019-12-23T10:14:00,insufficient_funds,51
FAIL-0000455,ATT-0002402,TXN-0002090,CUST-000451,2021-04-14T08:51:00,temporary_network_error,91
FAIL-0000456,ATT-0002403,TXN-0002090,CUST-000451,2021-04-17T08:51:00,temporary_network_error,91
FAIL-0000457,ATT-0002404,TXN-0002090,CUST-000451,2021-04-27T08:51:00,temporary_network_error,91
FAIL-0000458,ATT-0002410,TXN-0002096,CUST-000452,2024-06-19T10:49:00,invalid_payment_method,14
FAIL-0000459,ATT-0002411,TXN-0002096,CUST-000452,2024-06-22T10:49:00,invalid_payment_method,14
FAIL-0000460,ATT-0002418,TXN-0002102,CUST-000453,2019-10-24T16:42:00,invalid_payment_method,14
FAIL-0000461,ATT-0002419,TXN-0002102,CUST-000453,2019-10-25T16:42:00,invalid_payment_method,14
FAIL-0000462,ATT-0002430,TXN-0002113,CUST-000455,2020-07-26T04:48:00,insufficient_funds,51
FAIL-0000463,ATT-0002431,TXN-0002113,CUST-000455,2020-07-27T04:48:00,insufficient_funds,51
FAIL-0000464,ATT-0002432,TXN-0002113,CUST-000455,2020-08-01T04:48:00,insufficient_funds,51
FAIL-0000465,ATT-0002435,TXN-0002116,CUST-000455,2020-11-29T05:29:00,payment_method_limit_exceeded,61
FAIL-0000466,ATT-0002436,TXN-0002116,CUST-000455,2020-12-01T05:29:00,payment_method_limit_exceeded,61
FAIL-0000467,ATT-0002437,TXN-0002116,CUST-000455,2020-12-10T05:29:00,payment_method_limit_exceeded,61
FAIL-0000468,ATT-0002459,TXN-0002138,CUST-000460,2021-02-26T06:22:00,invalid_payment_method,14
FAIL-0000469,ATT-0002460,TXN-0002138,CUST-000460,2021-03-01T06:22:00,invalid_payment_method,14
FAIL-0000470,ATT-0002466,TXN-0002143,CUST-000461,2022-12-23T21:48:00,bank_unavailable,96
FAIL-0000471,ATT-0002467,TXN-0002143,CUST-000461,2022-12-24T21:48:00,bank_unavailable,96
FAIL-0000472,ATT-0002469,TXN-0002144,CUST-000462,2022-06-17T20:19:00,insufficient_funds,51
FAIL-0000473,ATT-0002470,TXN-0002144,CUST-000462,2022-06-19T20:19:00,insufficient_funds,51
FAIL-0000474,ATT-0002471,TXN-0002144,CUST-000462,2022-06-26T20:19:00,insufficient_funds,51
FAIL-0000475,ATT-0002479,TXN-0002152,CUST-000463,2024-04-19T05:10:00,temporary_network_error,91
FAIL-0000476,ATT-0002486,TXN-0002159,CUST-000465,2024-06-10T07:36:00,temporary_network_error,91
FAIL-0000477,ATT-0002487,TXN-0002159,CUST-000465,2024-06-12T07:36:00,temporary_network_error,91
FAIL-0000478,ATT-0002488,TXN-0002159,CUST-000465,2024-06-16T07:36:00,temporary_network_error,91
FAIL-0000479,ATT-0002498,TXN-0002169,CUST-000467,2022-10-18T17:28:00,temporary_network_error,91
FAIL-0000480,ATT-0002499,TXN-0002169,CUST-000467,2022-10-19T17:28:00,temporary_network_error,91
FAIL-0000481,ATT-0002500,TXN-0002169,CUST-000467,2022-10-24T17:28:00,temporary_network_error,91
FAIL-0000482,ATT-0002527,TXN-0002196,CUST-000472,2024-06-16T00:21:00,insufficient_funds,51
FAIL-0000483,ATT-0002528,TXN-0002196,CUST-000472,2024-06-17T00:21:00,insufficient_funds,51
FAIL-0000484,ATT-0002540,TXN-0002207,CUST-000475,2019-03-22T17:16:00,insufficient_funds,51
FAIL-0000485,ATT-0002541,TXN-0002207,CUST-000475,2019-03-24T17:16:00,insufficient_funds,51
FAIL-0000486,ATT-0002542,TXN-0002207,CUST-000475,2019-03-30T17:16:00,insufficient_funds,51
FAIL-0000487,ATT-0002543,TXN-0002208,CUST-000475,2019-07-07T16:06:00,temporary_network_error,91
FAIL-0000488,ATT-0002545,TXN-0002209,CUST-000475,2019-08-27T17:17:00,insufficient_funds,51
FAIL-0000489,ATT-0002546,TXN-0002209,CUST-000475,2019-08-29T17:17:00,insufficient_funds,51
FAIL-0000490,ATT-0002547,TXN-0002209,CUST-000475,2019-09-07T17:17:00,insufficient_funds,51
FAIL-0000491,ATT-0002548,TXN-0002210,CUST-000475,2019-10-13T16:28:00,insufficient_funds,51
FAIL-0000492,ATT-0002549,TXN-0002210,CUST-000475,2019-10-16T16:28:00,insufficient_funds,51
FAIL-0000493,ATT-0002550,TXN-0002210,CUST-000475,2019-10-19T16:28:00,insufficient_funds,51
FAIL-0000494,ATT-0002556,TXN-0002216,CUST-000477,2021-04-23T02:55:00,insufficient_funds,51
FAIL-0000495,ATT-0002557,TXN-0002216,CUST-000477,2021-04-26T02:55:00,insufficient_funds,51
FAIL-0000496,ATT-0002575,TXN-0002233,CUST-000482,2023-09-06T21:03:00,payment_method_limit_exceeded,61
FAIL-0000497,ATT-0002576,TXN-0002233,CUST-000482,2023-09-08T21:03:00,payment_method_limit_exceeded,61
FAIL-0000498,ATT-0002577,TXN-0002233,CUST-000482,2023-09-11T21:03:00,payment_method_limit_exceeded,61
FAIL-0000499,ATT-0002579,TXN-0002235,CUST-000483,2022-07-21T13:53:00,expired_card,54
FAIL-0000500,ATT-0002580,TXN-0002235,CUST-000483,2022-07-24T13:53:00,expired_card,54
FAIL-0000501,ATT-0002590,TXN-0002245,CUST-000485,2022-02-12T19:40:00,temporary_network_error,91
FAIL-0000502,ATT-0002591,TXN-0002245,CUST-000485,2022-02-13T19:40:00,temporary_network_error,91
FAIL-0000503,ATT-0002592,TXN-0002245,CUST-000485,2022-02-23T19:40:00,temporary_network_error,91
FAIL-0000504,ATT-0002604,TXN-0002257,CUST-000487,2019-08-17T11:35:00,temporary_network_error,91
FAIL-0000505,ATT-0002605,TXN-0002257,CUST-000487,2019-08-19T11:35:00,temporary_network_error,91
FAIL-0000506,ATT-0002606,TXN-0002257,CUST-000487,2019-08-24T11:35:00,temporary_network_error,91
FAIL-0000507,ATT-0002617,TXN-0002268,CUST-000490,2021-12-22T11:55:00,insufficient_funds,51
FAIL-0000508,ATT-0002621,TXN-0002271,CUST-000490,2022-08-27T12:42:00,insufficient_funds,51
FAIL-0000509,ATT-0002622,TXN-0002271,CUST-000490,2022-08-29T12:42:00,insufficient_funds,51
FAIL-0000510,ATT-0002623,TXN-0002271,CUST-000490,2022-09-08T12:42:00,insufficient_funds,51
FAIL-0000511,ATT-0002630,TXN-0002278,CUST-000492,2023-05-07T08:13:00,insufficient_funds,51
FAIL-0000512,ATT-0002631,TXN-0002278,CUST-000492,2023-05-08T08:13:00,insufficient_funds,51
FAIL-0000513,ATT-0002632,TXN-0002278,CUST-000492,2023-05-12T08:13:00,insufficient_funds,51
FAIL-0000514,ATT-0002637,TXN-0002283,CUST-000492,2024-04-26T09:02:00,insufficient_funds,51
FAIL-0000515,ATT-0002638,TXN-0002283,CUST-000492,2024-04-27T09:02:00,insufficient_funds,51
FAIL-0000516,ATT-0002639,TXN-0002283,CUST-000492,2024-05-07T09:02:00,insufficient_funds,51
FAIL-0000517,ATT-0002642,TXN-0002286,CUST-000493,2022-05-09T21:54:00,invalid_payment_method,14
FAIL-0000518,ATT-0002643,TXN-0002286,CUST-000493,2022-05-12T21:54:00,invalid_payment_method,14
FAIL-0000519,ATT-0002649,TXN-0002292,CUST-000494,2023-10-26T17:16:00,invalid_payment_method,14
FAIL-0000520,ATT-0002650,TXN-0002292,CUST-000494,2023-10-27T17:16:00,invalid_payment_method,14
FAIL-0000521,ATT-0002653,TXN-0002294,CUST-000495,2022-05-24T12:25:00,insufficient_funds,51
FAIL-0000522,ATT-0002654,TXN-0002294,CUST-000495,2022-05-25T12:25:00,insufficient_funds,51
FAIL-0000523,ATT-0002655,TXN-0002294,CUST-000495,2022-06-03T12:25:00,insufficient_funds,51
FAIL-0000524,ATT-0002658,TXN-0002297,CUST-000495,2022-12-11T12:34:00,temporary_network_error,91
FAIL-0000525,ATT-0002659,TXN-0002297,CUST-000495,2022-12-12T12:34:00,temporary_network_error,91
FAIL-0000526,ATT-0002660,TXN-0002297,CUST-000495,2022-12-22T12:34:00,temporary_network_error,91
FAIL-0000527,ATT-0002694,TXN-0002331,CUST-000502,2023-11-28T23:39:00,insufficient_funds,51
FAIL-0000528,ATT-0002695,TXN-0002331,CUST-000502,2023-12-01T23:39:00,insufficient_funds,51
FAIL-0000529,ATT-0002696,TXN-0002331,CUST-000502,2023-12-07T23:39:00,insufficient_funds,51
FAIL-0000530,ATT-0002745,TXN-0002379,CUST-000512,2019-04-09T00:16:00,temporary_network_error,91
FAIL-0000531,ATT-0002746,TXN-0002379,CUST-000512,2019-04-10T00:16:00,temporary_network_error,91
FAIL-0000532,ATT-0002747,TXN-0002379,CUST-000512,2019-04-17T00:16:00,temporary_network_error,91
FAIL-0000533,ATT-0002750,TXN-0002382,CUST-000512,2019-11-29T22:15:00,insufficient_funds,51
FAIL-0000534,ATT-0002751,TXN-0002382,CUST-000512,2019-12-01T22:15:00,insufficient_funds,51
FAIL-0000535,ATT-0002752,TXN-0002382,CUST-000512,2019-12-05T22:15:00,insufficient_funds,51
FAIL-0000536,ATT-0002754,TXN-0002384,CUST-000512,2020-05-17T22:38:00,bank_unavailable,96
FAIL-0000537,ATT-0002755,TXN-0002384,CUST-000512,2020-05-19T22:38:00,bank_unavailable,96
FAIL-0000538,ATT-0002756,TXN-0002384,CUST-000512,2020-05-22T22:38:00,bank_unavailable,96
FAIL-0000539,ATT-0002766,TXN-0002394,CUST-000514,2020-04-18T03:12:00,temporary_network_error,91
FAIL-0000540,ATT-0002767,TXN-0002394,CUST-000514,2020-04-21T03:12:00,temporary_network_error,91
FAIL-0000541,ATT-0002777,TXN-0002403,CUST-000516,2022-03-20T10:04:00,payment_method_limit_exceeded,61
FAIL-0000542,ATT-0002778,TXN-0002403,CUST-000516,2022-03-23T10:04:00,payment_method_limit_exceeded,61
FAIL-0000543,ATT-0002779,TXN-0002403,CUST-000516,2022-03-31T10:04:00,payment_method_limit_exceeded,61
FAIL-0000544,ATT-0002788,TXN-0002411,CUST-000518,2022-02-10T17:51:00,insufficient_funds,51
FAIL-0000545,ATT-0002789,TXN-0002412,CUST-000519,2024-01-23T15:34:00,insufficient_funds,51
FAIL-0000546,ATT-0002790,TXN-0002412,CUST-000519,2024-01-24T15:34:00,insufficient_funds,51
FAIL-0000547,ATT-0002791,TXN-0002412,CUST-000519,2024-02-03T15:34:00,insufficient_funds,51
FAIL-0000548,ATT-0002792,TXN-0002413,CUST-000519,2024-04-06T17:24:00,insufficient_funds,51
FAIL-0000549,ATT-0002793,TXN-0002413,CUST-000519,2024-04-07T17:24:00,insufficient_funds,51
FAIL-0000550,ATT-0002794,TXN-0002413,CUST-000519,2024-04-17T17:24:00,insufficient_funds,51
FAIL-0000551,ATT-0002797,TXN-0002416,CUST-000521,2020-05-12T19:37:00,bank_unavailable,96
FAIL-0000552,ATT-0002798,TXN-0002416,CUST-000521,2020-05-14T19:37:00,bank_unavailable,96
FAIL-0000553,ATT-0002799,TXN-0002416,CUST-000521,2020-05-24T19:37:00,bank_unavailable,96
FAIL-0000554,ATT-0002800,TXN-0002417,CUST-000521,2020-07-29T19:58:00,temporary_network_error,91
FAIL-0000555,ATT-0002801,TXN-0002417,CUST-000521,2020-07-30T19:58:00,temporary_network_error,91
FAIL-0000556,ATT-0002802,TXN-0002417,CUST-000521,2020-08-04T19:58:00,temporary_network_error,91
FAIL-0000557,ATT-0002824,TXN-0002439,CUST-000526,2021-08-21T14:44:00,insufficient_funds,51
FAIL-0000558,ATT-0002829,TXN-0002443,CUST-000527,2021-10-04T21:52:00,insufficient_funds,51
FAIL-0000559,ATT-0002830,TXN-0002443,CUST-000527,2021-10-07T21:52:00,insufficient_funds,51
FAIL-0000560,ATT-0002856,TXN-0002468,CUST-000533,2021-07-28T07:21:00,risk_review_hold,57
FAIL-0000561,ATT-0002867,TXN-0002479,CUST-000536,2021-02-01T17:24:00,invalid_payment_method,14
FAIL-0000562,ATT-0002868,TXN-0002479,CUST-000536,2021-02-03T17:24:00,invalid_payment_method,14
FAIL-0000563,ATT-0002870,TXN-0002481,CUST-000536,2021-07-30T16:07:00,insufficient_funds,51
FAIL-0000564,ATT-0002871,TXN-0002481,CUST-000536,2021-08-02T16:07:00,insufficient_funds,51
FAIL-0000565,ATT-0002872,TXN-0002481,CUST-000536,2021-08-05T16:07:00,insufficient_funds,51
FAIL-0000566,ATT-0002918,TXN-0002527,CUST-000546,2024-03-09T04:11:00,insufficient_funds,51
FAIL-0000567,ATT-0002927,TXN-0002535,CUST-000547,2023-02-22T13:12:00,invalid_payment_method,14
FAIL-0000568,ATT-0002928,TXN-0002535,CUST-000547,2023-02-24T13:12:00,invalid_payment_method,14
FAIL-0000569,ATT-0002936,TXN-0002543,CUST-000548,2022-09-29T23:49:00,invalid_payment_method,14
FAIL-0000570,ATT-0002937,TXN-0002543,CUST-000548,2022-09-30T23:49:00,invalid_payment_method,14
FAIL-0000571,ATT-0002948,TXN-0002554,CUST-000550,2021-05-09T17:24:00,insufficient_funds,51
FAIL-0000572,ATT-0002951,TXN-0002556,CUST-000551,2024-05-03T21:53:00,bank_unavailable,96
FAIL-0000573,ATT-0002959,TXN-0002563,CUST-000553,2021-02-23T06:15:00,invalid_payment_method,14
FAIL-0000574,ATT-0002960,TXN-0002563,CUST-000553,2021-02-24T06:15:00,invalid_payment_method,14
FAIL-0000575,ATT-0002966,TXN-0002568,CUST-000553,2022-01-02T06:09:00,temporary_network_error,91
FAIL-0000576,ATT-0002983,TXN-0002584,CUST-000557,2023-10-15T10:23:00,temporary_network_error,91
FAIL-0000577,ATT-0002984,TXN-0002584,CUST-000557,2023-10-17T10:23:00,temporary_network_error,91
FAIL-0000578,ATT-0002985,TXN-0002584,CUST-000557,2023-10-26T10:23:00,temporary_network_error,91
FAIL-0000579,ATT-0002987,TXN-0002586,CUST-000557,2024-01-16T11:30:00,temporary_network_error,91
FAIL-0000580,ATT-0002988,TXN-0002586,CUST-000557,2024-01-18T11:30:00,temporary_network_error,91
FAIL-0000581,ATT-0002995,TXN-0002592,CUST-000558,2023-06-07T07:45:00,insufficient_funds,51
FAIL-0000582,ATT-0002996,TXN-0002592,CUST-000558,2023-06-08T07:45:00,insufficient_funds,51
FAIL-0000583,ATT-0002997,TXN-0002592,CUST-000558,2023-06-11T07:45:00,insufficient_funds,51
FAIL-0000584,ATT-0002999,TXN-0002594,CUST-000558,2023-11-19T09:05:00,risk_review_hold,57
FAIL-0000585,ATT-0003024,TXN-0002619,CUST-000564,2019-08-07T17:49:00,temporary_network_error,91
FAIL-0000586,ATT-0003025,TXN-0002619,CUST-000564,2019-08-10T17:49:00,temporary_network_error,91
FAIL-0000587,ATT-0003026,TXN-0002619,CUST-000564,2019-08-20T17:49:00,temporary_network_error,91
FAIL-0000588,ATT-0003034,TXN-0002627,CUST-000566,2022-10-09T15:57:00,insufficient_funds,51
FAIL-0000589,ATT-0003035,TXN-0002627,CUST-000566,2022-10-10T15:57:00,insufficient_funds,51
FAIL-0000590,ATT-0003036,TXN-0002627,CUST-000566,2022-10-17T15:57:00,insufficient_funds,51
FAIL-0000591,ATT-0003042,TXN-0002633,CUST-000568,2021-12-23T14:56:00,payment_method_limit_exceeded,61
FAIL-0000592,ATT-0003043,TXN-0002633,CUST-000568,2021-12-24T14:56:00,payment_method_limit_exceeded,61
FAIL-0000593,ATT-0003044,TXN-0002633,CUST-000568,2022-01-03T14:56:00,payment_method_limit_exceeded,61
FAIL-0000594,ATT-0003054,TXN-0002643,CUST-000569,2022-01-14T02:10:00,expired_card,54
FAIL-0000595,ATT-0003055,TXN-0002643,CUST-000569,2022-01-15T02:10:00,expired_card,54
FAIL-0000596,ATT-0003061,TXN-0002649,CUST-000571,2019-02-27T22:25:00,temporary_network_error,91
FAIL-0000597,ATT-0003062,TXN-0002649,CUST-000571,2019-03-02T22:25:00,temporary_network_error,91
FAIL-0000598,ATT-0003063,TXN-0002649,CUST-000571,2019-03-05T22:25:00,temporary_network_error,91
FAIL-0000599,ATT-0003080,TXN-0002666,CUST-000574,2023-06-04T07:08:00,insufficient_funds,51
FAIL-0000600,ATT-0003081,TXN-0002666,CUST-000574,2023-06-07T07:08:00,insufficient_funds,51
FAIL-0000601,ATT-0003082,TXN-0002666,CUST-000574,2023-06-11T07:08:00,insufficient_funds,51
FAIL-0000602,ATT-0003088,TXN-0002672,CUST-000577,2023-08-13T11:12:00,invalid_payment_method,14
FAIL-0000603,ATT-0003089,TXN-0002672,CUST-000577,2023-08-14T11:12:00,invalid_payment_method,14
FAIL-0000604,ATT-0003098,TXN-0002681,CUST-000579,2024-05-13T10:52:00,temporary_network_error,91
FAIL-0000605,ATT-0003099,TXN-0002681,CUST-000579,2024-05-14T10:52:00,temporary_network_error,91
FAIL-0000606,ATT-0003100,TXN-0002681,CUST-000579,2024-05-18T10:52:00,temporary_network_error,91
FAIL-0000607,ATT-0003103,TXN-0002684,CUST-000579,2025-01-25T11:11:00,expired_card,54
FAIL-0000608,ATT-0003104,TXN-0002684,CUST-000579,2025-01-26T11:11:00,expired_card,54
FAIL-0000609,ATT-0003106,TXN-0002686,CUST-000580,2023-04-12T17:36:00,invalid_payment_method,14
FAIL-0000610,ATT-0003107,TXN-0002686,CUST-000580,2023-04-13T17:36:00,invalid_payment_method,14
FAIL-0000611,ATT-0003111,TXN-0002690,CUST-000580,2024-03-25T17:37:00,insufficient_funds,51
FAIL-0000612,ATT-0003112,TXN-0002690,CUST-000580,2024-03-28T17:37:00,insufficient_funds,51
FAIL-0000613,ATT-0003134,TXN-0002711,CUST-000586,2023-01-29T08:00:00,temporary_network_error,91
FAIL-0000614,ATT-0003139,TXN-0002715,CUST-000587,2023-04-10T21:18:00,bank_unavailable,96
FAIL-0000615,ATT-0003140,TXN-0002715,CUST-000587,2023-04-11T21:18:00,bank_unavailable,96
FAIL-0000616,ATT-0003149,TXN-0002723,CUST-000589,2019-09-28T07:47:00,insufficient_funds,51
FAIL-0000617,ATT-0003150,TXN-0002723,CUST-000589,2019-10-01T07:47:00,insufficient_funds,51
FAIL-0000618,ATT-0003151,TXN-0002723,CUST-000589,2019-10-05T07:47:00,insufficient_funds,51
FAIL-0000619,ATT-0003181,TXN-0002752,CUST-000596,2021-04-04T10:32:00,temporary_network_error,91
FAIL-0000620,ATT-0003182,TXN-0002752,CUST-000596,2021-04-06T10:32:00,temporary_network_error,91
FAIL-0000621,ATT-0003183,TXN-0002752,CUST-000596,2021-04-11T10:32:00,temporary_network_error,91
FAIL-0000622,ATT-0003205,TXN-0002774,CUST-000600,2022-02-08T00:19:00,temporary_network_error,91
FAIL-0000623,ATT-0003206,TXN-0002774,CUST-000600,2022-02-11T00:19:00,temporary_network_error,91
FAIL-0000624,ATT-0003207,TXN-0002774,CUST-000600,2022-02-20T00:19:00,temporary_network_error,91
FAIL-0000625,ATT-0003213,TXN-0002780,CUST-000601,2020-05-28T12:23:00,insufficient_funds,51
FAIL-0000626,ATT-0003214,TXN-0002780,CUST-000601,2020-05-29T12:23:00,insufficient_funds,51
FAIL-0000627,ATT-0003215,TXN-0002780,CUST-000601,2020-06-08T12:23:00,insufficient_funds,51
FAIL-0000628,ATT-0003220,TXN-0002785,CUST-000602,2019-05-13T10:35:00,temporary_network_error,91
FAIL-0000629,ATT-0003221,TXN-0002785,CUST-000602,2019-05-16T10:35:00,temporary_network_error,91
FAIL-0000630,ATT-0003222,TXN-0002785,CUST-000602,2019-05-20T10:35:00,temporary_network_error,91
FAIL-0000631,ATT-0003238,TXN-0002801,CUST-000607,2024-01-20T11:44:00,temporary_network_error,91
FAIL-0000632,ATT-0003239,TXN-0002801,CUST-000607,2024-01-22T11:44:00,temporary_network_error,91
FAIL-0000633,ATT-0003240,TXN-0002801,CUST-000607,2024-02-01T11:44:00,temporary_network_error,91
FAIL-0000634,ATT-0003257,TXN-0002818,CUST-000610,2023-06-23T10:52:00,temporary_network_error,91
FAIL-0000635,ATT-0003258,TXN-0002818,CUST-000610,2023-06-24T10:52:00,temporary_network_error,91
FAIL-0000636,ATT-0003259,TXN-0002818,CUST-000610,2023-07-04T10:52:00,temporary_network_error,91
FAIL-0000637,ATT-0003261,TXN-0002820,CUST-000611,2022-10-21T20:49:00,expired_card,54
FAIL-0000638,ATT-0003262,TXN-0002820,CUST-000611,2022-10-24T20:49:00,expired_card,54
FAIL-0000639,ATT-0003265,TXN-0002823,CUST-000611,2023-06-21T21:12:00,temporary_network_error,91
FAIL-0000640,ATT-0003293,TXN-0002851,CUST-000615,2020-09-12T21:23:00,risk_review_hold,57
FAIL-0000641,ATT-0003294,TXN-0002852,CUST-000615,2020-12-18T19:57:00,expired_card,54
FAIL-0000642,ATT-0003295,TXN-0002852,CUST-000615,2020-12-19T19:57:00,expired_card,54
FAIL-0000643,ATT-0003307,TXN-0002864,CUST-000618,2024-06-24T23:40:00,insufficient_funds,51
FAIL-0000644,ATT-0003308,TXN-0002864,CUST-000618,2024-06-25T23:40:00,insufficient_funds,51
FAIL-0000645,ATT-0003320,TXN-0002875,CUST-000619,2022-10-21T01:45:00,insufficient_funds,51
FAIL-0000646,ATT-0003321,TXN-0002875,CUST-000619,2022-10-23T01:45:00,insufficient_funds,51
FAIL-0000647,ATT-0003322,TXN-0002875,CUST-000619,2022-10-29T01:45:00,insufficient_funds,51
FAIL-0000648,ATT-0003327,TXN-0002880,CUST-000621,2023-04-29T02:27:00,payment_method_limit_exceeded,61
FAIL-0000649,ATT-0003328,TXN-0002880,CUST-000621,2023-04-30T02:27:00,payment_method_limit_exceeded,61
FAIL-0000650,ATT-0003329,TXN-0002880,CUST-000621,2023-05-06T02:27:00,payment_method_limit_exceeded,61
FAIL-0000651,ATT-0003339,TXN-0002890,CUST-000623,2023-07-15T05:58:00,insufficient_funds,51
FAIL-0000652,ATT-0003342,TXN-0002892,CUST-000623,2023-11-08T05:12:00,invalid_payment_method,14
FAIL-0000653,ATT-0003343,TXN-0002892,CUST-000623,2023-11-11T05:12:00,invalid_payment_method,14
FAIL-0000654,ATT-0003344,TXN-0002893,CUST-000624,2021-02-09T09:14:00,insufficient_funds,51
FAIL-0000655,ATT-0003345,TXN-0002893,CUST-000624,2021-02-11T09:14:00,insufficient_funds,51
FAIL-0000656,ATT-0003346,TXN-0002893,CUST-000624,2021-02-15T09:14:00,insufficient_funds,51
FAIL-0000657,ATT-0003347,TXN-0002894,CUST-000624,2021-05-20T07:31:00,invalid_payment_method,14
FAIL-0000658,ATT-0003348,TXN-0002894,CUST-000624,2021-05-22T07:31:00,invalid_payment_method,14
FAIL-0000659,ATT-0003351,TXN-0002897,CUST-000625,2021-11-24T19:41:00,temporary_network_error,91
FAIL-0000660,ATT-0003363,TXN-0002908,CUST-000628,2019-07-17T01:32:00,insufficient_funds,51
FAIL-0000661,ATT-0003364,TXN-0002908,CUST-000628,2019-07-18T01:32:00,insufficient_funds,51
FAIL-0000662,ATT-0003365,TXN-0002908,CUST-000628,2019-07-28T01:32:00,insufficient_funds,51
FAIL-0000663,ATT-0003386,TXN-0002929,CUST-000632,2024-09-23T03:58:00,expired_card,54
FAIL-0000664,ATT-0003387,TXN-0002929,CUST-000632,2024-09-24T03:58:00,expired_card,54
FAIL-0000665,ATT-0003389,TXN-0002931,CUST-000632,2025-03-09T06:05:00,invalid_payment_method,14
FAIL-0000666,ATT-0003390,TXN-0002931,CUST-000632,2025-03-11T06:05:00,invalid_payment_method,14
FAIL-0000667,ATT-0003398,TXN-0002939,CUST-000634,2022-04-21T02:25:00,insufficient_funds,51
FAIL-0000668,ATT-0003399,TXN-0002939,CUST-000634,2022-04-23T02:25:00,insufficient_funds,51
FAIL-0000669,ATT-0003400,TXN-0002939,CUST-000634,2022-05-03T02:25:00,insufficient_funds,51
FAIL-0000670,ATT-0003428,TXN-0002967,CUST-000642,2024-04-14T05:45:00,payment_method_limit_exceeded,61
FAIL-0000671,ATT-0003429,TXN-0002967,CUST-000642,2024-04-16T05:45:00,payment_method_limit_exceeded,61
FAIL-0000672,ATT-0003430,TXN-0002967,CUST-000642,2024-04-25T05:45:00,payment_method_limit_exceeded,61
FAIL-0000673,ATT-0003437,TXN-0002974,CUST-000643,2024-01-23T07:45:00,insufficient_funds,51
FAIL-0000674,ATT-0003438,TXN-0002974,CUST-000643,2024-01-26T07:45:00,insufficient_funds,51
FAIL-0000675,ATT-0003439,TXN-0002974,CUST-000643,2024-01-29T07:45:00,insufficient_funds,51
FAIL-0000676,ATT-0003453,TXN-0002988,CUST-000646,2021-03-31T17:17:00,risk_review_hold,57
FAIL-0000677,ATT-0003467,TXN-0003001,CUST-000649,2022-05-17T01:39:00,invalid_payment_method,14
FAIL-0000678,ATT-0003468,TXN-0003001,CUST-000649,2022-05-18T01:39:00,invalid_payment_method,14
FAIL-0000679,ATT-0003483,TXN-0003016,CUST-000651,2020-10-03T23:01:00,payment_method_limit_exceeded,61
FAIL-0000680,ATT-0003484,TXN-0003016,CUST-000651,2020-10-04T23:01:00,payment_method_limit_exceeded,61
FAIL-0000681,ATT-0003485,TXN-0003016,CUST-000651,2020-10-09T23:01:00,payment_method_limit_exceeded,61
FAIL-0000682,ATT-0003487,TXN-0003018,CUST-000652,2021-07-24T13:57:00,insufficient_funds,51
FAIL-0000683,ATT-0003488,TXN-0003018,CUST-000652,2021-07-26T13:57:00,insufficient_funds,51
FAIL-0000684,ATT-0003489,TXN-0003018,CUST-000652,2021-08-03T13:57:00,insufficient_funds,51
FAIL-0000685,ATT-0003490,TXN-0003019,CUST-000652,2021-08-18T13:50:00,temporary_network_error,91
FAIL-0000686,ATT-0003491,TXN-0003019,CUST-000652,2021-08-19T13:50:00,temporary_network_error,91
FAIL-0000687,ATT-0003492,TXN-0003019,CUST-000652,2021-08-23T13:50:00,temporary_network_error,91
FAIL-0000688,ATT-0003500,TXN-0003027,CUST-000654,2022-12-05T14:56:00,payment_method_limit_exceeded,61
FAIL-0000689,ATT-0003501,TXN-0003027,CUST-000654,2022-12-08T14:56:00,payment_method_limit_exceeded,61
FAIL-0000690,ATT-0003502,TXN-0003027,CUST-000654,2022-12-13T14:56:00,payment_method_limit_exceeded,61
FAIL-0000691,ATT-0003514,TXN-0003039,CUST-000656,2019-08-24T07:52:00,expired_card,54
FAIL-0000692,ATT-0003515,TXN-0003039,CUST-000656,2019-08-25T07:52:00,expired_card,54
FAIL-0000693,ATT-0003527,TXN-0003051,CUST-000658,2023-06-05T06:10:00,insufficient_funds,51
FAIL-0000694,ATT-0003528,TXN-0003051,CUST-000658,2023-06-07T06:10:00,insufficient_funds,51
FAIL-0000695,ATT-0003529,TXN-0003051,CUST-000658,2023-06-14T06:10:00,insufficient_funds,51
FAIL-0000696,ATT-0003571,TXN-0003093,CUST-000668,2019-12-29T00:18:00,insufficient_funds,51
FAIL-0000697,ATT-0003572,TXN-0003093,CUST-000668,2020-01-01T00:18:00,insufficient_funds,51
FAIL-0000698,ATT-0003573,TXN-0003093,CUST-000668,2020-01-11T00:18:00,insufficient_funds,51
FAIL-0000699,ATT-0003576,TXN-0003096,CUST-000668,2020-09-22T02:24:00,expired_card,54
FAIL-0000700,ATT-0003577,TXN-0003096,CUST-000668,2020-09-25T02:24:00,expired_card,54
FAIL-0000701,ATT-0003579,TXN-0003098,CUST-000669,2023-12-13T19:20:00,insufficient_funds,51
FAIL-0000702,ATT-0003580,TXN-0003098,CUST-000669,2023-12-15T19:20:00,insufficient_funds,51
FAIL-0000703,ATT-0003586,TXN-0003103,CUST-000670,2021-12-08T05:05:00,insufficient_funds,51
FAIL-0000704,ATT-0003593,TXN-0003109,CUST-000672,2023-12-23T17:29:00,insufficient_funds,51
FAIL-0000705,ATT-0003602,TXN-0003117,CUST-000673,2020-04-04T08:07:00,invalid_payment_method,14
FAIL-0000706,ATT-0003603,TXN-0003117,CUST-000673,2020-04-07T08:07:00,invalid_payment_method,14
FAIL-0000707,ATT-0003623,TXN-0003136,CUST-000679,2020-04-03T04:25:00,expired_card,54
FAIL-0000708,ATT-0003624,TXN-0003136,CUST-000679,2020-04-05T04:25:00,expired_card,54
FAIL-0000709,ATT-0003635,TXN-0003147,CUST-000681,2023-11-06T15:50:00,temporary_network_error,91
FAIL-0000710,ATT-0003645,TXN-0003157,CUST-000684,2020-11-08T22:51:00,risk_review_hold,57
FAIL-0000711,ATT-0003646,TXN-0003158,CUST-000684,2021-02-16T23:34:00,invalid_payment_method,14
FAIL-0000712,ATT-0003647,TXN-0003158,CUST-000684,2021-02-19T23:34:00,invalid_payment_method,14
FAIL-0000713,ATT-0003670,TXN-0003181,CUST-000689,2020-01-05T10:48:00,insufficient_funds,51
FAIL-0000714,ATT-0003671,TXN-0003181,CUST-000689,2020-01-08T10:48:00,insufficient_funds,51
FAIL-0000715,ATT-0003672,TXN-0003181,CUST-000689,2020-01-17T10:48:00,insufficient_funds,51
FAIL-0000716,ATT-0003674,TXN-0003183,CUST-000689,2020-07-10T09:58:00,expired_card,54
FAIL-0000717,ATT-0003675,TXN-0003183,CUST-000689,2020-07-12T09:58:00,expired_card,54
FAIL-0000718,ATT-0003677,TXN-0003185,CUST-000689,2020-11-13T09:49:00,insufficient_funds,51
FAIL-0000719,ATT-0003678,TXN-0003185,CUST-000689,2020-11-14T09:49:00,insufficient_funds,51
FAIL-0000720,ATT-0003679,TXN-0003185,CUST-000689,2020-11-19T09:49:00,insufficient_funds,51
FAIL-0000721,ATT-0003707,TXN-0003213,CUST-000695,2023-12-02T08:31:00,temporary_network_error,91
FAIL-0000722,ATT-0003709,TXN-0003214,CUST-000695,2024-02-07T07:50:00,risk_review_hold,57
FAIL-0000723,ATT-0003728,TXN-0003233,CUST-000698,2023-10-04T16:35:00,temporary_network_error,91
FAIL-0000724,ATT-0003730,TXN-0003234,CUST-000699,2022-12-22T16:42:00,insufficient_funds,51
FAIL-0000725,ATT-0003731,TXN-0003234,CUST-000699,2022-12-23T16:42:00,insufficient_funds,51
FAIL-0000726,ATT-0003732,TXN-0003234,CUST-000699,2022-12-26T16:42:00,insufficient_funds,51
FAIL-0000727,ATT-0003734,TXN-0003236,CUST-000699,2023-07-07T17:28:00,temporary_network_error,91
FAIL-0000728,ATT-0003735,TXN-0003236,CUST-000699,2023-07-09T17:28:00,temporary_network_error,91
FAIL-0000729,ATT-0003744,TXN-0003244,CUST-000700,2023-06-02T23:52:00,temporary_network_error,91
FAIL-0000730,ATT-0003745,TXN-0003244,CUST-000700,2023-06-04T23:52:00,temporary_network_error,91
FAIL-0000731,ATT-0003746,TXN-0003244,CUST-000700,2023-06-13T23:52:00,temporary_network_error,91
FAIL-0000732,ATT-0003755,TXN-0003253,CUST-000702,2023-12-11T19:36:00,bank_unavailable,96
FAIL-0000733,ATT-0003756,TXN-0003253,CUST-000702,2023-12-12T19:36:00,bank_unavailable,96
FAIL-0000734,ATT-0003757,TXN-0003253,CUST-000702,2023-12-22T19:36:00,bank_unavailable,96
FAIL-0000735,ATT-0003784,TXN-0003280,CUST-000707,2021-02-14T16:02:00,risk_review_hold,57
FAIL-0000736,ATT-0003794,TXN-0003290,CUST-000709,2023-12-04T03:47:00,insufficient_funds,51
FAIL-0000737,ATT-0003804,TXN-0003300,CUST-000712,2022-07-05T19:40:00,temporary_network_error,91
FAIL-0000738,ATT-0003805,TXN-0003300,CUST-000712,2022-07-06T19:40:00,temporary_network_error,91
FAIL-0000739,ATT-0003806,TXN-0003300,CUST-000712,2022-07-16T19:40:00,temporary_network_error,91
FAIL-0000740,ATT-0003815,TXN-0003309,CUST-000713,2021-05-27T10:58:00,payment_method_limit_exceeded,61
FAIL-0000741,ATT-0003816,TXN-0003309,CUST-000713,2021-05-28T10:58:00,payment_method_limit_exceeded,61
FAIL-0000742,ATT-0003817,TXN-0003309,CUST-000713,2021-06-03T10:58:00,payment_method_limit_exceeded,61
FAIL-0000743,ATT-0003827,TXN-0003319,CUST-000716,2023-02-19T01:34:00,temporary_network_error,91
FAIL-0000744,ATT-0003828,TXN-0003319,CUST-000716,2023-02-20T01:34:00,temporary_network_error,91
FAIL-0000745,ATT-0003829,TXN-0003319,CUST-000716,2023-02-27T01:34:00,temporary_network_error,91
FAIL-0000746,ATT-0003830,TXN-0003320,CUST-000716,2023-04-01T01:41:00,expired_card,54
FAIL-0000747,ATT-0003831,TXN-0003320,CUST-000716,2023-04-03T01:41:00,expired_card,54
FAIL-0000748,ATT-0003836,TXN-0003325,CUST-000717,2022-12-22T16:17:00,temporary_network_error,91
FAIL-0000749,ATT-0003837,TXN-0003325,CUST-000717,2022-12-24T16:17:00,temporary_network_error,91
FAIL-0000750,ATT-0003838,TXN-0003325,CUST-000717,2023-01-02T16:17:00,temporary_network_error,91
FAIL-0000751,ATT-0003842,TXN-0003328,CUST-000718,2019-08-05T20:49:00,bank_unavailable,96
FAIL-0000752,ATT-0003843,TXN-0003328,CUST-000718,2019-08-08T20:49:00,bank_unavailable,96
FAIL-0000753,ATT-0003844,TXN-0003328,CUST-000718,2019-08-13T20:49:00,bank_unavailable,96
FAIL-0000754,ATT-0003849,TXN-0003333,CUST-000719,2021-04-05T08:24:00,insufficient_funds,51
FAIL-0000755,ATT-0003852,TXN-0003335,CUST-000719,2021-10-19T07:42:00,insufficient_funds,51
FAIL-0000756,ATT-0003853,TXN-0003335,CUST-000719,2021-10-22T07:42:00,insufficient_funds,51
FAIL-0000757,ATT-0003854,TXN-0003335,CUST-000719,2021-10-26T07:42:00,insufficient_funds,51
FAIL-0000758,ATT-0003863,TXN-0003344,CUST-000721,2021-12-01T11:02:00,insufficient_funds,51
FAIL-0000759,ATT-0003864,TXN-0003344,CUST-000721,2021-12-03T11:02:00,insufficient_funds,51
FAIL-0000760,ATT-0003865,TXN-0003344,CUST-000721,2021-12-09T11:02:00,insufficient_funds,51
FAIL-0000761,ATT-0003874,TXN-0003353,CUST-000722,2023-12-03T01:12:00,insufficient_funds,51
FAIL-0000762,ATT-0003875,TXN-0003353,CUST-000722,2023-12-04T01:12:00,insufficient_funds,51
FAIL-0000763,ATT-0003876,TXN-0003353,CUST-000722,2023-12-09T01:12:00,insufficient_funds,51
FAIL-0000764,ATT-0003878,TXN-0003354,CUST-000723,2024-03-07T01:22:00,invalid_payment_method,14
FAIL-0000765,ATT-0003879,TXN-0003354,CUST-000723,2024-03-08T01:22:00,invalid_payment_method,14
FAIL-0000766,ATT-0003890,TXN-0003365,CUST-000725,2020-07-12T03:46:00,bank_unavailable,96
FAIL-0000767,ATT-0003891,TXN-0003365,CUST-000725,2020-07-13T03:46:00,bank_unavailable,96
FAIL-0000768,ATT-0003892,TXN-0003365,CUST-000725,2020-07-16T03:46:00,bank_unavailable,96
FAIL-0000769,ATT-0003895,TXN-0003368,CUST-000726,2021-02-27T19:09:00,expired_card,54
FAIL-0000770,ATT-0003896,TXN-0003368,CUST-000726,2021-02-28T19:09:00,expired_card,54
FAIL-0000771,ATT-0003910,TXN-0003382,CUST-000730,2020-01-17T16:49:00,payment_method_limit_exceeded,61
FAIL-0000772,ATT-0003925,TXN-0003396,CUST-000733,2023-02-05T10:00:00,insufficient_funds,51
FAIL-0000773,ATT-0003926,TXN-0003396,CUST-000733,2023-02-08T10:00:00,insufficient_funds,51
FAIL-0000774,ATT-0003927,TXN-0003396,CUST-000733,2023-02-13T10:00:00,insufficient_funds,51
FAIL-0000775,ATT-0003929,TXN-0003398,CUST-000734,2020-04-28T00:29:00,insufficient_funds,51
FAIL-0000776,ATT-0003930,TXN-0003398,CUST-000734,2020-04-29T00:29:00,insufficient_funds,51
FAIL-0000777,ATT-0003931,TXN-0003398,CUST-000734,2020-05-05T00:29:00,insufficient_funds,51
FAIL-0000778,ATT-0003932,TXN-0003399,CUST-000734,2020-06-28T00:36:00,insufficient_funds,51
FAIL-0000779,ATT-0003933,TXN-0003399,CUST-000734,2020-07-01T00:36:00,insufficient_funds,51
FAIL-0000780,ATT-0003934,TXN-0003399,CUST-000734,2020-07-11T00:36:00,insufficient_funds,51
FAIL-0000781,ATT-0003948,TXN-0003413,CUST-000736,2022-06-01T12:49:00,invalid_payment_method,14
FAIL-0000782,ATT-0003949,TXN-0003413,CUST-000736,2022-06-03T12:49:00,invalid_payment_method,14
FAIL-0000783,ATT-0003994,TXN-0003457,CUST-000746,2024-03-01T02:34:00,insufficient_funds,51
FAIL-0000784,ATT-0003995,TXN-0003457,CUST-000746,2024-03-02T02:34:00,insufficient_funds,51
FAIL-0000785,ATT-0003996,TXN-0003457,CUST-000746,2024-03-12T02:34:00,insufficient_funds,51
FAIL-0000786,ATT-0004007,TXN-0003468,CUST-000748,2024-12-01T11:23:00,invalid_payment_method,14
FAIL-0000787,ATT-0004008,TXN-0003468,CUST-000748,2024-12-02T11:23:00,invalid_payment_method,14
FAIL-0000788,ATT-0004027,TXN-0003486,CUST-000752,2021-01-25T00:51:00,expired_card,54
FAIL-0000789,ATT-0004028,TXN-0003486,CUST-000752,2021-01-28T00:51:00,expired_card,54
FAIL-0000790,ATT-0004047,TXN-0003505,CUST-000757,2021-06-05T03:12:00,invalid_payment_method,14
FAIL-0000791,ATT-0004048,TXN-0003505,CUST-000757,2021-06-07T03:12:00,invalid_payment_method,14
FAIL-0000792,ATT-0004060,TXN-0003516,CUST-000759,2022-01-21T17:50:00,bank_unavailable,96
FAIL-0000793,ATT-0004061,TXN-0003516,CUST-000759,2022-01-24T17:50:00,bank_unavailable,96
FAIL-0000794,ATT-0004062,TXN-0003516,CUST-000759,2022-01-29T17:50:00,bank_unavailable,96
FAIL-0000795,ATT-0004064,TXN-0003518,CUST-000760,2021-03-26T10:24:00,expired_card,54
FAIL-0000796,ATT-0004065,TXN-0003518,CUST-000760,2021-03-27T10:24:00,expired_card,54
FAIL-0000797,ATT-0004067,TXN-0003520,CUST-000760,2021-08-18T09:35:00,expired_card,54
FAIL-0000798,ATT-0004068,TXN-0003520,CUST-000760,2021-08-19T09:35:00,expired_card,54
FAIL-0000799,ATT-0004073,TXN-0003525,CUST-000761,2020-11-27T15:48:00,insufficient_funds,51
FAIL-0000800,ATT-0004086,TXN-0003537,CUST-000765,2024-02-27T04:09:00,risk_review_hold,57
FAIL-0000801,ATT-0004100,TXN-0003551,CUST-000769,2019-11-22T04:12:00,expired_card,54
FAIL-0000802,ATT-0004101,TXN-0003551,CUST-000769,2019-11-23T04:12:00,expired_card,54
FAIL-0000803,ATT-0004104,TXN-0003554,CUST-000769,2020-07-10T03:23:00,temporary_network_error,91
FAIL-0000804,ATT-0004110,TXN-0003559,CUST-000771,2020-08-02T00:08:00,insufficient_funds,51
FAIL-0000805,ATT-0004126,TXN-0003574,CUST-000775,2024-08-12T21:52:00,insufficient_funds,51
FAIL-0000806,ATT-0004127,TXN-0003574,CUST-000775,2024-08-13T21:52:00,insufficient_funds,51
FAIL-0000807,ATT-0004128,TXN-0003574,CUST-000775,2024-08-23T21:52:00,insufficient_funds,51
FAIL-0000808,ATT-0004129,TXN-0003575,CUST-000775,2024-09-19T20:15:00,insufficient_funds,51
FAIL-0000809,ATT-0004130,TXN-0003575,CUST-000775,2024-09-22T20:15:00,insufficient_funds,51
FAIL-0000810,ATT-0004131,TXN-0003575,CUST-000775,2024-09-25T20:15:00,insufficient_funds,51
FAIL-0000811,ATT-0004144,TXN-0003588,CUST-000778,2021-04-05T03:13:00,temporary_network_error,91
FAIL-0000812,ATT-0004174,TXN-0003617,CUST-000783,2024-05-19T17:16:00,temporary_network_error,91
FAIL-0000813,ATT-0004175,TXN-0003617,CUST-000783,2024-05-20T17:16:00,temporary_network_error,91
FAIL-0000814,ATT-0004176,TXN-0003617,CUST-000783,2024-05-28T17:16:00,temporary_network_error,91
FAIL-0000815,ATT-0004177,TXN-0003618,CUST-000784,2020-02-08T15:45:00,insufficient_funds,51
FAIL-0000816,ATT-0004178,TXN-0003618,CUST-000784,2020-02-11T15:45:00,insufficient_funds,51
FAIL-0000817,ATT-0004179,TXN-0003618,CUST-000784,2020-02-21T15:45:00,insufficient_funds,51
FAIL-0000818,ATT-0004200,TXN-0003639,CUST-000787,2023-05-09T16:05:00,insufficient_funds,51
FAIL-0000819,ATT-0004201,TXN-0003639,CUST-000787,2023-05-11T16:05:00,insufficient_funds,51
FAIL-0000820,ATT-0004211,TXN-0003648,CUST-000790,2020-12-08T15:23:00,temporary_network_error,91
FAIL-0000821,ATT-0004218,TXN-0003654,CUST-000791,2024-06-03T10:04:00,insufficient_funds,51
FAIL-0000822,ATT-0004219,TXN-0003654,CUST-000791,2024-06-04T10:04:00,insufficient_funds,51
FAIL-0000823,ATT-0004220,TXN-0003654,CUST-000791,2024-06-10T10:04:00,insufficient_funds,51
FAIL-0000824,ATT-0004221,TXN-0003655,CUST-000791,2024-08-12T08:41:00,insufficient_funds,51
FAIL-0000825,ATT-0004227,TXN-0003660,CUST-000792,2019-08-10T05:12:00,temporary_network_error,91
FAIL-0000826,ATT-0004247,TXN-0003680,CUST-000797,2020-06-13T12:35:00,insufficient_funds,51
FAIL-0000827,ATT-0004248,TXN-0003680,CUST-000797,2020-06-14T12:35:00,insufficient_funds,51
FAIL-0000828,ATT-0004249,TXN-0003680,CUST-000797,2020-06-23T12:35:00,insufficient_funds,51
FAIL-0000829,ATT-0004250,TXN-0003681,CUST-000797,2020-09-20T11:46:00,invalid_payment_method,14
FAIL-0000830,ATT-0004251,TXN-0003681,CUST-000797,2020-09-23T11:46:00,invalid_payment_method,14
FAIL-0000831,ATT-0004259,TXN-0003689,CUST-000798,2024-07-24T15:41:00,insufficient_funds,51
FAIL-0000832,ATT-0004262,TXN-0003691,CUST-000799,2019-12-05T22:11:00,temporary_network_error,91
FAIL-0000833,ATT-0004263,TXN-0003691,CUST-000799,2019-12-07T22:11:00,temporary_network_error,91
FAIL-0000834,ATT-0004270,TXN-0003697,CUST-000800,2023-06-21T01:10:00,insufficient_funds,51
FAIL-0000835,ATT-0004271,TXN-0003697,CUST-000800,2023-06-24T01:10:00,insufficient_funds,51
FAIL-0000836,ATT-0004272,TXN-0003697,CUST-000800,2023-06-29T01:10:00,insufficient_funds,51
FAIL-0000837,ATT-0004274,TXN-0003699,CUST-000800,2023-11-03T23:14:00,insufficient_funds,51
FAIL-0000838,ATT-0004275,TXN-0003699,CUST-000800,2023-11-06T23:14:00,insufficient_funds,51
FAIL-0000839,ATT-0004276,TXN-0003699,CUST-000800,2023-11-15T23:14:00,insufficient_funds,51
FAIL-0000840,ATT-0004277,TXN-0003700,CUST-000800,2023-12-14T01:04:00,insufficient_funds,51
FAIL-0000841,ATT-0004278,TXN-0003700,CUST-000800,2023-12-16T01:04:00,insufficient_funds,51
FAIL-0000842,ATT-0004279,TXN-0003700,CUST-000800,2023-12-25T01:04:00,insufficient_funds,51
FAIL-0000843,ATT-0004282,TXN-0003703,CUST-000801,2021-03-30T00:42:00,insufficient_funds,51
FAIL-0000844,ATT-0004292,TXN-0003712,CUST-000803,2020-05-14T16:47:00,insufficient_funds,51
FAIL-0000845,ATT-0004293,TXN-0003712,CUST-000803,2020-05-15T16:47:00,insufficient_funds,51
FAIL-0000846,ATT-0004294,TXN-0003712,CUST-000803,2020-05-20T16:47:00,insufficient_funds,51
FAIL-0000847,ATT-0004295,TXN-0003713,CUST-000803,2020-08-21T16:34:00,insufficient_funds,51
FAIL-0000848,ATT-0004296,TXN-0003713,CUST-000803,2020-08-23T16:34:00,insufficient_funds,51
FAIL-0000849,ATT-0004297,TXN-0003713,CUST-000803,2020-08-31T16:34:00,insufficient_funds,51
FAIL-0000850,ATT-0004306,TXN-0003722,CUST-000805,2021-07-12T11:40:00,expired_card,54
FAIL-0000851,ATT-0004307,TXN-0003722,CUST-000805,2021-07-13T11:40:00,expired_card,54
FAIL-0000852,ATT-0004308,TXN-0003723,CUST-000805,2021-10-03T14:08:00,payment_method_limit_exceeded,61
FAIL-0000853,ATT-0004309,TXN-0003723,CUST-000805,2021-10-05T14:08:00,payment_method_limit_exceeded,61
FAIL-0000854,ATT-0004310,TXN-0003723,CUST-000805,2021-10-13T14:08:00,payment_method_limit_exceeded,61
FAIL-0000855,ATT-0004315,TXN-0003728,CUST-000806,2020-02-27T21:11:00,bank_unavailable,96
FAIL-0000856,ATT-0004320,TXN-0003732,CUST-000807,2022-08-23T12:23:00,payment_method_limit_exceeded,61
FAIL-0000857,ATT-0004321,TXN-0003732,CUST-000807,2022-08-25T12:23:00,payment_method_limit_exceeded,61
FAIL-0000858,ATT-0004322,TXN-0003732,CUST-000807,2022-08-29T12:23:00,payment_method_limit_exceeded,61
FAIL-0000859,ATT-0004339,TXN-0003749,CUST-000810,2021-09-20T15:42:00,expired_card,54
FAIL-0000860,ATT-0004340,TXN-0003749,CUST-000810,2021-09-21T15:42:00,expired_card,54
FAIL-0000861,ATT-0004359,TXN-0003768,CUST-000815,2020-01-15T04:50:00,insufficient_funds,51
FAIL-0000862,ATT-0004360,TXN-0003768,CUST-000815,2020-01-18T04:50:00,insufficient_funds,51
FAIL-0000863,ATT-0004361,TXN-0003768,CUST-000815,2020-01-28T04:50:00,insufficient_funds,51
FAIL-0000864,ATT-0004379,TXN-0003786,CUST-000819,2021-11-18T01:02:00,bank_unavailable,96
FAIL-0000865,ATT-0004380,TXN-0003786,CUST-000819,2021-11-20T01:02:00,bank_unavailable,96
FAIL-0000866,ATT-0004381,TXN-0003786,CUST-000819,2021-11-23T01:02:00,bank_unavailable,96
FAIL-0000867,ATT-0004382,TXN-0003787,CUST-000819,2021-12-17T01:36:00,expired_card,54
FAIL-0000868,ATT-0004383,TXN-0003787,CUST-000819,2021-12-18T01:36:00,expired_card,54
FAIL-0000869,ATT-0004384,TXN-0003788,CUST-000819,2022-01-04T02:15:00,bank_unavailable,96
FAIL-0000870,ATT-0004389,TXN-0003792,CUST-000820,2022-02-13T20:31:00,invalid_payment_method,14
FAIL-0000871,ATT-0004390,TXN-0003792,CUST-000820,2022-02-16T20:31:00,invalid_payment_method,14
FAIL-0000872,ATT-0004392,TXN-0003794,CUST-000821,2021-01-12T01:14:00,expired_card,54
FAIL-0000873,ATT-0004393,TXN-0003794,CUST-000821,2021-01-13T01:14:00,expired_card,54
FAIL-0000874,ATT-0004396,TXN-0003797,CUST-000821,2021-09-19T01:46:00,insufficient_funds,51
FAIL-0000875,ATT-0004397,TXN-0003797,CUST-000821,2021-09-20T01:46:00,insufficient_funds,51
FAIL-0000876,ATT-0004398,TXN-0003797,CUST-000821,2021-09-26T01:46:00,insufficient_funds,51
FAIL-0000877,ATT-0004420,TXN-0003819,CUST-000826,2019-06-21T16:23:00,insufficient_funds,51
FAIL-0000878,ATT-0004422,TXN-0003820,CUST-000826,2019-08-27T17:05:00,temporary_network_error,91
FAIL-0000879,ATT-0004423,TXN-0003820,CUST-000826,2019-08-29T17:05:00,temporary_network_error,91
FAIL-0000880,ATT-0004424,TXN-0003820,CUST-000826,2019-09-07T17:05:00,temporary_network_error,91
FAIL-0000881,ATT-0004427,TXN-0003823,CUST-000826,2020-01-23T16:01:00,invalid_payment_method,14
FAIL-0000882,ATT-0004428,TXN-0003823,CUST-000826,2020-01-25T16:01:00,invalid_payment_method,14
FAIL-0000883,ATT-0004454,TXN-0003849,CUST-000831,2020-02-18T16:34:00,payment_method_limit_exceeded,61
FAIL-0000884,ATT-0004455,TXN-0003849,CUST-000831,2020-02-21T16:34:00,payment_method_limit_exceeded,61
FAIL-0000885,ATT-0004456,TXN-0003849,CUST-000831,2020-02-24T16:34:00,payment_method_limit_exceeded,61
FAIL-0000886,ATT-0004457,TXN-0003850,CUST-000831,2020-05-19T15:12:00,insufficient_funds,51
FAIL-0000887,ATT-0004458,TXN-0003850,CUST-000831,2020-05-21T15:12:00,insufficient_funds,51
FAIL-0000888,ATT-0004459,TXN-0003850,CUST-000831,2020-05-27T15:12:00,insufficient_funds,51
FAIL-0000889,ATT-0004478,TXN-0003869,CUST-000834,2019-12-18T04:02:00,temporary_network_error,91
FAIL-0000890,ATT-0004480,TXN-0003870,CUST-000835,2020-05-13T13:40:00,insufficient_funds,51
FAIL-0000891,ATT-0004481,TXN-0003870,CUST-000835,2020-05-16T13:40:00,insufficient_funds,51
FAIL-0000892,ATT-0004482,TXN-0003870,CUST-000835,2020-05-21T13:40:00,insufficient_funds,51
FAIL-0000893,ATT-0004486,TXN-0003874,CUST-000836,2020-01-07T01:34:00,insufficient_funds,51
FAIL-0000894,ATT-0004487,TXN-0003874,CUST-000836,2020-01-10T01:34:00,insufficient_funds,51
FAIL-0000895,ATT-0004497,TXN-0003883,CUST-000838,2019-12-08T01:35:00,bank_unavailable,96
FAIL-0000896,ATT-0004498,TXN-0003883,CUST-000838,2019-12-10T01:35:00,bank_unavailable,96
FAIL-0000897,ATT-0004499,TXN-0003883,CUST-000838,2019-12-16T01:35:00,bank_unavailable,96
FAIL-0000898,ATT-0004521,TXN-0003905,CUST-000843,2019-09-22T14:07:00,insufficient_funds,51
FAIL-0000899,ATT-0004523,TXN-0003906,CUST-000843,2019-12-15T16:13:00,temporary_network_error,91
FAIL-0000900,ATT-0004524,TXN-0003906,CUST-000843,2019-12-16T16:13:00,temporary_network_error,91
FAIL-0000901,ATT-0004529,TXN-0003910,CUST-000843,2020-06-27T15:08:00,insufficient_funds,51
FAIL-0000902,ATT-0004534,TXN-0003914,CUST-000844,2021-10-06T16:31:00,invalid_payment_method,14
FAIL-0000903,ATT-0004535,TXN-0003914,CUST-000844,2021-10-08T16:31:00,invalid_payment_method,14
FAIL-0000904,ATT-0004546,TXN-0003925,CUST-000846,2019-12-02T01:59:00,insufficient_funds,51
FAIL-0000905,ATT-0004547,TXN-0003925,CUST-000846,2019-12-04T01:59:00,insufficient_funds,51
FAIL-0000906,ATT-0004548,TXN-0003925,CUST-000846,2019-12-14T01:59:00,insufficient_funds,51
FAIL-0000907,ATT-0004557,TXN-0003934,CUST-000848,2019-11-30T22:37:00,bank_unavailable,96
FAIL-0000908,ATT-0004558,TXN-0003934,CUST-000848,2019-12-03T22:37:00,bank_unavailable,96
FAIL-0000909,ATT-0004559,TXN-0003934,CUST-000848,2019-12-08T22:37:00,bank_unavailable,96
FAIL-0000910,ATT-0004566,TXN-0003941,CUST-000849,2023-01-11T21:17:00,payment_method_limit_exceeded,61
FAIL-0000911,ATT-0004567,TXN-0003941,CUST-000849,2023-01-14T21:17:00,payment_method_limit_exceeded,61
FAIL-0000912,ATT-0004568,TXN-0003941,CUST-000849,2023-01-23T21:17:00,payment_method_limit_exceeded,61
FAIL-0000913,ATT-0004575,TXN-0003947,CUST-000851,2024-02-06T11:02:00,bank_unavailable,96
FAIL-0000914,ATT-0004599,TXN-0003970,CUST-000856,2023-03-02T06:41:00,payment_method_limit_exceeded,61
FAIL-0000915,ATT-0004600,TXN-0003970,CUST-000856,2023-03-05T06:41:00,payment_method_limit_exceeded,61
FAIL-0000916,ATT-0004601,TXN-0003970,CUST-000856,2023-03-13T06:41:00,payment_method_limit_exceeded,61
FAIL-0000917,ATT-0004607,TXN-0003976,CUST-000858,2021-02-04T05:43:00,expired_card,54
FAIL-0000918,ATT-0004608,TXN-0003976,CUST-000858,2021-02-06T05:43:00,expired_card,54
FAIL-0000919,ATT-0004615,TXN-0003983,CUST-000860,2020-03-17T10:02:00,insufficient_funds,51
FAIL-0000920,ATT-0004616,TXN-0003983,CUST-000860,2020-03-18T10:02:00,insufficient_funds,51
FAIL-0000921,ATT-0004617,TXN-0003983,CUST-000860,2020-03-25T10:02:00,insufficient_funds,51
FAIL-0000922,ATT-0004621,TXN-0003987,CUST-000861,2021-12-26T20:00:00,insufficient_funds,51
FAIL-0000923,ATT-0004622,TXN-0003987,CUST-000861,2021-12-27T20:00:00,insufficient_funds,51
FAIL-0000924,ATT-0004623,TXN-0003987,CUST-000861,2022-01-05T20:00:00,insufficient_funds,51
FAIL-0000925,ATT-0004626,TXN-0003990,CUST-000861,2022-08-11T19:30:00,bank_unavailable,96
FAIL-0000926,ATT-0004627,TXN-0003990,CUST-000861,2022-08-12T19:30:00,bank_unavailable,96
FAIL-0000927,ATT-0004628,TXN-0003990,CUST-000861,2022-08-16T19:30:00,bank_unavailable,96
FAIL-0000928,ATT-0004631,TXN-0003993,CUST-000862,2024-05-16T09:47:00,insufficient_funds,51
FAIL-0000929,ATT-0004632,TXN-0003993,CUST-000862,2024-05-18T09:47:00,insufficient_funds,51
FAIL-0000930,ATT-0004633,TXN-0003993,CUST-000862,2024-05-27T09:47:00,insufficient_funds,51
FAIL-0000931,ATT-0004644,TXN-0004004,CUST-000866,2023-11-23T05:45:00,insufficient_funds,51
FAIL-0000932,ATT-0004645,TXN-0004004,CUST-000866,2023-11-24T05:45:00,insufficient_funds,51
FAIL-0000933,ATT-0004646,TXN-0004004,CUST-000866,2023-12-03T05:45:00,insufficient_funds,51
FAIL-0000934,ATT-0004652,TXN-0004010,CUST-000868,2021-08-26T22:03:00,invalid_payment_method,14
FAIL-0000935,ATT-0004653,TXN-0004010,CUST-000868,2021-08-27T22:03:00,invalid_payment_method,14
FAIL-0000936,ATT-0004656,TXN-0004013,CUST-000868,2022-02-06T22:24:00,insufficient_funds,51
FAIL-0000937,ATT-0004657,TXN-0004013,CUST-000868,2022-02-09T22:24:00,insufficient_funds,51
FAIL-0000938,ATT-0004658,TXN-0004013,CUST-000868,2022-02-12T22:24:00,insufficient_funds,51
FAIL-0000939,ATT-0004666,TXN-0004021,CUST-000870,2019-09-20T22:07:00,risk_review_hold,57
FAIL-0000940,ATT-0004667,TXN-0004022,CUST-000870,2019-12-21T23:24:00,payment_method_limit_exceeded,61
FAIL-0000941,ATT-0004683,TXN-0004037,CUST-000873,2020-01-19T18:58:00,temporary_network_error,91
FAIL-0000942,ATT-0004684,TXN-0004037,CUST-000873,2020-01-21T18:58:00,temporary_network_error,91
FAIL-0000943,ATT-0004685,TXN-0004037,CUST-000873,2020-01-25T18:58:00,temporary_network_error,91
FAIL-0000944,ATT-0004703,TXN-0004055,CUST-000878,2022-08-13T01:20:00,insufficient_funds,51
FAIL-0000945,ATT-0004704,TXN-0004055,CUST-000878,2022-08-15T01:20:00,insufficient_funds,51
FAIL-0000946,ATT-0004705,TXN-0004055,CUST-000878,2022-08-18T01:20:00,insufficient_funds,51
FAIL-0000947,ATT-0004728,TXN-0004078,CUST-000883,2024-07-12T17:20:00,bank_unavailable,96
FAIL-0000948,ATT-0004729,TXN-0004078,CUST-000883,2024-07-13T17:20:00,bank_unavailable,96
FAIL-0000949,ATT-0004730,TXN-0004078,CUST-000883,2024-07-19T17:20:00,bank_unavailable,96
FAIL-0000950,ATT-0004736,TXN-0004083,CUST-000883,2025-05-26T18:31:00,temporary_network_error,91
FAIL-0000951,ATT-0004767,TXN-0004113,CUST-000891,2023-10-18T15:22:00,payment_method_limit_exceeded,61
FAIL-0000952,ATT-0004768,TXN-0004113,CUST-000891,2023-10-19T15:22:00,payment_method_limit_exceeded,61
FAIL-0000953,ATT-0004770,TXN-0004114,CUST-000892,2022-04-24T14:25:00,temporary_network_error,91
FAIL-0000954,ATT-0004771,TXN-0004114,CUST-000892,2022-04-26T14:25:00,temporary_network_error,91
FAIL-0000955,ATT-0004772,TXN-0004114,CUST-000892,2022-05-06T14:25:00,temporary_network_error,91
FAIL-0000956,ATT-0004794,TXN-0004136,CUST-000898,2022-01-13T23:31:00,temporary_network_error,91
FAIL-0000957,ATT-0004795,TXN-0004136,CUST-000898,2022-01-15T23:31:00,temporary_network_error,91
FAIL-0000958,ATT-0004796,TXN-0004136,CUST-000898,2022-01-20T23:31:00,temporary_network_error,91
FAIL-0000959,ATT-0004801,TXN-0004141,CUST-000899,2022-09-03T03:35:00,expired_card,54
FAIL-0000960,ATT-0004802,TXN-0004141,CUST-000899,2022-09-04T03:35:00,expired_card,54
FAIL-0000961,ATT-0004807,TXN-0004146,CUST-000900,2021-07-09T11:40:00,insufficient_funds,51
FAIL-0000962,ATT-0004808,TXN-0004146,CUST-000900,2021-07-10T11:40:00,insufficient_funds,51
FAIL-0000963,ATT-0004809,TXN-0004146,CUST-000900,2021-07-17T11:40:00,insufficient_funds,51
FAIL-0000964,ATT-0004810,TXN-0004147,CUST-000900,2021-09-19T10:34:00,insufficient_funds,51
FAIL-0000965,ATT-0004811,TXN-0004147,CUST-000900,2021-09-20T10:34:00,insufficient_funds,51
FAIL-0000966,ATT-0004812,TXN-0004147,CUST-000900,2021-09-26T10:34:00,insufficient_funds,51
FAIL-0000967,ATT-0004819,TXN-0004154,CUST-000902,2023-07-21T22:05:00,insufficient_funds,51
FAIL-0000968,ATT-0004820,TXN-0004154,CUST-000902,2023-07-24T22:05:00,insufficient_funds,51
FAIL-0000969,ATT-0004821,TXN-0004154,CUST-000902,2023-07-28T22:05:00,insufficient_funds,51
FAIL-0000970,ATT-0004833,TXN-0004166,CUST-000904,2020-12-22T12:23:00,insufficient_funds,51
FAIL-0000971,ATT-0004834,TXN-0004166,CUST-000904,2020-12-25T12:23:00,insufficient_funds,51
FAIL-0000972,ATT-0004841,TXN-0004172,CUST-000906,2020-01-29T09:28:00,bank_unavailable,96
FAIL-0000973,ATT-0004842,TXN-0004172,CUST-000906,2020-01-31T09:28:00,bank_unavailable,96
FAIL-0000974,ATT-0004843,TXN-0004172,CUST-000906,2020-02-05T09:28:00,bank_unavailable,96
FAIL-0000975,ATT-0004846,TXN-0004175,CUST-000907,2019-05-20T04:30:00,insufficient_funds,51
FAIL-0000976,ATT-0004847,TXN-0004175,CUST-000907,2019-05-23T04:30:00,insufficient_funds,51
FAIL-0000977,ATT-0004853,TXN-0004180,CUST-000908,2022-12-05T03:30:00,invalid_payment_method,14
FAIL-0000978,ATT-0004854,TXN-0004180,CUST-000908,2022-12-06T03:30:00,invalid_payment_method,14
FAIL-0000979,ATT-0004870,TXN-0004196,CUST-000911,2024-04-13T19:50:00,insufficient_funds,51
FAIL-0000980,ATT-0004871,TXN-0004196,CUST-000911,2024-04-16T19:50:00,insufficient_funds,51
FAIL-0000981,ATT-0004872,TXN-0004196,CUST-000911,2024-04-21T19:50:00,insufficient_funds,51
FAIL-0000982,ATT-0004873,TXN-0004197,CUST-000911,2024-07-12T20:00:00,expired_card,54
FAIL-0000983,ATT-0004874,TXN-0004197,CUST-000911,2024-07-13T20:00:00,expired_card,54
FAIL-0000984,ATT-0004875,TXN-0004198,CUST-000911,2024-09-25T21:28:00,expired_card,54
FAIL-0000985,ATT-0004876,TXN-0004198,CUST-000911,2024-09-28T21:28:00,expired_card,54
FAIL-0000986,ATT-0004888,TXN-0004210,CUST-000913,2020-11-08T16:49:00,insufficient_funds,51
FAIL-0000987,ATT-0004889,TXN-0004210,CUST-000913,2020-11-11T16:49:00,insufficient_funds,51
FAIL-0000988,ATT-0004890,TXN-0004210,CUST-000913,2020-11-18T16:49:00,insufficient_funds,51
FAIL-0000989,ATT-0004893,TXN-0004213,CUST-000913,2021-07-05T18:17:00,insufficient_funds,51
FAIL-0000990,ATT-0004895,TXN-0004215,CUST-000914,2023-05-19T08:21:00,bank_unavailable,96
FAIL-0000991,ATT-0004896,TXN-0004215,CUST-000914,2023-05-21T08:21:00,bank_unavailable,96
FAIL-0000992,ATT-0004897,TXN-0004215,CUST-000914,2023-05-27T08:21:00,bank_unavailable,96
FAIL-0000993,ATT-0004910,TXN-0004228,CUST-000916,2020-08-12T18:50:00,expired_card,54
FAIL-0000994,ATT-0004911,TXN-0004228,CUST-000916,2020-08-13T18:50:00,expired_card,54
FAIL-0000995,ATT-0004920,TXN-0004237,CUST-000917,2019-07-14T16:48:00,insufficient_funds,51
FAIL-0000996,ATT-0004929,TXN-0004245,CUST-000919,2020-01-26T04:00:00,payment_method_limit_exceeded,61
FAIL-0000997,ATT-0004930,TXN-0004245,CUST-000919,2020-01-27T04:00:00,payment_method_limit_exceeded,61
FAIL-0000998,ATT-0004935,TXN-0004249,CUST-000920,2021-07-30T13:38:00,insufficient_funds,51
FAIL-0000999,ATT-0004936,TXN-0004249,CUST-000920,2021-07-31T13:38:00,insufficient_funds,51
FAIL-0001000,ATT-0004937,TXN-0004249,CUST-000920,2021-08-06T13:38:00,insufficient_funds,51
FAIL-0001001,ATT-0004946,TXN-0004258,CUST-000923,2023-09-17T21:18:00,temporary_network_error,91
FAIL-0001002,ATT-0004960,TXN-0004271,CUST-000926,2020-05-18T09:37:00,risk_review_hold,57
FAIL-0001003,ATT-0004962,TXN-0004273,CUST-000926,2020-10-28T10:29:00,insufficient_funds,51
FAIL-0001004,ATT-0004963,TXN-0004273,CUST-000926,2020-10-30T10:29:00,insufficient_funds,51
FAIL-0001005,ATT-0004986,TXN-0004295,CUST-000930,2025-01-31T01:34:00,temporary_network_error,91
FAIL-0001006,ATT-0004987,TXN-0004295,CUST-000930,2025-02-03T01:34:00,temporary_network_error,91
FAIL-0001007,ATT-0004989,TXN-0004296,CUST-000931,2023-05-27T22:51:00,payment_method_limit_exceeded,61
FAIL-0001008,ATT-0004990,TXN-0004296,CUST-000931,2023-05-29T22:51:00,payment_method_limit_exceeded,61
FAIL-0001009,ATT-0004991,TXN-0004296,CUST-000931,2023-06-08T22:51:00,payment_method_limit_exceeded,61
FAIL-0001010,ATT-0005008,TXN-0004313,CUST-000934,2022-08-28T19:00:00,bank_unavailable,96
FAIL-0001011,ATT-0005009,TXN-0004313,CUST-000934,2022-08-31T19:00:00,bank_unavailable,96
FAIL-0001012,ATT-0005010,TXN-0004313,CUST-000934,2022-09-05T19:00:00,bank_unavailable,96
FAIL-0001013,ATT-0005015,TXN-0004318,CUST-000935,2020-08-30T09:56:00,insufficient_funds,51
FAIL-0001014,ATT-0005016,TXN-0004319,CUST-000935,2020-09-11T10:09:00,invalid_payment_method,14
FAIL-0001015,ATT-0005017,TXN-0004319,CUST-000935,2020-09-14T10:09:00,invalid_payment_method,14
FAIL-0001016,ATT-0005024,TXN-0004326,CUST-000936,2020-06-08T00:38:00,expired_card,54
FAIL-0001017,ATT-0005025,TXN-0004326,CUST-000936,2020-06-09T00:38:00,expired_card,54
FAIL-0001018,ATT-0005030,TXN-0004331,CUST-000938,2020-05-13T04:31:00,insufficient_funds,51
FAIL-0001019,ATT-0005031,TXN-0004331,CUST-000938,2020-05-14T04:31:00,insufficient_funds,51
FAIL-0001020,ATT-0005032,TXN-0004331,CUST-000938,2020-05-20T04:31:00,insufficient_funds,51
FAIL-0001021,ATT-0005050,TXN-0004349,CUST-000942,2022-11-16T11:47:00,insufficient_funds,51
FAIL-0001022,ATT-0005051,TXN-0004349,CUST-000942,2022-11-17T11:47:00,insufficient_funds,51
FAIL-0001023,ATT-0005052,TXN-0004349,CUST-000942,2022-11-22T11:47:00,insufficient_funds,51
FAIL-0001024,ATT-0005079,TXN-0004375,CUST-000947,2021-10-13T06:26:00,risk_review_hold,57
FAIL-0001025,ATT-0005108,TXN-0004404,CUST-000953,2024-04-04T05:13:00,risk_review_hold,57
FAIL-0001026,ATT-0005113,TXN-0004409,CUST-000955,2024-07-25T02:09:00,insufficient_funds,51
FAIL-0001027,ATT-0005114,TXN-0004409,CUST-000955,2024-07-26T02:09:00,insufficient_funds,51
FAIL-0001028,ATT-0005115,TXN-0004409,CUST-000955,2024-07-30T02:09:00,insufficient_funds,51
FAIL-0001029,ATT-0005119,TXN-0004413,CUST-000956,2021-05-03T19:48:00,insufficient_funds,51
FAIL-0001030,ATT-0005120,TXN-0004413,CUST-000956,2021-05-06T19:48:00,insufficient_funds,51
FAIL-0001031,ATT-0005121,TXN-0004413,CUST-000956,2021-05-15T19:48:00,insufficient_funds,51
FAIL-0001032,ATT-0005133,TXN-0004425,CUST-000958,2022-11-18T12:49:00,bank_unavailable,96
FAIL-0001033,ATT-0005134,TXN-0004426,CUST-000959,2023-02-23T06:50:00,temporary_network_error,91
FAIL-0001034,ATT-0005140,TXN-0004431,CUST-000959,2023-11-23T06:23:00,bank_unavailable,96
FAIL-0001035,ATT-0005150,TXN-0004440,CUST-000961,2024-03-20T05:35:00,temporary_network_error,91
FAIL-0001036,ATT-0005151,TXN-0004440,CUST-000961,2024-03-23T05:35:00,temporary_network_error,91
FAIL-0001037,ATT-0005152,TXN-0004440,CUST-000961,2024-04-02T05:35:00,temporary_network_error,91
FAIL-0001038,ATT-0005153,TXN-0004441,CUST-000961,2024-04-27T07:24:00,temporary_network_error,91
FAIL-0001039,ATT-0005156,TXN-0004443,CUST-000962,2019-06-23T17:01:00,insufficient_funds,51
FAIL-0001040,ATT-0005161,TXN-0004447,CUST-000962,2020-06-01T17:38:00,insufficient_funds,51
FAIL-0001041,ATT-0005164,TXN-0004449,CUST-000963,2020-04-03T10:59:00,payment_method_limit_exceeded,61
FAIL-0001042,ATT-0005165,TXN-0004449,CUST-000963,2020-04-05T10:59:00,payment_method_limit_exceeded,61
FAIL-0001043,ATT-0005166,TXN-0004449,CUST-000963,2020-04-12T10:59:00,payment_method_limit_exceeded,61
FAIL-0001044,ATT-0005171,TXN-0004454,CUST-000964,2020-10-15T12:19:00,insufficient_funds,51
FAIL-0001045,ATT-0005172,TXN-0004454,CUST-000964,2020-10-18T12:19:00,insufficient_funds,51
FAIL-0001046,ATT-0005173,TXN-0004454,CUST-000964,2020-10-22T12:19:00,insufficient_funds,51
FAIL-0001047,ATT-0005186,TXN-0004467,CUST-000967,2023-12-17T20:47:00,expired_card,54
FAIL-0001048,ATT-0005187,TXN-0004467,CUST-000967,2023-12-19T20:47:00,expired_card,54
FAIL-0001049,ATT-0005200,TXN-0004479,CUST-000970,2019-07-01T11:44:00,insufficient_funds,51
FAIL-0001050,ATT-0005201,TXN-0004479,CUST-000970,2019-07-03T11:44:00,insufficient_funds,51
FAIL-0001051,ATT-0005202,TXN-0004479,CUST-000970,2019-07-10T11:44:00,insufficient_funds,51
FAIL-0001052,ATT-0005215,TXN-0004491,CUST-000973,2020-05-03T21:18:00,temporary_network_error,91
FAIL-0001053,ATT-0005216,TXN-0004491,CUST-000973,2020-05-05T21:18:00,temporary_network_error,91
FAIL-0001054,ATT-0005217,TXN-0004491,CUST-000973,2020-05-11T21:18:00,temporary_network_error,91
FAIL-0001055,ATT-0005222,TXN-0004496,CUST-000974,2023-03-18T21:51:00,insufficient_funds,51
FAIL-0001056,ATT-0005223,TXN-0004496,CUST-000974,2023-03-21T21:51:00,insufficient_funds,51
FAIL-0001057,ATT-0005224,TXN-0004496,CUST-000974,2023-03-24T21:51:00,insufficient_funds,51
FAIL-0001058,ATT-0005229,TXN-0004501,CUST-000975,2020-06-26T14:24:00,insufficient_funds,51
FAIL-0001059,ATT-0005240,TXN-0004511,CUST-000977,2022-01-19T12:12:00,insufficient_funds,51
FAIL-0001060,ATT-0005241,TXN-0004511,CUST-000977,2022-01-20T12:12:00,insufficient_funds,51
FAIL-0001061,ATT-0005242,TXN-0004511,CUST-000977,2022-01-27T12:12:00,insufficient_funds,51
FAIL-0001062,ATT-0005246,TXN-0004515,CUST-000979,2022-12-02T20:15:00,insufficient_funds,51
FAIL-0001063,ATT-0005247,TXN-0004515,CUST-000979,2022-12-04T20:15:00,insufficient_funds,51
FAIL-0001064,ATT-0005248,TXN-0004515,CUST-000979,2022-12-10T20:15:00,insufficient_funds,51
FAIL-0001065,ATT-0005258,TXN-0004524,CUST-000982,2022-09-28T04:04:00,temporary_network_error,91
FAIL-0001066,ATT-0005259,TXN-0004524,CUST-000982,2022-09-30T04:04:00,temporary_network_error,91
FAIL-0001067,ATT-0005268,TXN-0004532,CUST-000984,2020-02-29T14:58:00,insufficient_funds,51
FAIL-0001068,ATT-0005269,TXN-0004532,CUST-000984,2020-03-01T14:58:00,insufficient_funds,51
FAIL-0001069,ATT-0005270,TXN-0004532,CUST-000984,2020-03-06T14:58:00,insufficient_funds,51
FAIL-0001070,ATT-0005274,TXN-0004536,CUST-000986,2024-04-29T09:16:00,temporary_network_error,91
FAIL-0001071,ATT-0005275,TXN-0004536,CUST-000986,2024-04-30T09:16:00,temporary_network_error,91
FAIL-0001072,ATT-0005276,TXN-0004536,CUST-000986,2024-05-09T09:16:00,temporary_network_error,91
FAIL-0001073,ATT-0005293,TXN-0004553,CUST-000990,2023-11-27T05:25:00,temporary_network_error,91
FAIL-0001074,ATT-0005294,TXN-0004553,CUST-000990,2023-11-28T05:25:00,temporary_network_error,91
FAIL-0001075,ATT-0005295,TXN-0004553,CUST-000990,2023-12-06T05:25:00,temporary_network_error,91
FAIL-0001076,ATT-0005297,TXN-0004555,CUST-000990,2024-05-08T05:55:00,temporary_network_error,91
FAIL-0001077,ATT-0005298,TXN-0004555,CUST-000990,2024-05-11T05:55:00,temporary_network_error,91
FAIL-0001078,ATT-0005299,TXN-0004555,CUST-000990,2024-05-21T05:55:00,temporary_network_error,91
FAIL-0001079,ATT-0005319,TXN-0004575,CUST-000995,2024-08-28T20:13:00,insufficient_funds,51
FAIL-0001080,ATT-0005320,TXN-0004575,CUST-000995,2024-08-30T20:13:00,insufficient_funds,51
FAIL-0001081,ATT-0005321,TXN-0004575,CUST-000995,2024-09-05T20:13:00,insufficient_funds,51
FAIL-0001082,ATT-0005330,TXN-0004584,CUST-000997,2022-01-16T19:27:00,insufficient_funds,51
FAIL-0001083,ATT-0005331,TXN-0004584,CUST-000997,2022-01-18T19:27:00,insufficient_funds,51
FAIL-0001084,ATT-0005332,TXN-0004584,CUST-000997,2022-01-21T19:27:00,insufficient_funds,51
FAIL-0001085,ATT-0005334,TXN-0004586,CUST-000997,2022-04-14T19:58:00,bank_unavailable,96
FAIL-0001086,ATT-0005335,TXN-0004586,CUST-000997,2022-04-16T19:58:00,bank_unavailable,96
FAIL-0001087,ATT-0005336,TXN-0004586,CUST-000997,2022-04-20T19:58:00,bank_unavailable,96
FAIL-0001088,ATT-0005342,TXN-0004592,CUST-000999,2019-09-25T15:30:00,insufficient_funds,51
FAIL-0001089,ATT-0005344,TXN-0004593,CUST-000999,2020-01-05T13:47:00,insufficient_funds,51
FAIL-0001090,ATT-0005347,TXN-0004595,CUST-001000,2020-03-09T09:15:00,insufficient_funds,51
FAIL-0001091,ATT-0005348,TXN-0004595,CUST-001000,2020-03-12T09:15:00,insufficient_funds,51
FAIL-0001092,ATT-0005349,TXN-0004595,CUST-001000,2020-03-17T09:15:00,insufficient_funds,51
FAIL-0001093,ATT-0005352,TXN-0004598,CUST-001000,2020-11-07T09:34:00,invalid_payment_method,14
FAIL-0001094,ATT-0005353,TXN-0004598,CUST-001000,2020-11-08T09:34:00,invalid_payment_method,14
FAIL-0001095,ATT-0005372,TXN-0004617,CUST-001004,2019-12-15T21:45:00,bank_unavailable,96
FAIL-0001096,ATT-0005384,TXN-0004628,CUST-001006,2021-01-19T11:18:00,bank_unavailable,96
FAIL-0001097,ATT-0005416,TXN-0004659,CUST-001013,2021-11-13T12:46:00,temporary_network_error,91
FAIL-0001098,ATT-0005417,TXN-0004659,CUST-001013,2021-11-16T12:46:00,temporary_network_error,91
FAIL-0001099,ATT-0005418,TXN-0004659,CUST-001013,2021-11-22T12:46:00,temporary_network_error,91
FAIL-0001100,ATT-0005420,TXN-0004661,CUST-001014,2022-03-23T03:35:00,temporary_network_error,91
FAIL-0001101,ATT-0005421,TXN-0004661,CUST-001014,2022-03-26T03:35:00,temporary_network_error,91
FAIL-0001102,ATT-0005437,TXN-0004676,CUST-001016,2021-06-07T13:17:00,expired_card,54
FAIL-0001103,ATT-0005438,TXN-0004676,CUST-001016,2021-06-08T13:17:00,expired_card,54
FAIL-0001104,ATT-0005441,TXN-0004679,CUST-001017,2020-01-07T03:22:00,invalid_payment_method,14
FAIL-0001105,ATT-0005442,TXN-0004679,CUST-001017,2020-01-10T03:22:00,invalid_payment_method,14
FAIL-0001106,ATT-0005454,TXN-0004691,CUST-001021,2023-08-19T12:39:00,temporary_network_error,91
FAIL-0001107,ATT-0005455,TXN-0004691,CUST-001021,2023-08-20T12:39:00,temporary_network_error,91
FAIL-0001108,ATT-0005456,TXN-0004691,CUST-001021,2023-08-28T12:39:00,temporary_network_error,91
FAIL-0001109,ATT-0005458,TXN-0004693,CUST-001021,2024-01-25T14:13:00,temporary_network_error,91
FAIL-0001110,ATT-0005459,TXN-0004693,CUST-001021,2024-01-26T14:13:00,temporary_network_error,91
FAIL-0001111,ATT-0005460,TXN-0004693,CUST-001021,2024-01-31T14:13:00,temporary_network_error,91
FAIL-0001112,ATT-0005502,TXN-0004735,CUST-001028,2021-04-14T00:49:00,temporary_network_error,91
FAIL-0001113,ATT-0005517,TXN-0004749,CUST-001031,2021-12-18T03:02:00,bank_unavailable,96
FAIL-0001114,ATT-0005518,TXN-0004749,CUST-001031,2021-12-20T03:02:00,bank_unavailable,96
FAIL-0001115,ATT-0005519,TXN-0004749,CUST-001031,2021-12-26T03:02:00,bank_unavailable,96
FAIL-0001116,ATT-0005531,TXN-0004761,CUST-001033,2019-12-19T07:14:00,invalid_payment_method,14
FAIL-0001117,ATT-0005532,TXN-0004761,CUST-001033,2019-12-20T07:14:00,invalid_payment_method,14
FAIL-0001118,ATT-0005549,TXN-0004778,CUST-001037,2021-03-12T17:46:00,insufficient_funds,51
FAIL-0001119,ATT-0005550,TXN-0004778,CUST-001037,2021-03-14T17:46:00,insufficient_funds,51
FAIL-0001120,ATT-0005551,TXN-0004778,CUST-001037,2021-03-22T17:46:00,insufficient_funds,51
FAIL-0001121,ATT-0005566,TXN-0004793,CUST-001041,2022-07-13T05:16:00,payment_method_limit_exceeded,61
FAIL-0001122,ATT-0005567,TXN-0004793,CUST-001041,2022-07-15T05:16:00,payment_method_limit_exceeded,61
FAIL-0001123,ATT-0005568,TXN-0004793,CUST-001041,2022-07-23T05:16:00,payment_method_limit_exceeded,61
FAIL-0001124,ATT-0005571,TXN-0004796,CUST-001042,2021-07-17T02:33:00,insufficient_funds,51
FAIL-0001125,ATT-0005572,TXN-0004796,CUST-001042,2021-07-19T02:33:00,insufficient_funds,51
FAIL-0001126,ATT-0005573,TXN-0004796,CUST-001042,2021-07-23T02:33:00,insufficient_funds,51
FAIL-0001127,ATT-0005574,TXN-0004797,CUST-001042,2021-09-01T00:25:00,bank_unavailable,96
FAIL-0001128,ATT-0005582,TXN-0004804,CUST-001044,2022-12-19T19:20:00,risk_review_hold,57
FAIL-0001129,ATT-0005588,TXN-0004809,CUST-001045,2019-10-19T04:31:00,expired_card,54
FAIL-0001130,ATT-0005589,TXN-0004809,CUST-001045,2019-10-22T04:31:00,expired_card,54
FAIL-0001131,ATT-0005591,TXN-0004811,CUST-001045,2020-03-25T05:55:00,expired_card,54
FAIL-0001132,ATT-0005592,TXN-0004811,CUST-001045,2020-03-28T05:55:00,expired_card,54
FAIL-0001133,ATT-0005599,TXN-0004817,CUST-001047,2020-07-23T01:08:00,insufficient_funds,51
FAIL-0001134,ATT-0005600,TXN-0004817,CUST-001047,2020-07-24T01:08:00,insufficient_funds,51
FAIL-0001135,ATT-0005601,TXN-0004817,CUST-001047,2020-08-02T01:08:00,insufficient_funds,51
FAIL-0001136,ATT-0005607,TXN-0004823,CUST-001047,2021-07-16T01:55:00,temporary_network_error,91
FAIL-0001137,ATT-0005614,TXN-0004829,CUST-001049,2021-06-01T04:07:00,temporary_network_error,91
FAIL-0001138,ATT-0005615,TXN-0004829,CUST-001049,2021-06-02T04:07:00,temporary_network_error,91
FAIL-0001139,ATT-0005616,TXN-0004829,CUST-001049,2021-06-06T04:07:00,temporary_network_error,91
FAIL-0001140,ATT-0005630,TXN-0004842,CUST-001052,2021-08-19T05:44:00,insufficient_funds,51
FAIL-0001141,ATT-0005631,TXN-0004842,CUST-001052,2021-08-21T05:44:00,insufficient_funds,51
FAIL-0001142,ATT-0005632,TXN-0004842,CUST-001052,2021-08-25T05:44:00,insufficient_funds,51
FAIL-0001143,ATT-0005645,TXN-0004855,CUST-001054,2023-09-28T11:23:00,insufficient_funds,51
FAIL-0001144,ATT-0005654,TXN-0004864,CUST-001056,2021-09-24T11:40:00,temporary_network_error,91
FAIL-0001145,ATT-0005655,TXN-0004864,CUST-001056,2021-09-26T11:40:00,temporary_network_error,91
FAIL-0001146,ATT-0005661,TXN-0004869,CUST-001058,2023-09-13T16:43:00,invalid_payment_method,14
FAIL-0001147,ATT-0005662,TXN-0004869,CUST-001058,2023-09-16T16:43:00,invalid_payment_method,14
FAIL-0001148,ATT-0005671,TXN-0004878,CUST-001059,2022-11-14T17:37:00,invalid_payment_method,14
FAIL-0001149,ATT-0005672,TXN-0004878,CUST-001059,2022-11-17T17:37:00,invalid_payment_method,14
FAIL-0001150,ATT-0005688,TXN-0004894,CUST-001063,2024-04-05T18:18:00,invalid_payment_method,14
FAIL-0001151,ATT-0005689,TXN-0004894,CUST-001063,2024-04-06T18:18:00,invalid_payment_method,14
FAIL-0001152,ATT-0005695,TXN-0004900,CUST-001064,2024-01-20T01:40:00,bank_unavailable,96
FAIL-0001153,ATT-0005696,TXN-0004900,CUST-001064,2024-01-21T01:40:00,bank_unavailable,96
FAIL-0001154,ATT-0005697,TXN-0004900,CUST-001064,2024-01-27T01:40:00,bank_unavailable,96
FAIL-0001155,ATT-0005728,TXN-0004930,CUST-001070,2019-08-09T13:16:00,invalid_payment_method,14
FAIL-0001156,ATT-0005729,TXN-0004930,CUST-001070,2019-08-10T13:16:00,invalid_payment_method,14
FAIL-0001157,ATT-0005732,TXN-0004933,CUST-001071,2021-12-02T15:54:00,insufficient_funds,51
FAIL-0001158,ATT-0005733,TXN-0004933,CUST-001071,2021-12-04T15:54:00,insufficient_funds,51
FAIL-0001159,ATT-0005734,TXN-0004933,CUST-001071,2021-12-07T15:54:00,insufficient_funds,51
FAIL-0001160,ATT-0005735,TXN-0004934,CUST-001071,2022-01-07T15:16:00,insufficient_funds,51
FAIL-0001161,ATT-0005736,TXN-0004934,CUST-001071,2022-01-10T15:16:00,insufficient_funds,51
FAIL-0001162,ATT-0005737,TXN-0004934,CUST-001071,2022-01-18T15:16:00,insufficient_funds,51
FAIL-0001163,ATT-0005750,TXN-0004947,CUST-001074,2024-04-26T01:28:00,bank_unavailable,96
FAIL-0001164,ATT-0005761,TXN-0004957,CUST-001077,2024-05-11T19:33:00,temporary_network_error,91
FAIL-0001165,ATT-0005762,TXN-0004957,CUST-001077,2024-05-13T19:33:00,temporary_network_error,91
FAIL-0001166,ATT-0005763,TXN-0004957,CUST-001077,2024-05-22T19:33:00,temporary_network_error,91
FAIL-0001167,ATT-0005765,TXN-0004959,CUST-001078,2024-01-04T15:58:00,temporary_network_error,91
FAIL-0001168,ATT-0005771,TXN-0004964,CUST-001078,2024-10-28T13:23:00,invalid_payment_method,14
FAIL-0001169,ATT-0005772,TXN-0004964,CUST-001078,2024-10-30T13:23:00,invalid_payment_method,14
FAIL-0001170,ATT-0005782,TXN-0004974,CUST-001081,2020-08-02T06:07:00,payment_method_limit_exceeded,61
FAIL-0001171,ATT-0005783,TXN-0004974,CUST-001081,2020-08-04T06:07:00,payment_method_limit_exceeded,61
FAIL-0001172,ATT-0005784,TXN-0004974,CUST-001081,2020-08-13T06:07:00,payment_method_limit_exceeded,61
FAIL-0001173,ATT-0005785,TXN-0004975,CUST-001081,2020-11-30T04:18:00,risk_review_hold,57
FAIL-0001174,ATT-0005787,TXN-0004977,CUST-001081,2021-05-27T06:19:00,temporary_network_error,91
FAIL-0001175,ATT-0005788,TXN-0004977,CUST-001081,2021-05-28T06:19:00,temporary_network_error,91
FAIL-0001176,ATT-0005789,TXN-0004977,CUST-001081,2021-06-05T06:19:00,temporary_network_error,91
FAIL-0001177,ATT-0005790,TXN-0004978,CUST-001082,2020-10-30T22:15:00,insufficient_funds,51
FAIL-0001178,ATT-0005791,TXN-0004978,CUST-001082,2020-10-31T22:15:00,insufficient_funds,51
FAIL-0001179,ATT-0005792,TXN-0004978,CUST-001082,2020-11-06T22:15:00,insufficient_funds,51
FAIL-0001180,ATT-0005799,TXN-0004985,CUST-001083,2020-05-31T03:15:00,payment_method_limit_exceeded,61
FAIL-0001181,ATT-0005800,TXN-0004985,CUST-001083,2020-06-01T03:15:00,payment_method_limit_exceeded,61
FAIL-0001182,ATT-0005806,TXN-0004990,CUST-001083,2021-07-19T04:21:00,expired_card,54
FAIL-0001183,ATT-0005807,TXN-0004990,CUST-001083,2021-07-22T04:21:00,expired_card,54
FAIL-0001184,ATT-0005829,TXN-0005012,CUST-001089,2021-02-09T14:51:00,temporary_network_error,91
FAIL-0001185,ATT-0005830,TXN-0005012,CUST-001089,2021-02-10T14:51:00,temporary_network_error,91
FAIL-0001186,ATT-0005831,TXN-0005012,CUST-001089,2021-02-14T14:51:00,temporary_network_error,91
FAIL-0001187,ATT-0005832,TXN-0005013,CUST-001089,2021-04-24T15:56:00,insufficient_funds,51
FAIL-0001188,ATT-0005837,TXN-0005017,CUST-001091,2021-04-10T23:41:00,temporary_network_error,91
FAIL-0001189,ATT-0005838,TXN-0005017,CUST-001091,2021-04-11T23:41:00,temporary_network_error,91
FAIL-0001190,ATT-0005839,TXN-0005017,CUST-001091,2021-04-21T23:41:00,temporary_network_error,91
FAIL-0001191,ATT-0005847,TXN-0005025,CUST-001093,2022-08-27T19:34:00,invalid_payment_method,14
FAIL-0001192,ATT-0005848,TXN-0005025,CUST-001093,2022-08-28T19:34:00,invalid_payment_method,14
FAIL-0001193,ATT-0005851,TXN-0005028,CUST-001093,2023-03-26T20:16:00,expired_card,54
FAIL-0001194,ATT-0005852,TXN-0005028,CUST-001093,2023-03-27T20:16:00,expired_card,54
FAIL-0001195,ATT-0005861,TXN-0005037,CUST-001095,2024-11-04T02:35:00,temporary_network_error,91
FAIL-0001196,ATT-0005867,TXN-0005042,CUST-001097,2022-06-23T00:38:00,insufficient_funds,51
FAIL-0001197,ATT-0005868,TXN-0005042,CUST-001097,2022-06-24T00:38:00,insufficient_funds,51
FAIL-0001198,ATT-0005869,TXN-0005042,CUST-001097,2022-06-28T00:38:00,insufficient_funds,51
FAIL-0001199,ATT-0005881,TXN-0005054,CUST-001099,2024-07-23T01:37:00,bank_unavailable,96
FAIL-0001200,ATT-0005889,TXN-0005061,CUST-001102,2022-10-07T05:00:00,temporary_network_error,91
FAIL-0001201,ATT-0005911,TXN-0005082,CUST-001107,2019-10-15T12:35:00,expired_card,54
FAIL-0001202,ATT-0005912,TXN-0005082,CUST-001107,2019-10-17T12:35:00,expired_card,54
FAIL-0001203,ATT-0005959,TXN-0005129,CUST-001118,2022-09-11T03:02:00,expired_card,54
FAIL-0001204,ATT-0005960,TXN-0005129,CUST-001118,2022-09-13T03:02:00,expired_card,54
FAIL-0001205,ATT-0005982,TXN-0005150,CUST-001123,2023-11-10T09:48:00,temporary_network_error,91
FAIL-0001206,ATT-0005983,TXN-0005150,CUST-001123,2023-11-12T09:48:00,temporary_network_error,91
FAIL-0001207,ATT-0005984,TXN-0005150,CUST-001123,2023-11-15T09:48:00,temporary_network_error,91
FAIL-0001208,ATT-0005987,TXN-0005153,CUST-001124,2021-10-04T23:41:00,insufficient_funds,51
FAIL-0001209,ATT-0005998,TXN-0005163,CUST-001126,2023-04-14T13:07:00,expired_card,54
FAIL-0001210,ATT-0005999,TXN-0005163,CUST-001126,2023-04-17T13:07:00,expired_card,54
FAIL-0001211,ATT-0006000,TXN-0005164,CUST-001126,2023-06-17T13:40:00,expired_card,54
FAIL-0001212,ATT-0006001,TXN-0005164,CUST-001126,2023-06-18T13:40:00,expired_card,54
FAIL-0001213,ATT-0006049,TXN-0005212,CUST-001136,2023-11-14T06:58:00,insufficient_funds,51
FAIL-0001214,ATT-0006077,TXN-0005239,CUST-001142,2024-06-30T22:42:00,temporary_network_error,91
FAIL-0001215,ATT-0006078,TXN-0005239,CUST-001142,2024-07-02T22:42:00,temporary_network_error,91
FAIL-0001216,ATT-0006086,TXN-0005246,CUST-001143,2024-04-09T05:00:00,temporary_network_error,91
FAIL-0001217,ATT-0006087,TXN-0005246,CUST-001143,2024-04-11T05:00:00,temporary_network_error,91
FAIL-0001218,ATT-0006088,TXN-0005246,CUST-001143,2024-04-17T05:00:00,temporary_network_error,91
FAIL-0001219,ATT-0006099,TXN-0005257,CUST-001145,2022-01-08T09:09:00,insufficient_funds,51
FAIL-0001220,ATT-0006100,TXN-0005257,CUST-001145,2022-01-11T09:09:00,insufficient_funds,51
FAIL-0001221,ATT-0006101,TXN-0005257,CUST-001145,2022-01-15T09:09:00,insufficient_funds,51
FAIL-0001222,ATT-0006104,TXN-0005260,CUST-001146,2020-03-31T06:34:00,temporary_network_error,91
FAIL-0001223,ATT-0006115,TXN-0005270,CUST-001147,2023-05-09T22:30:00,insufficient_funds,51
FAIL-0001224,ATT-0006116,TXN-0005270,CUST-001147,2023-05-10T22:30:00,insufficient_funds,51
FAIL-0001225,ATT-0006117,TXN-0005270,CUST-001147,2023-05-17T22:30:00,insufficient_funds,51
FAIL-0001226,ATT-0006118,TXN-0005271,CUST-001148,2024-02-06T14:54:00,insufficient_funds,51
FAIL-0001227,ATT-0006119,TXN-0005271,CUST-001148,2024-02-07T14:54:00,insufficient_funds,51
FAIL-0001228,ATT-0006120,TXN-0005271,CUST-001148,2024-02-14T14:54:00,insufficient_funds,51
FAIL-0001229,ATT-0006142,TXN-0005293,CUST-001154,2023-02-17T22:30:00,expired_card,54
FAIL-0001230,ATT-0006143,TXN-0005293,CUST-001154,2023-02-19T22:30:00,expired_card,54
FAIL-0001231,ATT-0006162,TXN-0005312,CUST-001160,2022-05-31T12:22:00,temporary_network_error,91
FAIL-0001232,ATT-0006182,TXN-0005331,CUST-001163,2020-10-10T21:09:00,insufficient_funds,51
FAIL-0001233,ATT-0006183,TXN-0005331,CUST-001163,2020-10-13T21:09:00,insufficient_funds,51
FAIL-0001234,ATT-0006184,TXN-0005331,CUST-001163,2020-10-23T21:09:00,insufficient_funds,51
FAIL-0001235,ATT-0006187,TXN-0005334,CUST-001164,2020-10-01T20:15:00,bank_unavailable,96
FAIL-0001236,ATT-0006199,TXN-0005345,CUST-001166,2020-04-20T20:38:00,risk_review_hold,57
FAIL-0001237,ATT-0006208,TXN-0005354,CUST-001168,2019-11-18T01:12:00,insufficient_funds,51
FAIL-0001238,ATT-0006209,TXN-0005354,CUST-001168,2019-11-21T01:12:00,insufficient_funds,51
FAIL-0001239,ATT-0006210,TXN-0005354,CUST-001168,2019-11-28T01:12:00,insufficient_funds,51
FAIL-0001240,ATT-0006218,TXN-0005362,CUST-001171,2020-04-24T12:58:00,insufficient_funds,51
FAIL-0001241,ATT-0006219,TXN-0005362,CUST-001171,2020-04-27T12:58:00,insufficient_funds,51
FAIL-0001242,ATT-0006237,TXN-0005379,CUST-001174,2022-06-11T21:49:00,temporary_network_error,91
FAIL-0001243,ATT-0006238,TXN-0005379,CUST-001174,2022-06-12T21:49:00,temporary_network_error,91
FAIL-0001244,ATT-0006239,TXN-0005379,CUST-001174,2022-06-18T21:49:00,temporary_network_error,91
FAIL-0001245,ATT-0006244,TXN-0005384,CUST-001176,2019-12-24T09:24:00,insufficient_funds,51
FAIL-0001246,ATT-0006254,TXN-0005393,CUST-001177,2022-02-06T13:23:00,temporary_network_error,91
FAIL-0001247,ATT-0006255,TXN-0005393,CUST-001177,2022-02-08T13:23:00,temporary_network_error,91
FAIL-0001248,ATT-0006260,TXN-0005397,CUST-001178,2021-04-08T07:13:00,insufficient_funds,51
FAIL-0001249,ATT-0006261,TXN-0005397,CUST-001178,2021-04-11T07:13:00,insufficient_funds,51
FAIL-0001250,ATT-0006262,TXN-0005397,CUST-001178,2021-04-16T07:13:00,insufficient_funds,51
FAIL-0001251,ATT-0006286,TXN-0005421,CUST-001183,2023-05-18T20:14:00,risk_review_hold,57
FAIL-0001252,ATT-0006308,TXN-0005443,CUST-001188,2021-09-22T19:08:00,insufficient_funds,51
FAIL-0001253,ATT-0006309,TXN-0005443,CUST-001188,2021-09-23T19:08:00,insufficient_funds,51
FAIL-0001254,ATT-0006310,TXN-0005443,CUST-001188,2021-09-27T19:08:00,insufficient_funds,51
FAIL-0001255,ATT-0006317,TXN-0005449,CUST-001189,2021-10-20T03:33:00,bank_unavailable,96
FAIL-0001256,ATT-0006318,TXN-0005449,CUST-001189,2021-10-22T03:33:00,bank_unavailable,96
FAIL-0001257,ATT-0006319,TXN-0005449,CUST-001189,2021-10-26T03:33:00,bank_unavailable,96
FAIL-0001258,ATT-0006322,TXN-0005452,CUST-001190,2024-03-08T05:19:00,bank_unavailable,96
FAIL-0001259,ATT-0006335,TXN-0005464,CUST-001192,2019-10-22T15:30:00,payment_method_limit_exceeded,61
FAIL-0001260,ATT-0006337,TXN-0005465,CUST-001192,2019-12-31T13:53:00,insufficient_funds,51
FAIL-0001261,ATT-0006338,TXN-0005465,CUST-001192,2020-01-01T13:53:00,insufficient_funds,51
FAIL-0001262,ATT-0006339,TXN-0005465,CUST-001192,2020-01-05T13:53:00,insufficient_funds,51
FAIL-0001263,ATT-0006350,TXN-0005476,CUST-001194,2021-08-13T19:01:00,temporary_network_error,91
FAIL-0001264,ATT-0006355,TXN-0005480,CUST-001194,2022-03-12T18:47:00,invalid_payment_method,14
FAIL-0001265,ATT-0006356,TXN-0005480,CUST-001194,2022-03-15T18:47:00,invalid_payment_method,14
FAIL-0001266,ATT-0006371,TXN-0005495,CUST-001198,2024-08-01T12:41:00,insufficient_funds,51
FAIL-0001267,ATT-0006372,TXN-0005495,CUST-001198,2024-08-02T12:41:00,insufficient_funds,51
FAIL-0001268,ATT-0006373,TXN-0005495,CUST-001198,2024-08-11T12:41:00,insufficient_funds,51
FAIL-0001269,ATT-0006389,TXN-0005511,CUST-001203,2021-06-05T22:06:00,insufficient_funds,51
FAIL-0001270,ATT-0006393,TXN-0005514,CUST-001203,2022-01-17T22:04:00,invalid_payment_method,14
FAIL-0001271,ATT-0006394,TXN-0005514,CUST-001203,2022-01-18T22:04:00,invalid_payment_method,14
FAIL-0001272,ATT-0006405,TXN-0005524,CUST-001205,2023-01-14T09:23:00,temporary_network_error,91
FAIL-0001273,ATT-0006406,TXN-0005524,CUST-001205,2023-01-17T09:23:00,temporary_network_error,91
FAIL-0001274,ATT-0006409,TXN-0005526,CUST-001206,2020-09-17T03:05:00,expired_card,54
FAIL-0001275,ATT-0006410,TXN-0005526,CUST-001206,2020-09-19T03:05:00,expired_card,54
FAIL-0001276,ATT-0006411,TXN-0005527,CUST-001206,2020-11-24T04:45:00,insufficient_funds,51
FAIL-0001277,ATT-0006412,TXN-0005527,CUST-001206,2020-11-26T04:45:00,insufficient_funds,51
FAIL-0001278,ATT-0006413,TXN-0005527,CUST-001206,2020-12-06T04:45:00,insufficient_funds,51
FAIL-0001279,ATT-0006429,TXN-0005543,CUST-001209,2022-02-03T14:06:00,insufficient_funds,51
FAIL-0001280,ATT-0006434,TXN-0005547,CUST-001210,2019-08-31T14:24:00,expired_card,54
FAIL-0001281,ATT-0006435,TXN-0005547,CUST-001210,2019-09-03T14:24:00,expired_card,54
FAIL-0001282,ATT-0006441,TXN-0005552,CUST-001212,2021-06-28T17:39:00,expired_card,54
FAIL-0001283,ATT-0006442,TXN-0005552,CUST-001212,2021-06-29T17:39:00,expired_card,54
FAIL-0001284,ATT-0006443,TXN-0005553,CUST-001212,2021-09-05T16:19:00,temporary_network_error,91
FAIL-0001285,ATT-0006444,TXN-0005553,CUST-001212,2021-09-06T16:19:00,temporary_network_error,91
FAIL-0001286,ATT-0006445,TXN-0005553,CUST-001212,2021-09-15T16:19:00,temporary_network_error,91
FAIL-0001287,ATT-0006462,TXN-0005570,CUST-001216,2022-02-04T13:30:00,risk_review_hold,57
FAIL-0001288,ATT-0006478,TXN-0005586,CUST-001219,2023-10-22T22:40:00,insufficient_funds,51
FAIL-0001289,ATT-0006484,TXN-0005591,CUST-001221,2022-03-10T20:04:00,insufficient_funds,51
FAIL-0001290,ATT-0006491,TXN-0005597,CUST-001222,2021-06-27T03:45:00,temporary_network_error,91
FAIL-0001291,ATT-0006492,TXN-0005597,CUST-001222,2021-06-28T03:45:00,temporary_network_error,91
FAIL-0001292,ATT-0006493,TXN-0005597,CUST-001222,2021-07-07T03:45:00,temporary_network_error,91
FAIL-0001293,ATT-0006512,TXN-0005615,CUST-001226,2023-11-25T19:40:00,insufficient_funds,51
FAIL-0001294,ATT-0006513,TXN-0005615,CUST-001226,2023-11-26T19:40:00,insufficient_funds,51
FAIL-0001295,ATT-0006514,TXN-0005615,CUST-001226,2023-12-02T19:40:00,insufficient_funds,51
FAIL-0001296,ATT-0006519,TXN-0005620,CUST-001226,2024-10-10T20:30:00,insufficient_funds,51
FAIL-0001297,ATT-0006520,TXN-0005620,CUST-001226,2024-10-11T20:30:00,insufficient_funds,51
FAIL-0001298,ATT-0006521,TXN-0005620,CUST-001226,2024-10-19T20:30:00,insufficient_funds,51
FAIL-0001299,ATT-0006546,TXN-0005644,CUST-001231,2022-11-15T10:18:00,risk_review_hold,57
FAIL-0001300,ATT-0006547,TXN-0005645,CUST-001231,2023-01-12T12:21:00,expired_card,54
FAIL-0001301,ATT-0006548,TXN-0005645,CUST-001231,2023-01-13T12:21:00,expired_card,54
FAIL-0001302,ATT-0006553,TXN-0005650,CUST-001232,2022-06-22T22:30:00,insufficient_funds,51
FAIL-0001303,ATT-0006554,TXN-0005650,CUST-001232,2022-06-25T22:30:00,insufficient_funds,51
FAIL-0001304,ATT-0006555,TXN-0005650,CUST-001232,2022-06-30T22:30:00,insufficient_funds,51
FAIL-0001305,ATT-0006565,TXN-0005660,CUST-001235,2019-07-25T18:27:00,temporary_network_error,91
FAIL-0001306,ATT-0006572,TXN-0005666,CUST-001236,2022-06-25T15:50:00,insufficient_funds,51
FAIL-0001307,ATT-0006573,TXN-0005666,CUST-001236,2022-06-26T15:50:00,insufficient_funds,51
FAIL-0001308,ATT-0006586,TXN-0005678,CUST-001238,2022-11-02T06:35:00,insufficient_funds,51
FAIL-0001309,ATT-0006590,TXN-0005681,CUST-001239,2022-04-17T05:13:00,temporary_network_error,91
FAIL-0001310,ATT-0006597,TXN-0005687,CUST-001240,2023-01-27T13:36:00,expired_card,54
FAIL-0001311,ATT-0006598,TXN-0005687,CUST-001240,2023-01-28T13:36:00,expired_card,54
FAIL-0001312,ATT-0006605,TXN-0005694,CUST-001241,2023-06-04T11:06:00,payment_method_limit_exceeded,61
FAIL-0001313,ATT-0006606,TXN-0005694,CUST-001241,2023-06-05T11:06:00,payment_method_limit_exceeded,61
FAIL-0001314,ATT-0006607,TXN-0005694,CUST-001241,2023-06-09T11:06:00,payment_method_limit_exceeded,61
FAIL-0001315,ATT-0006610,TXN-0005697,CUST-001242,2024-11-03T12:21:00,insufficient_funds,51
FAIL-0001316,ATT-0006612,TXN-0005699,CUST-001242,2025-05-13T12:40:00,insufficient_funds,51
FAIL-0001317,ATT-0006613,TXN-0005699,CUST-001242,2025-05-16T12:40:00,insufficient_funds,51
FAIL-0001318,ATT-0006614,TXN-0005699,CUST-001242,2025-05-26T12:40:00,insufficient_funds,51
FAIL-0001319,ATT-0006625,TXN-0005710,CUST-001246,2024-03-12T09:38:00,insufficient_funds,51
FAIL-0001320,ATT-0006626,TXN-0005710,CUST-001246,2024-03-14T09:38:00,insufficient_funds,51
FAIL-0001321,ATT-0006627,TXN-0005710,CUST-001246,2024-03-17T09:38:00,insufficient_funds,51
FAIL-0001322,ATT-0006631,TXN-0005714,CUST-001247,2020-09-23T21:14:00,risk_review_hold,57
FAIL-0001323,ATT-0006641,TXN-0005724,CUST-001249,2019-11-04T17:50:00,expired_card,54
FAIL-0001324,ATT-0006642,TXN-0005724,CUST-001249,2019-11-07T17:50:00,expired_card,54
FAIL-0001325,ATT-0006648,TXN-0005730,CUST-001250,2023-02-02T20:41:00,bank_unavailable,96
FAIL-0001326,ATT-0006656,TXN-0005737,CUST-001252,2019-08-11T20:03:00,payment_method_limit_exceeded,61
FAIL-0001327,ATT-0006657,TXN-0005737,CUST-001252,2019-08-14T20:03:00,payment_method_limit_exceeded,61
FAIL-0001328,ATT-0006678,TXN-0005757,CUST-001257,2024-07-05T08:54:00,invalid_payment_method,14
FAIL-0001329,ATT-0006679,TXN-0005757,CUST-001257,2024-07-06T08:54:00,invalid_payment_method,14
FAIL-0001330,ATT-0006684,TXN-0005762,CUST-001258,2021-02-20T09:41:00,bank_unavailable,96
FAIL-0001331,ATT-0006693,TXN-0005770,CUST-001261,2022-05-11T17:36:00,insufficient_funds,51
FAIL-0001332,ATT-0006694,TXN-0005770,CUST-001261,2022-05-12T17:36:00,insufficient_funds,51
FAIL-0001333,ATT-0006718,TXN-0005793,CUST-001265,2019-10-09T08:25:00,insufficient_funds,51
FAIL-0001334,ATT-0006719,TXN-0005793,CUST-001265,2019-10-10T08:25:00,insufficient_funds,51
FAIL-0001335,ATT-0006720,TXN-0005793,CUST-001265,2019-10-20T08:25:00,insufficient_funds,51
FAIL-0001336,ATT-0006722,TXN-0005795,CUST-001265,2020-01-11T09:40:00,insufficient_funds,51
FAIL-0001337,ATT-0006723,TXN-0005795,CUST-001265,2020-01-14T09:40:00,insufficient_funds,51
FAIL-0001338,ATT-0006725,TXN-0005796,CUST-001265,2020-05-07T08:39:00,bank_unavailable,96
FAIL-0001339,ATT-0006748,TXN-0005818,CUST-001270,2019-04-05T03:31:00,temporary_network_error,91
FAIL-0001340,ATT-0006749,TXN-0005818,CUST-001270,2019-04-08T03:31:00,temporary_network_error,91
FAIL-0001341,ATT-0006750,TXN-0005818,CUST-001270,2019-04-17T03:31:00,temporary_network_error,91
FAIL-0001342,ATT-0006755,TXN-0005823,CUST-001271,2019-03-22T00:44:00,insufficient_funds,51
FAIL-0001343,ATT-0006756,TXN-0005823,CUST-001271,2019-03-23T00:44:00,insufficient_funds,51
FAIL-0001344,ATT-0006774,TXN-0005840,CUST-001274,2024-09-27T19:06:00,insufficient_funds,51
FAIL-0001345,ATT-0006775,TXN-0005840,CUST-001274,2024-09-30T19:06:00,insufficient_funds,51
FAIL-0001346,ATT-0006776,TXN-0005840,CUST-001274,2024-10-05T19:06:00,insufficient_funds,51
FAIL-0001347,ATT-0006779,TXN-0005843,CUST-001274,2025-03-28T17:58:00,bank_unavailable,96
FAIL-0001348,ATT-0006780,TXN-0005843,CUST-001274,2025-03-30T17:58:00,bank_unavailable,96
FAIL-0001349,ATT-0006781,TXN-0005843,CUST-001274,2025-04-07T17:58:00,bank_unavailable,96
FAIL-0001350,ATT-0006786,TXN-0005848,CUST-001275,2022-05-22T11:12:00,insufficient_funds,51
FAIL-0001351,ATT-0006787,TXN-0005848,CUST-001275,2022-05-25T11:12:00,insufficient_funds,51
FAIL-0001352,ATT-0006788,TXN-0005848,CUST-001275,2022-06-03T11:12:00,insufficient_funds,51
FAIL-0001353,ATT-0006801,TXN-0005861,CUST-001278,2022-10-27T04:49:00,temporary_network_error,91
FAIL-0001354,ATT-0006802,TXN-0005861,CUST-001278,2022-10-29T04:49:00,temporary_network_error,91
FAIL-0001355,ATT-0006803,TXN-0005861,CUST-001278,2022-11-08T04:49:00,temporary_network_error,91
FAIL-0001356,ATT-0006805,TXN-0005862,CUST-001278,2022-11-18T06:52:00,insufficient_funds,51
FAIL-0001357,ATT-0006809,TXN-0005865,CUST-001279,2021-10-12T15:10:00,insufficient_funds,51
FAIL-0001358,ATT-0006810,TXN-0005865,CUST-001279,2021-10-13T15:10:00,insufficient_funds,51
FAIL-0001359,ATT-0006811,TXN-0005865,CUST-001279,2021-10-21T15:10:00,insufficient_funds,51
FAIL-0001360,ATT-0006819,TXN-0005873,CUST-001281,2021-04-02T23:46:00,expired_card,54
FAIL-0001361,ATT-0006820,TXN-0005873,CUST-001281,2021-04-03T23:46:00,expired_card,54
FAIL-0001362,ATT-0006832,TXN-0005884,CUST-001284,2021-05-03T03:11:00,temporary_network_error,91
FAIL-0001363,ATT-0006833,TXN-0005884,CUST-001284,2021-05-05T03:11:00,temporary_network_error,91
FAIL-0001364,ATT-0006834,TXN-0005884,CUST-001284,2021-05-15T03:11:00,temporary_network_error,91
FAIL-0001365,ATT-0006835,TXN-0005885,CUST-001284,2021-08-16T04:05:00,expired_card,54
FAIL-0001366,ATT-0006836,TXN-0005885,CUST-001284,2021-08-18T04:05:00,expired_card,54
FAIL-0001367,ATT-0006837,TXN-0005886,CUST-001284,2021-09-30T02:51:00,insufficient_funds,51
FAIL-0001368,ATT-0006853,TXN-0005901,CUST-001288,2023-03-16T02:36:00,expired_card,54
FAIL-0001369,ATT-0006854,TXN-0005901,CUST-001288,2023-03-19T02:36:00,expired_card,54
FAIL-0001370,ATT-0006861,TXN-0005907,CUST-001289,2023-07-11T19:19:00,insufficient_funds,51
FAIL-0001371,ATT-0006862,TXN-0005907,CUST-001289,2023-07-12T19:19:00,insufficient_funds,51
FAIL-0001372,ATT-0006863,TXN-0005907,CUST-001289,2023-07-16T19:19:00,insufficient_funds,51
FAIL-0001373,ATT-0006868,TXN-0005912,CUST-001291,2019-06-02T08:21:00,insufficient_funds,51
FAIL-0001374,ATT-0006869,TXN-0005912,CUST-001291,2019-06-04T08:21:00,insufficient_funds,51
FAIL-0001375,ATT-0006870,TXN-0005912,CUST-001291,2019-06-07T08:21:00,insufficient_funds,51
FAIL-0001376,ATT-0006876,TXN-0005917,CUST-001293,2022-09-19T10:18:00,insufficient_funds,51
FAIL-0001377,ATT-0006877,TXN-0005917,CUST-001293,2022-09-21T10:18:00,insufficient_funds,51
FAIL-0001378,ATT-0006878,TXN-0005917,CUST-001293,2022-09-27T10:18:00,insufficient_funds,51
FAIL-0001379,ATT-0006885,TXN-0005924,CUST-001295,2019-09-23T04:39:00,payment_method_limit_exceeded,61
FAIL-0001380,ATT-0006886,TXN-0005924,CUST-001295,2019-09-26T04:39:00,payment_method_limit_exceeded,61
FAIL-0001381,ATT-0006891,TXN-0005928,CUST-001295,2020-04-04T04:41:00,invalid_payment_method,14
FAIL-0001382,ATT-0006892,TXN-0005928,CUST-001295,2020-04-05T04:41:00,invalid_payment_method,14
FAIL-0001383,ATT-0006898,TXN-0005934,CUST-001297,2022-05-03T10:00:00,temporary_network_error,91
FAIL-0001384,ATT-0006914,TXN-0005949,CUST-001300,2024-03-01T01:31:00,expired_card,54
FAIL-0001385,ATT-0006915,TXN-0005949,CUST-001300,2024-03-04T01:31:00,expired_card,54
FAIL-0001386,ATT-0006931,TXN-0005964,CUST-001304,2022-04-11T22:37:00,insufficient_funds,51
FAIL-0001387,ATT-0006934,TXN-0005966,CUST-001305,2023-09-12T06:24:00,temporary_network_error,91
FAIL-0001388,ATT-0006936,TXN-0005967,CUST-001305,2023-12-10T05:31:00,temporary_network_error,91
FAIL-0001389,ATT-0006937,TXN-0005967,CUST-001305,2023-12-11T05:31:00,temporary_network_error,91
FAIL-0001390,ATT-0006948,TXN-0005977,CUST-001308,2021-08-31T14:42:00,expired_card,54
FAIL-0001391,ATT-0006949,TXN-0005977,CUST-001308,2021-09-01T14:42:00,expired_card,54
FAIL-0001392,ATT-0006950,TXN-0005978,CUST-001308,2021-09-21T14:06:00,invalid_payment_method,14
FAIL-0001393,ATT-0006951,TXN-0005978,CUST-001308,2021-09-22T14:06:00,invalid_payment_method,14
FAIL-0001394,ATT-0006960,TXN-0005987,CUST-001310,2020-02-21T17:07:00,insufficient_funds,51
FAIL-0001395,ATT-0006961,TXN-0005987,CUST-001310,2020-02-24T17:07:00,insufficient_funds,51
FAIL-0001396,ATT-0006962,TXN-0005987,CUST-001310,2020-03-05T17:07:00,insufficient_funds,51
FAIL-0001397,ATT-0006966,TXN-0005991,CUST-001311,2020-06-09T22:45:00,temporary_network_error,91
FAIL-0001398,ATT-0006978,TXN-0006002,CUST-001314,2024-01-01T11:32:00,expired_card,54
FAIL-0001399,ATT-0006979,TXN-0006002,CUST-001314,2024-01-04T11:32:00,expired_card,54
FAIL-0001400,ATT-0006984,TXN-0006007,CUST-001315,2021-04-03T17:48:00,insufficient_funds,51
FAIL-0001401,ATT-0006988,TXN-0006010,CUST-001316,2022-02-21T18:06:00,payment_method_limit_exceeded,61
FAIL-0001402,ATT-0006989,TXN-0006010,CUST-001316,2022-02-24T18:06:00,payment_method_limit_exceeded,61
FAIL-0001403,ATT-0006990,TXN-0006010,CUST-001316,2022-03-02T18:06:00,payment_method_limit_exceeded,61
FAIL-0001404,ATT-0007001,TXN-0006021,CUST-001318,2022-09-12T17:12:00,invalid_payment_method,14
FAIL-0001405,ATT-0007002,TXN-0006021,CUST-001318,2022-09-13T17:12:00,invalid_payment_method,14
FAIL-0001406,ATT-0007004,TXN-0006022,CUST-001318,2022-11-16T17:30:00,expired_card,54
FAIL-0001407,ATT-0007005,TXN-0006022,CUST-001318,2022-11-18T17:30:00,expired_card,54
FAIL-0001408,ATT-0007009,TXN-0006025,CUST-001319,2020-08-02T12:43:00,insufficient_funds,51
FAIL-0001409,ATT-0007013,TXN-0006029,CUST-001320,2023-05-08T15:13:00,invalid_payment_method,14
FAIL-0001410,ATT-0007014,TXN-0006029,CUST-001320,2023-05-09T15:13:00,invalid_payment_method,14
FAIL-0001411,ATT-0007023,TXN-0006038,CUST-001321,2022-10-12T04:18:00,insufficient_funds,51
FAIL-0001412,ATT-0007028,TXN-0006042,CUST-001322,2021-11-02T12:49:00,payment_method_limit_exceeded,61
FAIL-0001413,ATT-0007033,TXN-0006046,CUST-001323,2023-04-29T04:23:00,insufficient_funds,51
FAIL-0001414,ATT-0007034,TXN-0006046,CUST-001323,2023-04-30T04:23:00,insufficient_funds,51
FAIL-0001415,ATT-0007035,TXN-0006046,CUST-001323,2023-05-07T04:23:00,insufficient_funds,51
FAIL-0001416,ATT-0007049,TXN-0006060,CUST-001326,2020-08-29T00:23:00,payment_method_limit_exceeded,61
FAIL-0001417,ATT-0007050,TXN-0006060,CUST-001326,2020-09-01T00:23:00,payment_method_limit_exceeded,61
FAIL-0001418,ATT-0007051,TXN-0006060,CUST-001326,2020-09-09T00:23:00,payment_method_limit_exceeded,61
FAIL-0001419,ATT-0007059,TXN-0006068,CUST-001328,2022-02-27T04:39:00,payment_method_limit_exceeded,61
FAIL-0001420,ATT-0007060,TXN-0006068,CUST-001328,2022-03-01T04:39:00,payment_method_limit_exceeded,61
FAIL-0001421,ATT-0007061,TXN-0006068,CUST-001328,2022-03-06T04:39:00,payment_method_limit_exceeded,61
FAIL-0001422,ATT-0007072,TXN-0006079,CUST-001331,2020-08-10T16:46:00,insufficient_funds,51
FAIL-0001423,ATT-0007073,TXN-0006079,CUST-001331,2020-08-11T16:46:00,insufficient_funds,51
FAIL-0001424,ATT-0007074,TXN-0006079,CUST-001331,2020-08-20T16:46:00,insufficient_funds,51
FAIL-0001425,ATT-0007080,TXN-0006085,CUST-001333,2023-09-18T04:49:00,insufficient_funds,51
FAIL-0001426,ATT-0007081,TXN-0006085,CUST-001333,2023-09-21T04:49:00,insufficient_funds,51
FAIL-0001427,ATT-0007082,TXN-0006085,CUST-001333,2023-09-30T04:49:00,insufficient_funds,51
FAIL-0001428,ATT-0007084,TXN-0006086,CUST-001333,2023-12-05T05:45:00,risk_review_hold,57
FAIL-0001429,ATT-0007086,TXN-0006087,CUST-001333,2024-03-19T03:56:00,insufficient_funds,51
FAIL-0001430,ATT-0007087,TXN-0006087,CUST-001333,2024-03-20T03:56:00,insufficient_funds,51
FAIL-0001431,ATT-0007096,TXN-0006095,CUST-001335,2020-01-11T21:59:00,insufficient_funds,51
FAIL-0001432,ATT-0007097,TXN-0006095,CUST-001335,2020-01-12T21:59:00,insufficient_funds,51
FAIL-0001433,ATT-0007098,TXN-0006095,CUST-001335,2020-01-17T21:59:00,insufficient_funds,51
FAIL-0001434,ATT-0007103,TXN-0006100,CUST-001337,2022-01-07T10:00:00,temporary_network_error,91
FAIL-0001435,ATT-0007104,TXN-0006100,CUST-001337,2022-01-09T10:00:00,temporary_network_error,91
FAIL-0001436,ATT-0007107,TXN-0006102,CUST-001337,2022-06-06T09:27:00,risk_review_hold,57
FAIL-0001437,ATT-0007109,TXN-0006104,CUST-001338,2023-04-24T06:46:00,bank_unavailable,96
FAIL-0001438,ATT-0007110,TXN-0006104,CUST-001338,2023-04-26T06:46:00,bank_unavailable,96
FAIL-0001439,ATT-0007112,TXN-0006105,CUST-001338,2023-05-14T07:43:00,invalid_payment_method,14
FAIL-0001440,ATT-0007113,TXN-0006105,CUST-001338,2023-05-17T07:43:00,invalid_payment_method,14
FAIL-0001441,ATT-0007131,TXN-0006123,CUST-001341,2021-07-24T21:08:00,risk_review_hold,57
FAIL-0001442,ATT-0007142,TXN-0006134,CUST-001344,2021-12-28T13:54:00,expired_card,54
FAIL-0001443,ATT-0007143,TXN-0006134,CUST-001344,2021-12-30T13:54:00,expired_card,54
FAIL-0001444,ATT-0007146,TXN-0006136,CUST-001344,2022-05-10T12:52:00,payment_method_limit_exceeded,61
FAIL-0001445,ATT-0007147,TXN-0006136,CUST-001344,2022-05-12T12:52:00,payment_method_limit_exceeded,61
FAIL-0001446,ATT-0007148,TXN-0006136,CUST-001344,2022-05-18T12:52:00,payment_method_limit_exceeded,61
FAIL-0001447,ATT-0007165,TXN-0006153,CUST-001347,2021-08-02T16:32:00,payment_method_limit_exceeded,61
FAIL-0001448,ATT-0007166,TXN-0006153,CUST-001347,2021-08-05T16:32:00,payment_method_limit_exceeded,61
FAIL-0001449,ATT-0007167,TXN-0006153,CUST-001347,2021-08-10T16:32:00,payment_method_limit_exceeded,61
FAIL-0001450,ATT-0007178,TXN-0006164,CUST-001349,2024-08-22T06:38:00,expired_card,54
FAIL-0001451,ATT-0007179,TXN-0006164,CUST-001349,2024-08-23T06:38:00,expired_card,54
FAIL-0001452,ATT-0007181,TXN-0006166,CUST-001350,2019-12-24T21:00:00,insufficient_funds,51
FAIL-0001453,ATT-0007182,TXN-0006166,CUST-001350,2019-12-26T21:00:00,insufficient_funds,51
FAIL-0001454,ATT-0007183,TXN-0006166,CUST-001350,2020-01-02T21:00:00,insufficient_funds,51
FAIL-0001455,ATT-0007192,TXN-0006175,CUST-001351,2021-01-29T09:22:00,temporary_network_error,91
FAIL-0001456,ATT-0007212,TXN-0006194,CUST-001358,2021-06-12T13:25:00,insufficient_funds,51
FAIL-0001457,ATT-0007213,TXN-0006194,CUST-001358,2021-06-15T13:25:00,insufficient_funds,51
FAIL-0001458,ATT-0007214,TXN-0006194,CUST-001358,2021-06-18T13:25:00,insufficient_funds,51
FAIL-0001459,ATT-0007241,TXN-0006221,CUST-001363,2023-07-19T10:22:00,insufficient_funds,51
FAIL-0001460,ATT-0007264,TXN-0006243,CUST-001369,2022-06-29T03:08:00,insufficient_funds,51
FAIL-0001461,ATT-0007265,TXN-0006243,CUST-001369,2022-06-30T03:08:00,insufficient_funds,51
FAIL-0001462,ATT-0007267,TXN-0006244,CUST-001369,2022-07-26T04:02:00,expired_card,54
FAIL-0001463,ATT-0007268,TXN-0006244,CUST-001369,2022-07-29T04:02:00,expired_card,54
FAIL-0001464,ATT-0007276,TXN-0006251,CUST-001371,2022-12-04T18:36:00,expired_card,54
FAIL-0001465,ATT-0007277,TXN-0006251,CUST-001371,2022-12-06T18:36:00,expired_card,54
FAIL-0001466,ATT-0007280,TXN-0006254,CUST-001371,2023-04-12T17:32:00,insufficient_funds,51
FAIL-0001467,ATT-0007281,TXN-0006254,CUST-001371,2023-04-15T17:32:00,insufficient_funds,51
FAIL-0001468,ATT-0007282,TXN-0006254,CUST-001371,2023-04-23T17:32:00,insufficient_funds,51
FAIL-0001469,ATT-0007305,TXN-0006277,CUST-001375,2023-09-14T03:08:00,payment_method_limit_exceeded,61
FAIL-0001470,ATT-0007318,TXN-0006290,CUST-001380,2019-02-27T17:07:00,insufficient_funds,51
FAIL-0001471,ATT-0007319,TXN-0006290,CUST-001380,2019-02-28T17:07:00,insufficient_funds,51
FAIL-0001472,ATT-0007320,TXN-0006290,CUST-001380,2019-03-10T17:07:00,insufficient_funds,51
FAIL-0001473,ATT-0007335,TXN-0006305,CUST-001383,2023-05-11T23:18:00,insufficient_funds,51
FAIL-0001474,ATT-0007336,TXN-0006305,CUST-001383,2023-05-14T23:18:00,insufficient_funds,51
FAIL-0001475,ATT-0007362,TXN-0006330,CUST-001390,2021-12-30T17:41:00,payment_method_limit_exceeded,61
FAIL-0001476,ATT-0007367,TXN-0006334,CUST-001391,2024-03-06T15:01:00,risk_review_hold,57
FAIL-0001477,ATT-0007369,TXN-0006336,CUST-001391,2024-06-06T16:22:00,insufficient_funds,51
FAIL-0001478,ATT-0007370,TXN-0006336,CUST-001391,2024-06-07T16:22:00,insufficient_funds,51
FAIL-0001479,ATT-0007371,TXN-0006336,CUST-001391,2024-06-13T16:22:00,insufficient_funds,51
FAIL-0001480,ATT-0007393,TXN-0006358,CUST-001395,2024-11-19T12:51:00,insufficient_funds,51
FAIL-0001481,ATT-0007394,TXN-0006358,CUST-001395,2024-11-22T12:51:00,insufficient_funds,51
FAIL-0001482,ATT-0007395,TXN-0006358,CUST-001395,2024-11-25T12:51:00,insufficient_funds,51
FAIL-0001483,ATT-0007403,TXN-0006366,CUST-001398,2020-08-27T11:31:00,expired_card,54
FAIL-0001484,ATT-0007404,TXN-0006366,CUST-001398,2020-08-29T11:31:00,expired_card,54
FAIL-0001485,ATT-0007434,TXN-0006396,CUST-001404,2024-10-22T17:39:00,insufficient_funds,51
FAIL-0001486,ATT-0007435,TXN-0006396,CUST-001404,2024-10-23T17:39:00,insufficient_funds,51
FAIL-0001487,ATT-0007436,TXN-0006396,CUST-001404,2024-11-01T17:39:00,insufficient_funds,51
FAIL-0001488,ATT-0007451,TXN-0006411,CUST-001407,2024-11-20T12:34:00,insufficient_funds,51
FAIL-0001489,ATT-0007452,TXN-0006411,CUST-001407,2024-11-23T12:34:00,insufficient_funds,51
FAIL-0001490,ATT-0007453,TXN-0006411,CUST-001407,2024-11-29T12:34:00,insufficient_funds,51
FAIL-0001491,ATT-0007462,TXN-0006420,CUST-001409,2021-09-27T19:40:00,insufficient_funds,51
FAIL-0001492,ATT-0007466,TXN-0006423,CUST-001409,2022-03-26T18:27:00,invalid_payment_method,14
FAIL-0001493,ATT-0007467,TXN-0006423,CUST-001409,2022-03-27T18:27:00,invalid_payment_method,14
FAIL-0001494,ATT-0007471,TXN-0006427,CUST-001410,2021-12-23T13:20:00,bank_unavailable,96
FAIL-0001495,ATT-0007472,TXN-0006427,CUST-001410,2021-12-26T13:20:00,bank_unavailable,96
FAIL-0001496,ATT-0007473,TXN-0006427,CUST-001410,2022-01-04T13:20:00,bank_unavailable,96
FAIL-0001497,ATT-0007474,TXN-0006428,CUST-001410,2022-04-14T12:05:00,temporary_network_error,91
FAIL-0001498,ATT-0007475,TXN-0006428,CUST-001410,2022-04-17T12:05:00,temporary_network_error,91
FAIL-0001499,ATT-0007476,TXN-0006428,CUST-001410,2022-04-23T12:05:00,temporary_network_error,91
FAIL-0001500,ATT-0007492,TXN-0006444,CUST-001413,2022-02-25T17:21:00,insufficient_funds,51
FAIL-0001501,ATT-0007499,TXN-0006450,CUST-001414,2022-11-02T11:45:00,insufficient_funds,51
FAIL-0001502,ATT-0007500,TXN-0006450,CUST-001414,2022-11-03T11:45:00,insufficient_funds,51
FAIL-0001503,ATT-0007501,TXN-0006450,CUST-001414,2022-11-13T11:45:00,insufficient_funds,51
FAIL-0001504,ATT-0007504,TXN-0006453,CUST-001414,2023-06-05T10:15:00,bank_unavailable,96
FAIL-0001505,ATT-0007505,TXN-0006453,CUST-001414,2023-06-06T10:15:00,bank_unavailable,96
FAIL-0001506,ATT-0007506,TXN-0006453,CUST-001414,2023-06-13T10:15:00,bank_unavailable,96
FAIL-0001507,ATT-0007520,TXN-0006467,CUST-001417,2025-02-05T06:43:00,insufficient_funds,51
FAIL-0001508,ATT-0007533,TXN-0006479,CUST-001420,2025-02-21T20:18:00,bank_unavailable,96
FAIL-0001509,ATT-0007534,TXN-0006479,CUST-001420,2025-02-22T20:18:00,bank_unavailable,96
FAIL-0001510,ATT-0007535,TXN-0006479,CUST-001420,2025-02-28T20:18:00,bank_unavailable,96
FAIL-0001511,ATT-0007536,TXN-0006480,CUST-001420,2025-06-16T18:58:00,temporary_network_error,91
FAIL-0001512,ATT-0007537,TXN-0006480,CUST-001420,2025-06-19T18:58:00,temporary_network_error,91
FAIL-0001513,ATT-0007538,TXN-0006480,CUST-001420,2025-06-23T18:58:00,temporary_network_error,91
FAIL-0001514,ATT-0007550,TXN-0006492,CUST-001423,2022-09-02T07:41:00,temporary_network_error,91
FAIL-0001515,ATT-0007564,TXN-0006505,CUST-001425,2020-01-07T03:55:00,payment_method_limit_exceeded,61
FAIL-0001516,ATT-0007565,TXN-0006505,CUST-001425,2020-01-10T03:55:00,payment_method_limit_exceeded,61
FAIL-0001517,ATT-0007566,TXN-0006505,CUST-001425,2020-01-20T03:55:00,payment_method_limit_exceeded,61
FAIL-0001518,ATT-0007569,TXN-0006508,CUST-001426,2019-07-25T22:57:00,insufficient_funds,51
FAIL-0001519,ATT-0007570,TXN-0006508,CUST-001426,2019-07-28T22:57:00,insufficient_funds,51
FAIL-0001520,ATT-0007571,TXN-0006508,CUST-001426,2019-08-02T22:57:00,insufficient_funds,51
FAIL-0001521,ATT-0007587,TXN-0006524,CUST-001428,2020-05-06T15:01:00,insufficient_funds,51
FAIL-0001522,ATT-0007589,TXN-0006525,CUST-001428,2020-07-04T15:14:00,bank_unavailable,96
FAIL-0001523,ATT-0007590,TXN-0006525,CUST-001428,2020-07-06T15:14:00,bank_unavailable,96
FAIL-0001524,ATT-0007624,TXN-0006558,CUST-001435,2024-03-02T05:54:00,insufficient_funds,51
FAIL-0001525,ATT-0007625,TXN-0006558,CUST-001435,2024-03-03T05:54:00,insufficient_funds,51
FAIL-0001526,ATT-0007627,TXN-0006559,CUST-001435,2024-03-14T06:05:00,expired_card,54
FAIL-0001527,ATT-0007628,TXN-0006559,CUST-001435,2024-03-16T06:05:00,expired_card,54
FAIL-0001528,ATT-0007630,TXN-0006561,CUST-001435,2024-08-17T05:58:00,insufficient_funds,51
FAIL-0001529,ATT-0007639,TXN-0006569,CUST-001437,2020-05-31T16:44:00,insufficient_funds,51
FAIL-0001530,ATT-0007640,TXN-0006569,CUST-001437,2020-06-03T16:44:00,insufficient_funds,51
FAIL-0001531,ATT-0007641,TXN-0006569,CUST-001437,2020-06-10T16:44:00,insufficient_funds,51
FAIL-0001532,ATT-0007656,TXN-0006584,CUST-001440,2020-05-12T23:53:00,payment_method_limit_exceeded,61
FAIL-0001533,ATT-0007657,TXN-0006584,CUST-001440,2020-05-13T23:53:00,payment_method_limit_exceeded,61
FAIL-0001534,ATT-0007658,TXN-0006584,CUST-001440,2020-05-19T23:53:00,payment_method_limit_exceeded,61
FAIL-0001535,ATT-0007660,TXN-0006586,CUST-001440,2020-09-09T00:17:00,risk_review_hold,57
FAIL-0001536,ATT-0007669,TXN-0006595,CUST-001441,2020-06-24T16:46:00,temporary_network_error,91
FAIL-0001537,ATT-0007674,TXN-0006599,CUST-001442,2021-04-10T11:28:00,expired_card,54
FAIL-0001538,ATT-0007675,TXN-0006599,CUST-001442,2021-04-12T11:28:00,expired_card,54
FAIL-0001539,ATT-0007682,TXN-0006605,CUST-001444,2022-10-01T15:58:00,bank_unavailable,96
FAIL-0001540,ATT-0007683,TXN-0006605,CUST-001444,2022-10-04T15:58:00,bank_unavailable,96
FAIL-0001541,ATT-0007684,TXN-0006605,CUST-001444,2022-10-11T15:58:00,bank_unavailable,96
FAIL-0001542,ATT-0007717,TXN-0006638,CUST-001449,2021-04-06T08:17:00,payment_method_limit_exceeded,61
FAIL-0001543,ATT-0007722,TXN-0006642,CUST-001450,2024-10-02T22:56:00,bank_unavailable,96
FAIL-0001544,ATT-0007723,TXN-0006642,CUST-001450,2024-10-05T22:56:00,bank_unavailable,96
FAIL-0001545,ATT-0007724,TXN-0006642,CUST-001450,2024-10-08T22:56:00,bank_unavailable,96
FAIL-0001546,ATT-0007736,TXN-0006654,CUST-001453,2021-02-24T00:14:00,temporary_network_error,91
FAIL-0001547,ATT-0007737,TXN-0006654,CUST-001453,2021-02-26T00:14:00,temporary_network_error,91
FAIL-0001548,ATT-0007738,TXN-0006654,CUST-001453,2021-03-02T00:14:00,temporary_network_error,91
FAIL-0001549,ATT-0007747,TXN-0006663,CUST-001455,2020-01-04T10:42:00,temporary_network_error,91
FAIL-0001550,ATT-0007749,TXN-0006664,CUST-001455,2020-02-19T08:11:00,insufficient_funds,51
FAIL-0001551,ATT-0007750,TXN-0006664,CUST-001455,2020-02-22T08:11:00,insufficient_funds,51
FAIL-0001552,ATT-0007764,TXN-0006677,CUST-001458,2023-04-07T01:55:00,payment_method_limit_exceeded,61
FAIL-0001553,ATT-0007765,TXN-0006677,CUST-001458,2023-04-08T01:55:00,payment_method_limit_exceeded,61
FAIL-0001554,ATT-0007766,TXN-0006677,CUST-001458,2023-04-11T01:55:00,payment_method_limit_exceeded,61
FAIL-0001555,ATT-0007772,TXN-0006683,CUST-001459,2022-06-19T11:57:00,payment_method_limit_exceeded,61
FAIL-0001556,ATT-0007773,TXN-0006683,CUST-001459,2022-06-20T11:57:00,payment_method_limit_exceeded,61
FAIL-0001557,ATT-0007774,TXN-0006683,CUST-001459,2022-06-28T11:57:00,payment_method_limit_exceeded,61
FAIL-0001558,ATT-0007775,TXN-0006684,CUST-001460,2020-01-04T06:30:00,expired_card,54
FAIL-0001559,ATT-0007776,TXN-0006684,CUST-001460,2020-01-07T06:30:00,expired_card,54
FAIL-0001560,ATT-0007778,TXN-0006686,CUST-001460,2020-04-17T05:33:00,temporary_network_error,91
FAIL-0001561,ATT-0007791,TXN-0006698,CUST-001462,2021-04-06T00:49:00,insufficient_funds,51
FAIL-0001562,ATT-0007792,TXN-0006698,CUST-001462,2021-04-09T00:49:00,insufficient_funds,51
FAIL-0001563,ATT-0007793,TXN-0006698,CUST-001462,2021-04-16T00:49:00,insufficient_funds,51
FAIL-0001564,ATT-0007794,TXN-0006699,CUST-001463,2020-07-20T02:44:00,insufficient_funds,51
FAIL-0001565,ATT-0007795,TXN-0006699,CUST-001463,2020-07-22T02:44:00,insufficient_funds,51
FAIL-0001566,ATT-0007796,TXN-0006699,CUST-001463,2020-07-30T02:44:00,insufficient_funds,51
FAIL-0001567,ATT-0007814,TXN-0006717,CUST-001465,2021-04-26T08:36:00,temporary_network_error,91
FAIL-0001568,ATT-0007835,TXN-0006737,CUST-001470,2024-01-07T04:44:00,bank_unavailable,96
FAIL-0001569,ATT-0007841,TXN-0006742,CUST-001471,2019-05-22T22:02:00,temporary_network_error,91
FAIL-0001570,ATT-0007842,TXN-0006742,CUST-001471,2019-05-23T22:02:00,temporary_network_error,91
FAIL-0001571,ATT-0007846,TXN-0006745,CUST-001472,2021-07-26T13:48:00,insufficient_funds,51
FAIL-0001572,ATT-0007847,TXN-0006745,CUST-001472,2021-07-28T13:48:00,insufficient_funds,51
FAIL-0001573,ATT-0007848,TXN-0006745,CUST-001472,2021-08-06T13:48:00,insufficient_funds,51
FAIL-0001574,ATT-0007858,TXN-0006755,CUST-001475,2022-01-13T11:14:00,expired_card,54
FAIL-0001575,ATT-0007859,TXN-0006755,CUST-001475,2022-01-14T11:14:00,expired_card,54
FAIL-0001576,ATT-0007885,TXN-0006781,CUST-001481,2021-12-01T02:30:00,payment_method_limit_exceeded,61
FAIL-0001577,ATT-0007886,TXN-0006781,CUST-001481,2021-12-03T02:30:00,payment_method_limit_exceeded,61
FAIL-0001578,ATT-0007887,TXN-0006781,CUST-001481,2021-12-11T02:30:00,payment_method_limit_exceeded,61
FAIL-0001579,ATT-0007902,TXN-0006796,CUST-001485,2021-12-09T05:09:00,temporary_network_error,91
FAIL-0001580,ATT-0007903,TXN-0006796,CUST-001485,2021-12-12T05:09:00,temporary_network_error,91
FAIL-0001581,ATT-0007904,TXN-0006796,CUST-001485,2021-12-17T05:09:00,temporary_network_error,91
FAIL-0001582,ATT-0007911,TXN-0006803,CUST-001487,2023-03-08T17:21:00,temporary_network_error,91
FAIL-0001583,ATT-0007912,TXN-0006803,CUST-001487,2023-03-11T17:21:00,temporary_network_error,91
FAIL-0001584,ATT-0007913,TXN-0006803,CUST-001487,2023-03-14T17:21:00,temporary_network_error,91
FAIL-0001585,ATT-0007914,TXN-0006804,CUST-001488,2020-04-14T00:08:00,insufficient_funds,51
FAIL-0001586,ATT-0007915,TXN-0006804,CUST-001488,2020-04-15T00:08:00,insufficient_funds,51
FAIL-0001587,ATT-0007916,TXN-0006804,CUST-001488,2020-04-20T00:08:00,insufficient_funds,51
FAIL-0001588,ATT-0007920,TXN-0006808,CUST-001488,2020-11-24T01:09:00,temporary_network_error,91
FAIL-0001589,ATT-0007921,TXN-0006808,CUST-001488,2020-11-26T01:09:00,temporary_network_error,91
FAIL-0001590,ATT-0007922,TXN-0006808,CUST-001488,2020-12-05T01:09:00,temporary_network_error,91
FAIL-0001591,ATT-0007933,TXN-0006819,CUST-001491,2021-08-08T10:44:00,insufficient_funds,51
FAIL-0001592,ATT-0007937,TXN-0006822,CUST-001491,2022-05-01T11:38:00,payment_method_limit_exceeded,61
FAIL-0001593,ATT-0007945,TXN-0006829,CUST-001494,2019-06-29T01:53:00,insufficient_funds,51
FAIL-0001594,ATT-0007946,TXN-0006829,CUST-001494,2019-07-02T01:53:00,insufficient_funds,51
FAIL-0001595,ATT-0007947,TXN-0006829,CUST-001494,2019-07-11T01:53:00,insufficient_funds,51
FAIL-0001596,ATT-0007949,TXN-0006831,CUST-001494,2019-11-18T23:43:00,temporary_network_error,91
FAIL-0001597,ATT-0007950,TXN-0006831,CUST-001494,2019-11-20T23:43:00,temporary_network_error,91
FAIL-0001598,ATT-0007951,TXN-0006831,CUST-001494,2019-11-28T23:43:00,temporary_network_error,91
FAIL-0001599,ATT-0007953,TXN-0006833,CUST-001494,2020-02-24T01:39:00,temporary_network_error,91
FAIL-0001600,ATT-0007954,TXN-0006833,CUST-001494,2020-02-27T01:39:00,temporary_network_error,91
FAIL-0001601,ATT-0007955,TXN-0006833,CUST-001494,2020-03-03T01:39:00,temporary_network_error,91
FAIL-0001602,ATT-0007965,TXN-0006843,CUST-001497,2021-01-15T08:34:00,insufficient_funds,51
FAIL-0001603,ATT-0007969,TXN-0006846,CUST-001497,2021-05-06T08:39:00,insufficient_funds,51
FAIL-0001604,ATT-0007970,TXN-0006846,CUST-001497,2021-05-09T08:39:00,insufficient_funds,51
FAIL-0001605,ATT-0007971,TXN-0006846,CUST-001497,2021-05-19T08:39:00,insufficient_funds,51
FAIL-0001606,ATT-0007979,TXN-0006854,CUST-001500,2021-06-14T14:04:00,insufficient_funds,51
FAIL-0001607,ATT-0007980,TXN-0006854,CUST-001500,2021-06-16T14:04:00,insufficient_funds,51
FAIL-0001608,ATT-0007981,TXN-0006854,CUST-001500,2021-06-26T14:04:00,insufficient_funds,51
FAIL-0001609,ATT-0007984,TXN-0006856,CUST-001500,2021-07-27T15:00:00,payment_method_limit_exceeded,61
FAIL-0001610,ATT-0007985,TXN-0006856,CUST-001500,2021-07-29T15:00:00,payment_method_limit_exceeded,61
FAIL-0001611,ATT-0007986,TXN-0006856,CUST-001500,2021-08-06T15:00:00,payment_method_limit_exceeded,61
FAIL-0001612,ATT-0007987,TXN-0006857,CUST-001500,2021-09-14T14:58:00,temporary_network_error,91
FAIL-0001613,ATT-0007988,TXN-0006857,CUST-001500,2021-09-17T14:58:00,temporary_network_error,91
FAIL-0001614,ATT-0007989,TXN-0006857,CUST-001500,2021-09-24T14:58:00,temporary_network_error,91
FAIL-0001615,ATT-0007996,TXN-0006864,CUST-001501,2023-07-12T00:27:00,payment_method_limit_exceeded,61
FAIL-0001616,ATT-0007997,TXN-0006864,CUST-001501,2023-07-14T00:27:00,payment_method_limit_exceeded,61
FAIL-0001617,ATT-0007998,TXN-0006864,CUST-001501,2023-07-17T00:27:00,payment_method_limit_exceeded,61
FAIL-0001618,ATT-0008001,TXN-0006867,CUST-001502,2021-12-12T08:44:00,expired_card,54
FAIL-0001619,ATT-0008002,TXN-0006867,CUST-001502,2021-12-14T08:44:00,expired_card,54
FAIL-0001620,ATT-0008017,TXN-0006882,CUST-001505,2021-10-06T19:11:00,temporary_network_error,91
FAIL-0001621,ATT-0008018,TXN-0006882,CUST-001505,2021-10-09T19:11:00,temporary_network_error,91
FAIL-0001622,ATT-0008019,TXN-0006882,CUST-001505,2021-10-14T19:11:00,temporary_network_error,91
FAIL-0001623,ATT-0008026,TXN-0006889,CUST-001507,2019-04-25T03:35:00,temporary_network_error,91
FAIL-0001624,ATT-0008030,TXN-0006892,CUST-001508,2021-10-20T05:33:00,temporary_network_error,91
FAIL-0001625,ATT-0008040,TXN-0006901,CUST-001510,2022-05-03T13:48:00,invalid_payment_method,14
FAIL-0001626,ATT-0008041,TXN-0006901,CUST-001510,2022-05-05T13:48:00,invalid_payment_method,14
FAIL-0001627,ATT-0008052,TXN-0006912,CUST-001514,2024-03-25T08:35:00,temporary_network_error,91
FAIL-0001628,ATT-0008055,TXN-0006914,CUST-001515,2019-07-10T10:59:00,temporary_network_error,91
FAIL-0001629,ATT-0008059,TXN-0006917,CUST-001515,2020-02-05T08:52:00,expired_card,54
FAIL-0001630,ATT-0008061,TXN-0006919,CUST-001516,2024-10-10T13:47:00,expired_card,54
FAIL-0001631,ATT-0008062,TXN-0006919,CUST-001516,2024-10-12T13:47:00,expired_card,54
FAIL-0001632,ATT-0008069,TXN-0006926,CUST-001517,2023-03-16T11:17:00,invalid_payment_method,14
FAIL-0001633,ATT-0008070,TXN-0006926,CUST-001517,2023-03-18T11:17:00,invalid_payment_method,14
FAIL-0001634,ATT-0008072,TXN-0006928,CUST-001518,2022-12-30T12:08:00,expired_card,54
FAIL-0001635,ATT-0008073,TXN-0006928,CUST-001518,2022-12-31T12:08:00,expired_card,54
FAIL-0001636,ATT-0008074,TXN-0006929,CUST-001518,2023-01-30T13:47:00,insufficient_funds,51
FAIL-0001637,ATT-0008075,TXN-0006929,CUST-001518,2023-02-01T13:47:00,insufficient_funds,51
FAIL-0001638,ATT-0008076,TXN-0006929,CUST-001518,2023-02-06T13:47:00,insufficient_funds,51
FAIL-0001639,ATT-0008091,TXN-0006944,CUST-001521,2021-07-25T14:54:00,insufficient_funds,51
FAIL-0001640,ATT-0008092,TXN-0006944,CUST-001521,2021-07-27T14:54:00,insufficient_funds,51
FAIL-0001641,ATT-0008093,TXN-0006944,CUST-001521,2021-07-31T14:54:00,insufficient_funds,51
FAIL-0001642,ATT-0008097,TXN-0006948,CUST-001521,2022-03-29T16:37:00,insufficient_funds,51
FAIL-0001643,ATT-0008098,TXN-0006948,CUST-001521,2022-03-30T16:37:00,insufficient_funds,51
FAIL-0001644,ATT-0008099,TXN-0006948,CUST-001521,2022-04-06T16:37:00,insufficient_funds,51
FAIL-0001645,ATT-0008104,TXN-0006953,CUST-001522,2022-12-03T12:43:00,insufficient_funds,51
FAIL-0001646,ATT-0008109,TXN-0006957,CUST-001523,2021-03-19T20:27:00,insufficient_funds,51
FAIL-0001647,ATT-0008110,TXN-0006957,CUST-001523,2021-03-22T20:27:00,insufficient_funds,51
FAIL-0001648,ATT-0008118,TXN-0006964,CUST-001525,2019-12-09T02:14:00,insufficient_funds,51
FAIL-0001649,ATT-0008119,TXN-0006964,CUST-001525,2019-12-11T02:14:00,insufficient_funds,51
FAIL-0001650,ATT-0008125,TXN-0006969,CUST-001526,2024-01-03T12:37:00,insufficient_funds,51
FAIL-0001651,ATT-0008128,TXN-0006971,CUST-001526,2024-06-03T15:00:00,expired_card,54
FAIL-0001652,ATT-0008129,TXN-0006971,CUST-001526,2024-06-04T15:00:00,expired_card,54
FAIL-0001653,ATT-0008139,TXN-0006981,CUST-001528,2024-03-23T14:14:00,bank_unavailable,96
FAIL-0001654,ATT-0008154,TXN-0006995,CUST-001530,2023-11-02T17:52:00,payment_method_limit_exceeded,61
FAIL-0001655,ATT-0008155,TXN-0006995,CUST-001530,2023-11-05T17:52:00,payment_method_limit_exceeded,61
FAIL-0001656,ATT-0008156,TXN-0006995,CUST-001530,2023-11-08T17:52:00,payment_method_limit_exceeded,61
FAIL-0001657,ATT-0008159,TXN-0006998,CUST-001531,2021-07-07T07:37:00,insufficient_funds,51
FAIL-0001658,ATT-0008160,TXN-0006998,CUST-001531,2021-07-10T07:37:00,insufficient_funds,51
FAIL-0001659,ATT-0008161,TXN-0006998,CUST-001531,2021-07-19T07:37:00,insufficient_funds,51
FAIL-0001660,ATT-0008173,TXN-0007010,CUST-001533,2024-03-19T23:45:00,insufficient_funds,51
FAIL-0001661,ATT-0008174,TXN-0007010,CUST-001533,2024-03-21T23:45:00,insufficient_funds,51
FAIL-0001662,ATT-0008175,TXN-0007010,CUST-001533,2024-03-28T23:45:00,insufficient_funds,51
FAIL-0001663,ATT-0008178,TXN-0007013,CUST-001533,2024-06-03T00:52:00,insufficient_funds,51
FAIL-0001664,ATT-0008183,TXN-0007017,CUST-001534,2022-12-06T13:24:00,expired_card,54
FAIL-0001665,ATT-0008184,TXN-0007017,CUST-001534,2022-12-09T13:24:00,expired_card,54
FAIL-0001666,ATT-0008197,TXN-0007030,CUST-001536,2023-09-22T00:51:00,risk_review_hold,57
FAIL-0001667,ATT-0008227,TXN-0007059,CUST-001542,2019-08-01T10:08:00,insufficient_funds,51
FAIL-0001668,ATT-0008228,TXN-0007059,CUST-001542,2019-08-03T10:08:00,insufficient_funds,51
FAIL-0001669,ATT-0008229,TXN-0007059,CUST-001542,2019-08-11T10:08:00,insufficient_funds,51
FAIL-0001670,ATT-0008247,TXN-0007077,CUST-001545,2022-09-19T06:38:00,insufficient_funds,51
FAIL-0001671,ATT-0008248,TXN-0007077,CUST-001545,2022-09-20T06:38:00,insufficient_funds,51
FAIL-0001672,ATT-0008249,TXN-0007077,CUST-001545,2022-09-26T06:38:00,insufficient_funds,51
FAIL-0001673,ATT-0008266,TXN-0007094,CUST-001549,2021-10-16T14:49:00,temporary_network_error,91
FAIL-0001674,ATT-0008267,TXN-0007094,CUST-001549,2021-10-19T14:49:00,temporary_network_error,91
FAIL-0001675,ATT-0008268,TXN-0007094,CUST-001549,2021-10-29T14:49:00,temporary_network_error,91
FAIL-0001676,ATT-0008283,TXN-0007109,CUST-001551,2023-12-09T18:04:00,insufficient_funds,51
FAIL-0001677,ATT-0008284,TXN-0007109,CUST-001551,2023-12-12T18:04:00,insufficient_funds,51
FAIL-0001678,ATT-0008285,TXN-0007109,CUST-001551,2023-12-22T18:04:00,insufficient_funds,51
FAIL-0001679,ATT-0008286,TXN-0007110,CUST-001551,2024-01-28T16:36:00,temporary_network_error,91
FAIL-0001680,ATT-0008295,TXN-0007119,CUST-001553,2020-03-03T15:11:00,insufficient_funds,51
FAIL-0001681,ATT-0008314,TXN-0007137,CUST-001557,2023-02-07T13:18:00,payment_method_limit_exceeded,61
FAIL-0001682,ATT-0008315,TXN-0007137,CUST-001557,2023-02-08T13:18:00,payment_method_limit_exceeded,61
FAIL-0001683,ATT-0008316,TXN-0007137,CUST-001557,2023-02-13T13:18:00,payment_method_limit_exceeded,61
FAIL-0001684,ATT-0008317,TXN-0007138,CUST-001557,2023-02-19T11:41:00,insufficient_funds,51
FAIL-0001685,ATT-0008318,TXN-0007138,CUST-001557,2023-02-20T11:41:00,insufficient_funds,51
FAIL-0001686,ATT-0008319,TXN-0007138,CUST-001557,2023-02-23T11:41:00,insufficient_funds,51
FAIL-0001687,ATT-0008320,TXN-0007139,CUST-001558,2022-06-29T15:11:00,insufficient_funds,51
FAIL-0001688,ATT-0008321,TXN-0007139,CUST-001558,2022-07-01T15:11:00,insufficient_funds,51
FAIL-0001689,ATT-0008322,TXN-0007139,CUST-001558,2022-07-10T15:11:00,insufficient_funds,51
FAIL-0001690,ATT-0008344,TXN-0007161,CUST-001562,2022-03-03T09:24:00,insufficient_funds,51
FAIL-0001691,ATT-0008345,TXN-0007161,CUST-001562,2022-03-06T09:24:00,insufficient_funds,51
FAIL-0001692,ATT-0008355,TXN-0007170,CUST-001564,2021-12-13T19:57:00,insufficient_funds,51
FAIL-0001693,ATT-0008356,TXN-0007170,CUST-001564,2021-12-15T19:57:00,insufficient_funds,51
FAIL-0001694,ATT-0008357,TXN-0007170,CUST-001564,2021-12-19T19:57:00,insufficient_funds,51
FAIL-0001695,ATT-0008412,TXN-0007225,CUST-001575,2024-04-22T11:15:00,payment_method_limit_exceeded,61
FAIL-0001696,ATT-0008413,TXN-0007225,CUST-001575,2024-04-25T11:15:00,payment_method_limit_exceeded,61
FAIL-0001697,ATT-0008426,TXN-0007237,CUST-001578,2022-11-12T10:31:00,temporary_network_error,91
FAIL-0001698,ATT-0008427,TXN-0007237,CUST-001578,2022-11-15T10:31:00,temporary_network_error,91
FAIL-0001699,ATT-0008428,TXN-0007237,CUST-001578,2022-11-23T10:31:00,temporary_network_error,91
FAIL-0001700,ATT-0008432,TXN-0007241,CUST-001579,2022-12-03T21:00:00,invalid_payment_method,14
FAIL-0001701,ATT-0008433,TXN-0007241,CUST-001579,2022-12-05T21:00:00,invalid_payment_method,14
FAIL-0001702,ATT-0008445,TXN-0007253,CUST-001582,2023-01-05T03:11:00,bank_unavailable,96
FAIL-0001703,ATT-0008446,TXN-0007253,CUST-001582,2023-01-08T03:11:00,bank_unavailable,96
FAIL-0001704,ATT-0008454,TXN-0007260,CUST-001584,2021-10-01T07:06:00,temporary_network_error,91
FAIL-0001705,ATT-0008455,TXN-0007260,CUST-001584,2021-10-04T07:06:00,temporary_network_error,91
FAIL-0001706,ATT-0008456,TXN-0007260,CUST-001584,2021-10-14T07:06:00,temporary_network_error,91
FAIL-0001707,ATT-0008466,TXN-0007270,CUST-001586,2021-06-19T17:45:00,invalid_payment_method,14
FAIL-0001708,ATT-0008467,TXN-0007270,CUST-001586,2021-06-21T17:45:00,invalid_payment_method,14
FAIL-0001709,ATT-0008477,TXN-0007280,CUST-001589,2022-03-12T08:18:00,insufficient_funds,51
FAIL-0001710,ATT-0008478,TXN-0007280,CUST-001589,2022-03-13T08:18:00,insufficient_funds,51
FAIL-0001711,ATT-0008479,TXN-0007280,CUST-001589,2022-03-22T08:18:00,insufficient_funds,51
FAIL-0001712,ATT-0008480,TXN-0007281,CUST-001589,2022-04-03T07:48:00,risk_review_hold,57
FAIL-0001713,ATT-0008487,TXN-0007288,CUST-001591,2024-08-01T12:14:00,insufficient_funds,51
FAIL-0001714,ATT-0008495,TXN-0007295,CUST-001593,2019-12-16T12:37:00,insufficient_funds,51
FAIL-0001715,ATT-0008496,TXN-0007295,CUST-001593,2019-12-18T12:37:00,insufficient_funds,51
FAIL-0001716,ATT-0008507,TXN-0007305,CUST-001595,2019-12-14T11:31:00,insufficient_funds,51
FAIL-0001717,ATT-0008508,TXN-0007305,CUST-001595,2019-12-16T11:31:00,insufficient_funds,51
FAIL-0001718,ATT-0008509,TXN-0007305,CUST-001595,2019-12-21T11:31:00,insufficient_funds,51
FAIL-0001719,ATT-0008512,TXN-0007308,CUST-001596,2020-01-25T13:44:00,temporary_network_error,91
FAIL-0001720,ATT-0008513,TXN-0007308,CUST-001596,2020-01-26T13:44:00,temporary_network_error,91
FAIL-0001721,ATT-0008514,TXN-0007308,CUST-001596,2020-02-05T13:44:00,temporary_network_error,91
FAIL-0001722,ATT-0008518,TXN-0007312,CUST-001597,2022-07-18T05:27:00,expired_card,54
FAIL-0001723,ATT-0008519,TXN-0007312,CUST-001597,2022-07-19T05:27:00,expired_card,54
FAIL-0001724,ATT-0008521,TXN-0007314,CUST-001597,2022-12-18T05:51:00,expired_card,54
FAIL-0001725,ATT-0008522,TXN-0007314,CUST-001597,2022-12-20T05:51:00,expired_card,54
FAIL-0001726,ATT-0008527,TXN-0007318,CUST-001598,2024-02-14T09:45:00,temporary_network_error,91
FAIL-0001727,ATT-0008542,TXN-0007332,CUST-001601,2023-07-01T17:16:00,insufficient_funds,51
FAIL-0001728,ATT-0008543,TXN-0007332,CUST-001601,2023-07-03T17:16:00,insufficient_funds,51
FAIL-0001729,ATT-0008544,TXN-0007332,CUST-001601,2023-07-13T17:16:00,insufficient_funds,51
FAIL-0001730,ATT-0008545,TXN-0007333,CUST-001601,2023-08-26T18:32:00,insufficient_funds,51
FAIL-0001731,ATT-0008553,TXN-0007340,CUST-001602,2023-04-11T06:15:00,insufficient_funds,51
FAIL-0001732,ATT-0008554,TXN-0007340,CUST-001602,2023-04-13T06:15:00,insufficient_funds,51
FAIL-0001733,ATT-0008555,TXN-0007340,CUST-001602,2023-04-19T06:15:00,insufficient_funds,51
FAIL-0001734,ATT-0008564,TXN-0007349,CUST-001606,2023-07-22T12:47:00,payment_method_limit_exceeded,61
FAIL-0001735,ATT-0008565,TXN-0007349,CUST-001606,2023-07-24T12:47:00,payment_method_limit_exceeded,61
FAIL-0001736,ATT-0008566,TXN-0007349,CUST-001606,2023-08-02T12:47:00,payment_method_limit_exceeded,61
FAIL-0001737,ATT-0008632,TXN-0007415,CUST-001619,2019-09-08T12:07:00,payment_method_limit_exceeded,61
FAIL-0001738,ATT-0008633,TXN-0007415,CUST-001619,2019-09-10T12:07:00,payment_method_limit_exceeded,61
FAIL-0001739,ATT-0008635,TXN-0007416,CUST-001619,2019-12-15T10:22:00,payment_method_limit_exceeded,61
FAIL-0001740,ATT-0008636,TXN-0007416,CUST-001619,2019-12-17T10:22:00,payment_method_limit_exceeded,61
FAIL-0001741,ATT-0008637,TXN-0007416,CUST-001619,2019-12-24T10:22:00,payment_method_limit_exceeded,61
FAIL-0001742,ATT-0008638,TXN-0007417,CUST-001619,2020-01-13T10:53:00,insufficient_funds,51
FAIL-0001743,ATT-0008639,TXN-0007417,CUST-001619,2020-01-14T10:53:00,insufficient_funds,51
FAIL-0001744,ATT-0008651,TXN-0007428,CUST-001622,2019-08-24T23:03:00,insufficient_funds,51
FAIL-0001745,ATT-0008670,TXN-0007447,CUST-001626,2019-04-17T21:02:00,insufficient_funds,51
FAIL-0001746,ATT-0008671,TXN-0007447,CUST-001626,2019-04-20T21:02:00,insufficient_funds,51
FAIL-0001747,ATT-0008672,TXN-0007447,CUST-001626,2019-04-27T21:02:00,insufficient_funds,51
FAIL-0001748,ATT-0008675,TXN-0007450,CUST-001626,2019-09-02T19:56:00,insufficient_funds,51
FAIL-0001749,ATT-0008676,TXN-0007450,CUST-001626,2019-09-03T19:56:00,insufficient_funds,51
FAIL-0001750,ATT-0008677,TXN-0007450,CUST-001626,2019-09-08T19:56:00,insufficient_funds,51
FAIL-0001751,ATT-0008690,TXN-0007463,CUST-001630,2020-06-20T11:35:00,temporary_network_error,91
FAIL-0001752,ATT-0008691,TXN-0007463,CUST-001630,2020-06-23T11:35:00,temporary_network_error,91
FAIL-0001753,ATT-0008692,TXN-0007463,CUST-001630,2020-07-01T11:35:00,temporary_network_error,91
FAIL-0001754,ATT-0008721,TXN-0007492,CUST-001635,2019-08-16T09:45:00,invalid_payment_method,14
FAIL-0001755,ATT-0008722,TXN-0007492,CUST-001635,2019-08-19T09:45:00,invalid_payment_method,14
FAIL-0001756,ATT-0008724,TXN-0007494,CUST-001636,2020-08-16T04:03:00,temporary_network_error,91
FAIL-0001757,ATT-0008725,TXN-0007494,CUST-001636,2020-08-19T04:03:00,temporary_network_error,91
FAIL-0001758,ATT-0008726,TXN-0007494,CUST-001636,2020-08-27T04:03:00,temporary_network_error,91
FAIL-0001759,ATT-0008728,TXN-0007496,CUST-001636,2021-03-07T03:00:00,insufficient_funds,51
FAIL-0001760,ATT-0008752,TXN-0007519,CUST-001640,2022-04-08T03:18:00,temporary_network_error,91
FAIL-0001761,ATT-0008753,TXN-0007519,CUST-001640,2022-04-09T03:18:00,temporary_network_error,91
FAIL-0001762,ATT-0008754,TXN-0007519,CUST-001640,2022-04-15T03:18:00,temporary_network_error,91
FAIL-0001763,ATT-0008760,TXN-0007525,CUST-001642,2022-05-17T20:32:00,temporary_network_error,91
FAIL-0001764,ATT-0008767,TXN-0007531,CUST-001643,2023-07-18T04:35:00,insufficient_funds,51
FAIL-0001765,ATT-0008768,TXN-0007531,CUST-001643,2023-07-19T04:35:00,insufficient_funds,51
FAIL-0001766,ATT-0008769,TXN-0007531,CUST-001643,2023-07-27T04:35:00,insufficient_funds,51
FAIL-0001767,ATT-0008775,TXN-0007537,CUST-001644,2019-08-22T18:00:00,insufficient_funds,51
FAIL-0001768,ATT-0008793,TXN-0007554,CUST-001647,2021-05-02T13:50:00,insufficient_funds,51
FAIL-0001769,ATT-0008850,TXN-0007610,CUST-001660,2024-05-14T18:35:00,invalid_payment_method,14
FAIL-0001770,ATT-0008851,TXN-0007610,CUST-001660,2024-05-16T18:35:00,invalid_payment_method,14
FAIL-0001771,ATT-0008867,TXN-0007625,CUST-001663,2023-11-09T04:12:00,insufficient_funds,51
FAIL-0001772,ATT-0008868,TXN-0007625,CUST-001663,2023-11-10T04:12:00,insufficient_funds,51
FAIL-0001773,ATT-0008869,TXN-0007625,CUST-001663,2023-11-17T04:12:00,insufficient_funds,51
FAIL-0001774,ATT-0008876,TXN-0007632,CUST-001664,2025-05-22T15:21:00,invalid_payment_method,14
FAIL-0001775,ATT-0008877,TXN-0007632,CUST-001664,2025-05-23T15:21:00,invalid_payment_method,14
FAIL-0001776,ATT-0008891,TXN-0007646,CUST-001667,2024-08-17T05:07:00,insufficient_funds,51
FAIL-0001777,ATT-0008892,TXN-0007646,CUST-001667,2024-08-20T05:07:00,insufficient_funds,51
FAIL-0001778,ATT-0008900,TXN-0007653,CUST-001668,2024-05-06T14:04:00,bank_unavailable,96
FAIL-0001779,ATT-0008913,TXN-0007665,CUST-001671,2022-02-01T22:51:00,bank_unavailable,96
FAIL-0001780,ATT-0008930,TXN-0007681,CUST-001674,2020-09-11T10:43:00,insufficient_funds,51
FAIL-0001781,ATT-0008931,TXN-0007681,CUST-001674,2020-09-12T10:43:00,insufficient_funds,51
FAIL-0001782,ATT-0008932,TXN-0007681,CUST-001674,2020-09-18T10:43:00,insufficient_funds,51
FAIL-0001783,ATT-0008942,TXN-0007691,CUST-001677,2023-08-23T07:42:00,expired_card,54
FAIL-0001784,ATT-0008943,TXN-0007691,CUST-001677,2023-08-25T07:42:00,expired_card,54
FAIL-0001785,ATT-0008989,TXN-0007737,CUST-001690,2021-04-22T12:55:00,expired_card,54
FAIL-0001786,ATT-0008990,TXN-0007737,CUST-001690,2021-04-23T12:55:00,expired_card,54
FAIL-0001787,ATT-0008997,TXN-0007744,CUST-001691,2022-10-08T20:00:00,insufficient_funds,51
FAIL-0001788,ATT-0008999,TXN-0007745,CUST-001691,2022-12-08T18:00:00,invalid_payment_method,14
FAIL-0001789,ATT-0009000,TXN-0007745,CUST-001691,2022-12-11T18:00:00,invalid_payment_method,14
FAIL-0001790,ATT-0009011,TXN-0007756,CUST-001694,2019-12-13T22:51:00,bank_unavailable,96
FAIL-0001791,ATT-0009012,TXN-0007756,CUST-001694,2019-12-15T22:51:00,bank_unavailable,96
FAIL-0001792,ATT-0009013,TXN-0007756,CUST-001694,2019-12-18T22:51:00,bank_unavailable,96
FAIL-0001793,ATT-0009022,TXN-0007765,CUST-001698,2024-07-15T12:38:00,insufficient_funds,51
FAIL-0001794,ATT-0009023,TXN-0007765,CUST-001698,2024-07-18T12:38:00,insufficient_funds,51
FAIL-0001795,ATT-0009024,TXN-0007765,CUST-001698,2024-07-22T12:38:00,insufficient_funds,51
FAIL-0001796,ATT-0009046,TXN-0007787,CUST-001701,2020-10-06T07:02:00,invalid_payment_method,14
FAIL-0001797,ATT-0009047,TXN-0007787,CUST-001701,2020-10-07T07:02:00,invalid_payment_method,14
FAIL-0001798,ATT-0009049,TXN-0007789,CUST-001702,2022-08-28T00:23:00,insufficient_funds,51
FAIL-0001799,ATT-0009050,TXN-0007789,CUST-001702,2022-08-30T00:23:00,insufficient_funds,51
FAIL-0001800,ATT-0009051,TXN-0007789,CUST-001702,2022-09-05T00:23:00,insufficient_funds,51
FAIL-0001801,ATT-0009055,TXN-0007793,CUST-001703,2021-06-20T12:32:00,insufficient_funds,51
FAIL-0001802,ATT-0009092,TXN-0007829,CUST-001709,2021-03-20T23:03:00,insufficient_funds,51
FAIL-0001803,ATT-0009093,TXN-0007829,CUST-001709,2021-03-21T23:03:00,insufficient_funds,51
FAIL-0001804,ATT-0009094,TXN-0007829,CUST-001709,2021-03-31T23:03:00,insufficient_funds,51
FAIL-0001805,ATT-0009102,TXN-0007837,CUST-001712,2020-02-26T20:33:00,insufficient_funds,51
FAIL-0001806,ATT-0009103,TXN-0007837,CUST-001712,2020-02-29T20:33:00,insufficient_funds,51
FAIL-0001807,ATT-0009106,TXN-0007839,CUST-001712,2020-07-28T19:42:00,bank_unavailable,96
FAIL-0001808,ATT-0009107,TXN-0007839,CUST-001712,2020-07-30T19:42:00,bank_unavailable,96
FAIL-0001809,ATT-0009108,TXN-0007839,CUST-001712,2020-08-05T19:42:00,bank_unavailable,96
FAIL-0001810,ATT-0009114,TXN-0007845,CUST-001713,2022-09-24T13:01:00,insufficient_funds,51
FAIL-0001811,ATT-0009115,TXN-0007845,CUST-001713,2022-09-27T13:01:00,insufficient_funds,51
FAIL-0001812,ATT-0009116,TXN-0007845,CUST-001713,2022-10-06T13:01:00,insufficient_funds,51
FAIL-0001813,ATT-0009120,TXN-0007849,CUST-001714,2020-11-02T22:58:00,payment_method_limit_exceeded,61
FAIL-0001814,ATT-0009121,TXN-0007849,CUST-001714,2020-11-05T22:58:00,payment_method_limit_exceeded,61
FAIL-0001815,ATT-0009122,TXN-0007849,CUST-001714,2020-11-10T22:58:00,payment_method_limit_exceeded,61
FAIL-0001816,ATT-0009129,TXN-0007856,CUST-001716,2022-06-22T12:56:00,insufficient_funds,51
FAIL-0001817,ATT-0009130,TXN-0007856,CUST-001716,2022-06-24T12:56:00,insufficient_funds,51
FAIL-0001818,ATT-0009131,TXN-0007856,CUST-001716,2022-06-29T12:56:00,insufficient_funds,51
FAIL-0001819,ATT-0009158,TXN-0007883,CUST-001722,2022-09-20T11:02:00,expired_card,54
FAIL-0001820,ATT-0009159,TXN-0007883,CUST-001722,2022-09-22T11:02:00,expired_card,54
FAIL-0001821,ATT-0009160,TXN-0007884,CUST-001722,2023-01-09T10:21:00,temporary_network_error,91
FAIL-0001822,ATT-0009161,TXN-0007884,CUST-001722,2023-01-10T10:21:00,temporary_network_error,91
FAIL-0001823,ATT-0009162,TXN-0007884,CUST-001722,2023-01-17T10:21:00,temporary_network_error,91
FAIL-0001824,ATT-0009167,TXN-0007889,CUST-001723,2022-06-22T15:35:00,bank_unavailable,96
FAIL-0001825,ATT-0009168,TXN-0007889,CUST-001723,2022-06-24T15:35:00,bank_unavailable,96
FAIL-0001826,ATT-0009169,TXN-0007889,CUST-001723,2022-07-04T15:35:00,bank_unavailable,96
FAIL-0001827,ATT-0009188,TXN-0007908,CUST-001728,2020-08-16T17:59:00,insufficient_funds,51
FAIL-0001828,ATT-0009189,TXN-0007908,CUST-001728,2020-08-19T17:59:00,insufficient_funds,51
FAIL-0001829,ATT-0009190,TXN-0007908,CUST-001728,2020-08-22T17:59:00,insufficient_funds,51
FAIL-0001830,ATT-0009205,TXN-0007923,CUST-001731,2024-07-11T12:17:00,payment_method_limit_exceeded,61
FAIL-0001831,ATT-0009206,TXN-0007923,CUST-001731,2024-07-14T12:17:00,payment_method_limit_exceeded,61
FAIL-0001832,ATT-0009207,TXN-0007923,CUST-001731,2024-07-18T12:17:00,payment_method_limit_exceeded,61
FAIL-0001833,ATT-0009215,TXN-0007931,CUST-001733,2023-02-11T16:38:00,temporary_network_error,91
FAIL-0001834,ATT-0009216,TXN-0007931,CUST-001733,2023-02-14T16:38:00,temporary_network_error,91
FAIL-0001835,ATT-0009217,TXN-0007931,CUST-001733,2023-02-17T16:38:00,temporary_network_error,91
FAIL-0001836,ATT-0009221,TXN-0007935,CUST-001734,2021-12-22T08:22:00,insufficient_funds,51
FAIL-0001837,ATT-0009222,TXN-0007935,CUST-001734,2021-12-24T08:22:00,insufficient_funds,51
FAIL-0001838,ATT-0009223,TXN-0007935,CUST-001734,2021-12-30T08:22:00,insufficient_funds,51
FAIL-0001839,ATT-0009228,TXN-0007939,CUST-001735,2020-01-04T21:27:00,invalid_payment_method,14
FAIL-0001840,ATT-0009229,TXN-0007939,CUST-001735,2020-01-06T21:27:00,invalid_payment_method,14
FAIL-0001841,ATT-0009230,TXN-0007940,CUST-001735,2020-01-21T21:12:00,payment_method_limit_exceeded,61
FAIL-0001842,ATT-0009231,TXN-0007940,CUST-001735,2020-01-24T21:12:00,payment_method_limit_exceeded,61
FAIL-0001843,ATT-0009232,TXN-0007940,CUST-001735,2020-02-02T21:12:00,payment_method_limit_exceeded,61
FAIL-0001844,ATT-0009266,TXN-0007973,CUST-001743,2019-05-13T07:35:00,bank_unavailable,96
FAIL-0001845,ATT-0009267,TXN-0007973,CUST-001743,2019-05-14T07:35:00,bank_unavailable,96
FAIL-0001846,ATT-0009270,TXN-0007975,CUST-001743,2019-08-14T07:10:00,expired_card,54
FAIL-0001847,ATT-0009271,TXN-0007975,CUST-001743,2019-08-15T07:10:00,expired_card,54
FAIL-0001848,ATT-0009275,TXN-0007979,CUST-001744,2020-08-25T07:02:00,temporary_network_error,91
FAIL-0001849,ATT-0009276,TXN-0007979,CUST-001744,2020-08-26T07:02:00,temporary_network_error,91
FAIL-0001850,ATT-0009277,TXN-0007979,CUST-001744,2020-08-30T07:02:00,temporary_network_error,91
FAIL-0001851,ATT-0009279,TXN-0007981,CUST-001744,2021-02-09T06:34:00,expired_card,54
FAIL-0001852,ATT-0009280,TXN-0007981,CUST-001744,2021-02-12T06:34:00,expired_card,54
FAIL-0001853,ATT-0009296,TXN-0007997,CUST-001747,2023-09-18T04:14:00,bank_unavailable,96
FAIL-0001854,ATT-0009308,TXN-0008008,CUST-001750,2020-07-28T07:40:00,temporary_network_error,91
FAIL-0001855,ATT-0009309,TXN-0008008,CUST-001750,2020-07-29T07:40:00,temporary_network_error,91
FAIL-0001856,ATT-0009310,TXN-0008008,CUST-001750,2020-08-02T07:40:00,temporary_network_error,91
FAIL-0001857,ATT-0009315,TXN-0008013,CUST-001751,2021-03-07T10:33:00,insufficient_funds,51
FAIL-0001858,ATT-0009316,TXN-0008013,CUST-001751,2021-03-10T10:33:00,insufficient_funds,51
FAIL-0001859,ATT-0009319,TXN-0008015,CUST-001751,2021-06-02T08:54:00,insufficient_funds,51
FAIL-0001860,ATT-0009320,TXN-0008015,CUST-001751,2021-06-03T08:54:00,insufficient_funds,51
FAIL-0001861,ATT-0009321,TXN-0008015,CUST-001751,2021-06-09T08:54:00,insufficient_funds,51
FAIL-0001862,ATT-0009329,TXN-0008023,CUST-001753,2024-05-20T10:48:00,insufficient_funds,51
FAIL-0001863,ATT-0009330,TXN-0008023,CUST-001753,2024-05-23T10:48:00,insufficient_funds,51
FAIL-0001864,ATT-0009331,TXN-0008023,CUST-001753,2024-05-27T10:48:00,insufficient_funds,51
FAIL-0001865,ATT-0009332,TXN-0008024,CUST-001753,2024-06-21T11:22:00,risk_review_hold,57
FAIL-0001866,ATT-0009343,TXN-0008035,CUST-001755,2020-07-27T14:16:00,insufficient_funds,51
FAIL-0001867,ATT-0009344,TXN-0008035,CUST-001755,2020-07-30T14:16:00,insufficient_funds,51
FAIL-0001868,ATT-0009345,TXN-0008035,CUST-001755,2020-08-02T14:16:00,insufficient_funds,51
FAIL-0001869,ATT-0009351,TXN-0008041,CUST-001757,2020-03-05T02:08:00,insufficient_funds,51
FAIL-0001870,ATT-0009397,TXN-0008086,CUST-001766,2021-04-15T06:40:00,expired_card,54
FAIL-0001871,ATT-0009398,TXN-0008086,CUST-001766,2021-04-18T06:40:00,expired_card,54
FAIL-0001872,ATT-0009400,TXN-0008088,CUST-001767,2023-05-04T20:37:00,expired_card,54
FAIL-0001873,ATT-0009401,TXN-0008088,CUST-001767,2023-05-07T20:37:00,expired_card,54
FAIL-0001874,ATT-0009433,TXN-0008119,CUST-001773,2023-10-29T04:29:00,insufficient_funds,51
FAIL-0001875,ATT-0009434,TXN-0008119,CUST-001773,2023-10-31T04:29:00,insufficient_funds,51
FAIL-0001876,ATT-0009435,TXN-0008119,CUST-001773,2023-11-05T04:29:00,insufficient_funds,51
FAIL-0001877,ATT-0009442,TXN-0008126,CUST-001774,2019-12-23T13:39:00,risk_review_hold,57
FAIL-0001878,ATT-0009447,TXN-0008130,CUST-001775,2021-08-05T20:11:00,payment_method_limit_exceeded,61
FAIL-0001879,ATT-0009462,TXN-0008145,CUST-001778,2022-08-03T14:51:00,insufficient_funds,51
FAIL-0001880,ATT-0009463,TXN-0008145,CUST-001778,2022-08-04T14:51:00,insufficient_funds,51
FAIL-0001881,ATT-0009464,TXN-0008145,CUST-001778,2022-08-07T14:51:00,insufficient_funds,51
FAIL-0001882,ATT-0009479,TXN-0008160,CUST-001782,2024-06-30T13:07:00,bank_unavailable,96
FAIL-0001883,ATT-0009480,TXN-0008160,CUST-001782,2024-07-02T13:07:00,bank_unavailable,96
FAIL-0001884,ATT-0009481,TXN-0008160,CUST-001782,2024-07-09T13:07:00,bank_unavailable,96
FAIL-0001885,ATT-0009484,TXN-0008163,CUST-001783,2019-09-06T19:42:00,insufficient_funds,51
FAIL-0001886,ATT-0009485,TXN-0008163,CUST-001783,2019-09-08T19:42:00,insufficient_funds,51
FAIL-0001887,ATT-0009486,TXN-0008163,CUST-001783,2019-09-15T19:42:00,insufficient_funds,51
FAIL-0001888,ATT-0009513,TXN-0008190,CUST-001790,2022-04-26T05:40:00,expired_card,54
FAIL-0001889,ATT-0009514,TXN-0008190,CUST-001790,2022-04-28T05:40:00,expired_card,54
FAIL-0001890,ATT-0009519,TXN-0008195,CUST-001791,2022-12-11T04:04:00,insufficient_funds,51
FAIL-0001891,ATT-0009526,TXN-0008201,CUST-001793,2021-02-28T23:22:00,expired_card,54
FAIL-0001892,ATT-0009527,TXN-0008201,CUST-001793,2021-03-01T23:22:00,expired_card,54
FAIL-0001893,ATT-0009534,TXN-0008208,CUST-001794,2019-07-04T20:05:00,payment_method_limit_exceeded,61
FAIL-0001894,ATT-0009535,TXN-0008208,CUST-001794,2019-07-07T20:05:00,payment_method_limit_exceeded,61
FAIL-0001895,ATT-0009536,TXN-0008208,CUST-001794,2019-07-12T20:05:00,payment_method_limit_exceeded,61
FAIL-0001896,ATT-0009539,TXN-0008211,CUST-001795,2023-05-17T11:59:00,risk_review_hold,57
FAIL-0001897,ATT-0009540,TXN-0008212,CUST-001795,2023-08-17T12:12:00,temporary_network_error,91
FAIL-0001898,ATT-0009541,TXN-0008212,CUST-001795,2023-08-20T12:12:00,temporary_network_error,91
FAIL-0001899,ATT-0009543,TXN-0008213,CUST-001795,2023-09-01T12:28:00,insufficient_funds,51
FAIL-0001900,ATT-0009544,TXN-0008213,CUST-001795,2023-09-03T12:28:00,insufficient_funds,51
FAIL-0001901,ATT-0009545,TXN-0008213,CUST-001795,2023-09-13T12:28:00,insufficient_funds,51
FAIL-0001902,ATT-0009547,TXN-0008215,CUST-001795,2024-01-13T12:13:00,insufficient_funds,51
FAIL-0001903,ATT-0009548,TXN-0008215,CUST-001795,2024-01-16T12:13:00,insufficient_funds,51
FAIL-0001904,ATT-0009549,TXN-0008215,CUST-001795,2024-01-19T12:13:00,insufficient_funds,51
FAIL-0001905,ATT-0009551,TXN-0008217,CUST-001796,2020-08-18T20:25:00,expired_card,54
FAIL-0001906,ATT-0009552,TXN-0008217,CUST-001796,2020-08-19T20:25:00,expired_card,54
FAIL-0001907,ATT-0009558,TXN-0008223,CUST-001796,2021-10-14T19:18:00,temporary_network_error,91
FAIL-0001908,ATT-0009559,TXN-0008223,CUST-001796,2021-10-17T19:18:00,temporary_network_error,91
FAIL-0001909,ATT-0009584,TXN-0008247,CUST-001801,2020-01-19T22:12:00,insufficient_funds,51
FAIL-0001910,ATT-0009585,TXN-0008247,CUST-001801,2020-01-20T22:12:00,insufficient_funds,51
FAIL-0001911,ATT-0009586,TXN-0008247,CUST-001801,2020-01-24T22:12:00,insufficient_funds,51
FAIL-0001912,ATT-0009587,TXN-0008248,CUST-001801,2020-02-27T00:03:00,temporary_network_error,91
FAIL-0001913,ATT-0009588,TXN-0008248,CUST-001801,2020-02-29T00:03:00,temporary_network_error,91
FAIL-0001914,ATT-0009589,TXN-0008248,CUST-001801,2020-03-10T00:03:00,temporary_network_error,91
FAIL-0001915,ATT-0009590,TXN-0008249,CUST-001802,2021-12-10T17:55:00,insufficient_funds,51
FAIL-0001916,ATT-0009591,TXN-0008249,CUST-001802,2021-12-13T17:55:00,insufficient_funds,51
FAIL-0001917,ATT-0009597,TXN-0008254,CUST-001802,2022-10-30T18:34:00,temporary_network_error,91
FAIL-0001918,ATT-0009598,TXN-0008254,CUST-001802,2022-10-31T18:34:00,temporary_network_error,91
FAIL-0001919,ATT-0009607,TXN-0008262,CUST-001804,2019-09-23T22:28:00,bank_unavailable,96
FAIL-0001920,ATT-0009609,TXN-0008263,CUST-001804,2019-12-12T21:48:00,expired_card,54
FAIL-0001921,ATT-0009610,TXN-0008263,CUST-001804,2019-12-15T21:48:00,expired_card,54
FAIL-0001922,ATT-0009612,TXN-0008265,CUST-001804,2020-03-18T21:26:00,temporary_network_error,91
FAIL-0001923,ATT-0009613,TXN-0008265,CUST-001804,2020-03-21T21:26:00,temporary_network_error,91
FAIL-0001924,ATT-0009614,TXN-0008265,CUST-001804,2020-03-25T21:26:00,temporary_network_error,91
FAIL-0001925,ATT-0009621,TXN-0008272,CUST-001805,2020-07-03T05:22:00,invalid_payment_method,14
FAIL-0001926,ATT-0009622,TXN-0008272,CUST-001805,2020-07-05T05:22:00,invalid_payment_method,14
FAIL-0001927,ATT-0009634,TXN-0008284,CUST-001809,2021-12-25T07:33:00,risk_review_hold,57
FAIL-0001928,ATT-0009639,TXN-0008289,CUST-001810,2020-01-01T17:14:00,temporary_network_error,91
FAIL-0001929,ATT-0009640,TXN-0008289,CUST-001810,2020-01-03T17:14:00,temporary_network_error,91
FAIL-0001930,ATT-0009642,TXN-0008290,CUST-001811,2023-07-04T10:13:00,expired_card,54
FAIL-0001931,ATT-0009643,TXN-0008290,CUST-001811,2023-07-06T10:13:00,expired_card,54
FAIL-0001932,ATT-0009658,TXN-0008305,CUST-001815,2024-02-13T21:31:00,insufficient_funds,51
FAIL-0001933,ATT-0009659,TXN-0008305,CUST-001815,2024-02-14T21:31:00,insufficient_funds,51
FAIL-0001934,ATT-0009672,TXN-0008317,CUST-001818,2020-06-02T14:32:00,payment_method_limit_exceeded,61
FAIL-0001935,ATT-0009673,TXN-0008317,CUST-001818,2020-06-05T14:32:00,payment_method_limit_exceeded,61
FAIL-0001936,ATT-0009678,TXN-0008321,CUST-001819,2019-02-04T13:17:00,invalid_payment_method,14
FAIL-0001937,ATT-0009679,TXN-0008321,CUST-001819,2019-02-06T13:17:00,invalid_payment_method,14
FAIL-0001938,ATT-0009693,TXN-0008335,CUST-001823,2023-07-22T23:34:00,temporary_network_error,91
FAIL-0001939,ATT-0009718,TXN-0008359,CUST-001828,2024-03-12T20:49:00,temporary_network_error,91
FAIL-0001940,ATT-0009719,TXN-0008359,CUST-001828,2024-03-14T20:49:00,temporary_network_error,91
FAIL-0001941,ATT-0009720,TXN-0008359,CUST-001828,2024-03-18T20:49:00,temporary_network_error,91
FAIL-0001942,ATT-0009728,TXN-0008367,CUST-001830,2024-03-27T20:56:00,expired_card,54
FAIL-0001943,ATT-0009729,TXN-0008367,CUST-001830,2024-03-28T20:56:00,expired_card,54
FAIL-0001944,ATT-0009741,TXN-0008379,CUST-001832,2022-09-01T20:06:00,expired_card,54
FAIL-0001945,ATT-0009742,TXN-0008379,CUST-001832,2022-09-03T20:06:00,expired_card,54
FAIL-0001946,ATT-0009770,TXN-0008407,CUST-001839,2022-05-12T08:46:00,payment_method_limit_exceeded,61
FAIL-0001947,ATT-0009771,TXN-0008407,CUST-001839,2022-05-13T08:46:00,payment_method_limit_exceeded,61
FAIL-0001948,ATT-0009772,TXN-0008407,CUST-001839,2022-05-20T08:46:00,payment_method_limit_exceeded,61
FAIL-0001949,ATT-0009786,TXN-0008420,CUST-001842,2020-07-13T00:16:00,bank_unavailable,96
FAIL-0001950,ATT-0009804,TXN-0008437,CUST-001846,2020-12-14T18:33:00,insufficient_funds,51
FAIL-0001951,ATT-0009805,TXN-0008437,CUST-001846,2020-12-15T18:33:00,insufficient_funds,51
FAIL-0001952,ATT-0009806,TXN-0008437,CUST-001846,2020-12-22T18:33:00,insufficient_funds,51
FAIL-0001953,ATT-0009818,TXN-0008449,CUST-001848,2020-03-09T19:41:00,invalid_payment_method,14
FAIL-0001954,ATT-0009819,TXN-0008449,CUST-001848,2020-03-10T19:41:00,invalid_payment_method,14
FAIL-0001955,ATT-0009820,TXN-0008450,CUST-001848,2020-06-28T19:22:00,insufficient_funds,51
FAIL-0001956,ATT-0009821,TXN-0008450,CUST-001848,2020-06-30T19:22:00,insufficient_funds,51
FAIL-0001957,ATT-0009822,TXN-0008450,CUST-001848,2020-07-03T19:22:00,insufficient_funds,51
FAIL-0001958,ATT-0009824,TXN-0008452,CUST-001848,2021-01-26T20:32:00,insufficient_funds,51
FAIL-0001959,ATT-0009825,TXN-0008452,CUST-001848,2021-01-29T20:32:00,insufficient_funds,51
FAIL-0001960,ATT-0009826,TXN-0008452,CUST-001848,2021-02-05T20:32:00,insufficient_funds,51
FAIL-0001961,ATT-0009831,TXN-0008457,CUST-001849,2022-08-11T12:13:00,temporary_network_error,91
FAIL-0001962,ATT-0009833,TXN-0008458,CUST-001849,2022-10-27T10:22:00,insufficient_funds,51
FAIL-0001963,ATT-0009834,TXN-0008458,CUST-001849,2022-10-30T10:22:00,insufficient_funds,51
FAIL-0001964,ATT-0009835,TXN-0008458,CUST-001849,2022-11-05T10:22:00,insufficient_funds,51
FAIL-0001965,ATT-0009839,TXN-0008462,CUST-001850,2021-04-09T08:25:00,temporary_network_error,91
FAIL-0001966,ATT-0009840,TXN-0008462,CUST-001850,2021-04-11T08:25:00,temporary_network_error,91
FAIL-0001967,ATT-0009841,TXN-0008462,CUST-001850,2021-04-16T08:25:00,temporary_network_error,91
FAIL-0001968,ATT-0009855,TXN-0008476,CUST-001854,2022-04-04T21:25:00,temporary_network_error,91
FAIL-0001969,ATT-0009856,TXN-0008476,CUST-001854,2022-04-05T21:25:00,temporary_network_error,91
FAIL-0001970,ATT-0009857,TXN-0008476,CUST-001854,2022-04-10T21:25:00,temporary_network_error,91
FAIL-0001971,ATT-0009878,TXN-0008497,CUST-001858,2020-03-02T03:44:00,payment_method_limit_exceeded,61
FAIL-0001972,ATT-0009879,TXN-0008497,CUST-001858,2020-03-04T03:44:00,payment_method_limit_exceeded,61
FAIL-0001973,ATT-0009880,TXN-0008497,CUST-001858,2020-03-13T03:44:00,payment_method_limit_exceeded,61
FAIL-0001974,ATT-0009901,TXN-0008518,CUST-001862,2022-03-16T12:54:00,temporary_network_error,91
FAIL-0001975,ATT-0009902,TXN-0008518,CUST-001862,2022-03-17T12:54:00,temporary_network_error,91
FAIL-0001976,ATT-0009903,TXN-0008518,CUST-001862,2022-03-26T12:54:00,temporary_network_error,91
FAIL-0001977,ATT-0009908,TXN-0008523,CUST-001863,2021-05-22T03:17:00,insufficient_funds,51
FAIL-0001978,ATT-0009913,TXN-0008527,CUST-001864,2024-11-06T07:51:00,bank_unavailable,96
FAIL-0001979,ATT-0009914,TXN-0008527,CUST-001864,2024-11-09T07:51:00,bank_unavailable,96
FAIL-0001980,ATT-0009916,TXN-0008528,CUST-001864,2024-11-17T06:52:00,payment_method_limit_exceeded,61
FAIL-0001981,ATT-0009917,TXN-0008528,CUST-001864,2024-11-19T06:52:00,payment_method_limit_exceeded,61
FAIL-0001982,ATT-0009918,TXN-0008528,CUST-001864,2024-11-29T06:52:00,payment_method_limit_exceeded,61
FAIL-0001983,ATT-0009921,TXN-0008531,CUST-001865,2023-03-22T07:29:00,insufficient_funds,51
FAIL-0001984,ATT-0009922,TXN-0008531,CUST-001865,2023-03-23T07:29:00,insufficient_funds,51
FAIL-0001985,ATT-0009923,TXN-0008531,CUST-001865,2023-03-28T07:29:00,insufficient_funds,51
FAIL-0001986,ATT-0009928,TXN-0008536,CUST-001866,2024-02-21T01:52:00,payment_method_limit_exceeded,61
FAIL-0001987,ATT-0009929,TXN-0008536,CUST-001866,2024-02-23T01:52:00,payment_method_limit_exceeded,61
FAIL-0001988,ATT-0009930,TXN-0008536,CUST-001866,2024-02-28T01:52:00,payment_method_limit_exceeded,61
FAIL-0001989,ATT-0009938,TXN-0008544,CUST-001869,2021-08-04T22:34:00,temporary_network_error,91
FAIL-0001990,ATT-0009955,TXN-0008560,CUST-001873,2024-05-03T07:35:00,temporary_network_error,91
FAIL-0001991,ATT-0009956,TXN-0008560,CUST-001873,2024-05-04T07:35:00,temporary_network_error,91
FAIL-0001992,ATT-0009957,TXN-0008560,CUST-001873,2024-05-13T07:35:00,temporary_network_error,91
FAIL-0001993,ATT-0009962,TXN-0008565,CUST-001874,2022-04-01T23:51:00,risk_review_hold,57
FAIL-0001994,ATT-0009963,TXN-0008566,CUST-001874,2022-04-20T23:09:00,expired_card,54
FAIL-0001995,ATT-0009964,TXN-0008566,CUST-001874,2022-04-21T23:09:00,expired_card,54
FAIL-0001996,ATT-0009966,TXN-0008568,CUST-001875,2023-09-20T11:41:00,temporary_network_error,91
FAIL-0001997,ATT-0009967,TXN-0008568,CUST-001875,2023-09-23T11:41:00,temporary_network_error,91
FAIL-0001998,ATT-0009968,TXN-0008568,CUST-001875,2023-10-03T11:41:00,temporary_network_error,91
FAIL-0001999,ATT-0009984,TXN-0008584,CUST-001877,2022-11-30T19:13:00,temporary_network_error,91
FAIL-0002000,ATT-0009985,TXN-0008584,CUST-001877,2022-12-03T19:13:00,temporary_network_error,91
FAIL-0002001,ATT-0010006,TXN-0008604,CUST-001882,2021-01-20T22:15:00,insufficient_funds,51
FAIL-0002002,ATT-0010012,TXN-0008609,CUST-001883,2020-04-20T10:27:00,insufficient_funds,51
FAIL-0002003,ATT-0010027,TXN-0008623,CUST-001885,2022-01-29T13:11:00,insufficient_funds,51
FAIL-0002004,ATT-0010028,TXN-0008623,CUST-001885,2022-02-01T13:11:00,insufficient_funds,51
FAIL-0002005,ATT-0010033,TXN-0008627,CUST-001886,2021-04-26T07:32:00,temporary_network_error,91
FAIL-0002006,ATT-0010034,TXN-0008627,CUST-001886,2021-04-29T07:32:00,temporary_network_error,91
FAIL-0002007,ATT-0010076,TXN-0008668,CUST-001895,2021-12-26T05:04:00,expired_card,54
FAIL-0002008,ATT-0010077,TXN-0008668,CUST-001895,2021-12-29T05:04:00,expired_card,54
FAIL-0002009,ATT-0010082,TXN-0008672,CUST-001897,2023-03-05T11:16:00,risk_review_hold,57
FAIL-0002010,ATT-0010107,TXN-0008697,CUST-001903,2024-05-27T04:54:00,payment_method_limit_exceeded,61
FAIL-0002011,ATT-0010118,TXN-0008707,CUST-001906,2022-10-21T13:24:00,invalid_payment_method,14
FAIL-0002012,ATT-0010119,TXN-0008707,CUST-001906,2022-10-23T13:24:00,invalid_payment_method,14
FAIL-0002013,ATT-0010128,TXN-0008716,CUST-001908,2021-07-14T13:09:00,temporary_network_error,91
FAIL-0002014,ATT-0010129,TXN-0008716,CUST-001908,2021-07-17T13:09:00,temporary_network_error,91
FAIL-0002015,ATT-0010130,TXN-0008716,CUST-001908,2021-07-27T13:09:00,temporary_network_error,91
FAIL-0002016,ATT-0010134,TXN-0008720,CUST-001908,2022-02-26T12:30:00,bank_unavailable,96
FAIL-0002017,ATT-0010136,TXN-0008721,CUST-001909,2021-01-02T06:27:00,bank_unavailable,96
FAIL-0002018,ATT-0010139,TXN-0008723,CUST-001909,2021-06-07T07:26:00,insufficient_funds,51
FAIL-0002019,ATT-0010140,TXN-0008723,CUST-001909,2021-06-09T07:26:00,insufficient_funds,51
FAIL-0002020,ATT-0010141,TXN-0008723,CUST-001909,2021-06-19T07:26:00,insufficient_funds,51
FAIL-0002021,ATT-0010150,TXN-0008732,CUST-001910,2022-04-21T16:58:00,invalid_payment_method,14
FAIL-0002022,ATT-0010151,TXN-0008732,CUST-001910,2022-04-23T16:58:00,invalid_payment_method,14
FAIL-0002023,ATT-0010158,TXN-0008738,CUST-001911,2023-08-19T18:29:00,temporary_network_error,91
FAIL-0002024,ATT-0010159,TXN-0008738,CUST-001911,2023-08-20T18:29:00,temporary_network_error,91
FAIL-0002025,ATT-0010171,TXN-0008749,CUST-001914,2024-10-06T15:02:00,temporary_network_error,91
FAIL-0002026,ATT-0010177,TXN-0008755,CUST-001915,2024-08-01T15:49:00,payment_method_limit_exceeded,61
FAIL-0002027,ATT-0010185,TXN-0008762,CUST-001917,2021-06-13T21:40:00,invalid_payment_method,14
FAIL-0002028,ATT-0010186,TXN-0008762,CUST-001917,2021-06-15T21:40:00,invalid_payment_method,14
FAIL-0002029,ATT-0010190,TXN-0008766,CUST-001918,2022-05-15T06:39:00,temporary_network_error,91
FAIL-0002030,ATT-0010216,TXN-0008791,CUST-001923,2023-01-25T18:54:00,bank_unavailable,96
FAIL-0002031,ATT-0010217,TXN-0008791,CUST-001923,2023-01-26T18:54:00,bank_unavailable,96
FAIL-0002032,ATT-0010218,TXN-0008791,CUST-001923,2023-01-29T18:54:00,bank_unavailable,96
FAIL-0002033,ATT-0010224,TXN-0008796,CUST-001924,2022-03-18T13:41:00,payment_method_limit_exceeded,61
FAIL-0002034,ATT-0010225,TXN-0008796,CUST-001924,2022-03-20T13:41:00,payment_method_limit_exceeded,61
FAIL-0002035,ATT-0010226,TXN-0008796,CUST-001924,2022-03-30T13:41:00,payment_method_limit_exceeded,61
FAIL-0002036,ATT-0010264,TXN-0008834,CUST-001930,2022-11-20T00:13:00,insufficient_funds,51
FAIL-0002037,ATT-0010265,TXN-0008834,CUST-001930,2022-11-21T00:13:00,insufficient_funds,51
FAIL-0002038,ATT-0010266,TXN-0008834,CUST-001930,2022-11-27T00:13:00,insufficient_funds,51
FAIL-0002039,ATT-0010273,TXN-0008841,CUST-001932,2019-07-06T22:28:00,invalid_payment_method,14
FAIL-0002040,ATT-0010274,TXN-0008841,CUST-001932,2019-07-09T22:28:00,invalid_payment_method,14
FAIL-0002041,ATT-0010289,TXN-0008855,CUST-001937,2020-09-11T13:28:00,insufficient_funds,51
FAIL-0002042,ATT-0010290,TXN-0008855,CUST-001937,2020-09-12T13:28:00,insufficient_funds,51
FAIL-0002043,ATT-0010291,TXN-0008855,CUST-001937,2020-09-18T13:28:00,insufficient_funds,51
FAIL-0002044,ATT-0010330,TXN-0008894,CUST-001945,2022-08-03T06:00:00,insufficient_funds,51
FAIL-0002045,ATT-0010331,TXN-0008894,CUST-001945,2022-08-05T06:00:00,insufficient_funds,51
FAIL-0002046,ATT-0010332,TXN-0008894,CUST-001945,2022-08-09T06:00:00,insufficient_funds,51
FAIL-0002047,ATT-0010334,TXN-0008896,CUST-001945,2023-02-13T05:52:00,bank_unavailable,96
FAIL-0002048,ATT-0010335,TXN-0008896,CUST-001945,2023-02-14T05:52:00,bank_unavailable,96
FAIL-0002049,ATT-0010336,TXN-0008896,CUST-001945,2023-02-18T05:52:00,bank_unavailable,96
FAIL-0002050,ATT-0010337,TXN-0008897,CUST-001945,2023-04-22T05:37:00,insufficient_funds,51
FAIL-0002051,ATT-0010338,TXN-0008897,CUST-001945,2023-04-23T05:37:00,insufficient_funds,51
FAIL-0002052,ATT-0010339,TXN-0008897,CUST-001945,2023-05-03T05:37:00,insufficient_funds,51
FAIL-0002053,ATT-0010363,TXN-0008921,CUST-001950,2023-04-01T18:58:00,temporary_network_error,91
FAIL-0002054,ATT-0010364,TXN-0008921,CUST-001950,2023-04-03T18:58:00,temporary_network_error,91
FAIL-0002055,ATT-0010365,TXN-0008921,CUST-001950,2023-04-08T18:58:00,temporary_network_error,91
FAIL-0002056,ATT-0010368,TXN-0008924,CUST-001951,2022-12-09T15:58:00,insufficient_funds,51
FAIL-0002057,ATT-0010375,TXN-0008930,CUST-001953,2020-01-17T09:12:00,insufficient_funds,51
FAIL-0002058,ATT-0010376,TXN-0008930,CUST-001953,2020-01-19T09:12:00,insufficient_funds,51
FAIL-0002059,ATT-0010377,TXN-0008930,CUST-001953,2020-01-24T09:12:00,insufficient_funds,51
FAIL-0002060,ATT-0010380,TXN-0008933,CUST-001953,2020-05-29T06:49:00,insufficient_funds,51
FAIL-0002061,ATT-0010381,TXN-0008933,CUST-001953,2020-05-30T06:49:00,insufficient_funds,51
FAIL-0002062,ATT-0010382,TXN-0008933,CUST-001953,2020-06-09T06:49:00,insufficient_funds,51
FAIL-0002063,ATT-0010394,TXN-0008945,CUST-001956,2022-04-06T23:28:00,risk_review_hold,57
FAIL-0002064,ATT-0010398,TXN-0008949,CUST-001958,2023-06-08T19:02:00,insufficient_funds,51
FAIL-0002065,ATT-0010399,TXN-0008949,CUST-001958,2023-06-10T19:02:00,insufficient_funds,51
FAIL-0002066,ATT-0010400,TXN-0008949,CUST-001958,2023-06-16T19:02:00,insufficient_funds,51
FAIL-0002067,ATT-0010407,TXN-0008956,CUST-001960,2019-05-22T10:26:00,expired_card,54
FAIL-0002068,ATT-0010408,TXN-0008956,CUST-001960,2019-05-24T10:26:00,expired_card,54
FAIL-0002069,ATT-0010413,TXN-0008960,CUST-001961,2021-07-02T02:32:00,payment_method_limit_exceeded,61
FAIL-0002070,ATT-0010414,TXN-0008960,CUST-001961,2021-07-03T02:32:00,payment_method_limit_exceeded,61
FAIL-0002071,ATT-0010415,TXN-0008960,CUST-001961,2021-07-06T02:32:00,payment_method_limit_exceeded,61
FAIL-0002072,ATT-0010419,TXN-0008964,CUST-001962,2024-01-18T01:02:00,insufficient_funds,51
FAIL-0002073,ATT-0010420,TXN-0008964,CUST-001962,2024-01-21T01:02:00,insufficient_funds,51
FAIL-0002074,ATT-0010421,TXN-0008964,CUST-001962,2024-01-27T01:02:00,insufficient_funds,51
FAIL-0002075,ATT-0010429,TXN-0008972,CUST-001964,2023-04-27T09:24:00,expired_card,54
FAIL-0002076,ATT-0010430,TXN-0008972,CUST-001964,2023-04-28T09:24:00,expired_card,54
FAIL-0002077,ATT-0010446,TXN-0008988,CUST-001968,2021-08-26T21:10:00,insufficient_funds,51
FAIL-0002078,ATT-0010447,TXN-0008988,CUST-001968,2021-08-27T21:10:00,insufficient_funds,51
FAIL-0002079,ATT-0010448,TXN-0008988,CUST-001968,2021-08-31T21:10:00,insufficient_funds,51
FAIL-0002080,ATT-0010449,TXN-0008989,CUST-001968,2021-11-21T20:36:00,insufficient_funds,51
FAIL-0002081,ATT-0010450,TXN-0008989,CUST-001968,2021-11-22T20:36:00,insufficient_funds,51
FAIL-0002082,ATT-0010451,TXN-0008989,CUST-001968,2021-11-25T20:36:00,insufficient_funds,51
FAIL-0002083,ATT-0010455,TXN-0008993,CUST-001969,2022-09-25T08:33:00,temporary_network_error,91
FAIL-0002084,ATT-0010456,TXN-0008993,CUST-001969,2022-09-27T08:33:00,temporary_network_error,91
FAIL-0002085,ATT-0010463,TXN-0008999,CUST-001970,2023-10-23T18:41:00,insufficient_funds,51
FAIL-0002086,ATT-0010464,TXN-0008999,CUST-001970,2023-10-26T18:41:00,insufficient_funds,51
FAIL-0002087,ATT-0010465,TXN-0008999,CUST-001970,2023-10-31T18:41:00,insufficient_funds,51
FAIL-0002088,ATT-0010466,TXN-0009000,CUST-001970,2023-12-02T20:33:00,insufficient_funds,51
FAIL-0002089,ATT-0010467,TXN-0009000,CUST-001970,2023-12-05T20:33:00,insufficient_funds,51
FAIL-0002090,ATT-0010468,TXN-0009000,CUST-001970,2023-12-11T20:33:00,insufficient_funds,51
FAIL-0002091,ATT-0010475,TXN-0009007,CUST-001973,2023-08-10T01:28:00,insufficient_funds,51
FAIL-0002092,ATT-0010482,TXN-0009013,CUST-001974,2020-09-30T19:07:00,expired_card,54
FAIL-0002093,ATT-0010483,TXN-0009013,CUST-001974,2020-10-03T19:07:00,expired_card,54
FAIL-0002094,ATT-0010496,TXN-0009026,CUST-001978,2019-09-18T07:22:00,temporary_network_error,91
FAIL-0002095,ATT-0010497,TXN-0009026,CUST-001978,2019-09-19T07:22:00,temporary_network_error,91
FAIL-0002096,ATT-0010498,TXN-0009026,CUST-001978,2019-09-23T07:22:00,temporary_network_error,91
FAIL-0002097,ATT-0010521,TXN-0009049,CUST-001982,2023-06-03T00:10:00,insufficient_funds,51
FAIL-0002098,ATT-0010522,TXN-0009049,CUST-001982,2023-06-04T00:10:00,insufficient_funds,51
FAIL-0002099,ATT-0010523,TXN-0009049,CUST-001982,2023-06-09T00:10:00,insufficient_funds,51
FAIL-0002100,ATT-0010528,TXN-0009054,CUST-001982,2024-01-08T00:13:00,temporary_network_error,91
FAIL-0002101,ATT-0010539,TXN-0009064,CUST-001985,2023-10-15T03:58:00,insufficient_funds,51
FAIL-0002102,ATT-0010549,TXN-0009073,CUST-001987,2019-04-02T20:54:00,payment_method_limit_exceeded,61
FAIL-0002103,ATT-0010550,TXN-0009073,CUST-001987,2019-04-05T20:54:00,payment_method_limit_exceeded,61
FAIL-0002104,ATT-0010551,TXN-0009073,CUST-001987,2019-04-12T20:54:00,payment_method_limit_exceeded,61
FAIL-0002105,ATT-0010565,TXN-0009087,CUST-001990,2022-09-24T03:30:00,insufficient_funds,51
FAIL-0002106,ATT-0010566,TXN-0009087,CUST-001990,2022-09-27T03:30:00,insufficient_funds,51
FAIL-0002107,ATT-0010567,TXN-0009087,CUST-001990,2022-10-01T03:30:00,insufficient_funds,51
FAIL-0002108,ATT-0010572,TXN-0009092,CUST-001992,2021-05-13T10:00:00,insufficient_funds,51
FAIL-0002109,ATT-0010573,TXN-0009092,CUST-001992,2021-05-14T10:00:00,insufficient_funds,51
FAIL-0002110,ATT-0010574,TXN-0009092,CUST-001992,2021-05-21T10:00:00,insufficient_funds,51
FAIL-0002111,ATT-0010580,TXN-0009098,CUST-001993,2022-06-18T13:05:00,bank_unavailable,96
FAIL-0002112,ATT-0010582,TXN-0009099,CUST-001993,2022-07-21T13:29:00,insufficient_funds,51
FAIL-0002113,ATT-0010583,TXN-0009099,CUST-001993,2022-07-23T13:29:00,insufficient_funds,51
FAIL-0002114,ATT-0010584,TXN-0009099,CUST-001993,2022-07-27T13:29:00,insufficient_funds,51
FAIL-0002115,ATT-0010604,TXN-0009118,CUST-001997,2023-06-08T11:04:00,expired_card,54
FAIL-0002116,ATT-0010605,TXN-0009118,CUST-001997,2023-06-09T11:04:00,expired_card,54
FAIL-0002117,ATT-0010612,TXN-0009124,CUST-001999,2020-12-30T20:14:00,insufficient_funds,51
FAIL-0002118,ATT-0010613,TXN-0009124,CUST-001999,2021-01-02T20:14:00,insufficient_funds,51
FAIL-0002119,ATT-0010614,TXN-0009124,CUST-001999,2021-01-09T20:14:00,insufficient_funds,51
FAIL-0002120,ATT-0010622,TXN-0009132,CUST-002000,2020-10-11T13:56:00,insufficient_funds,51
FAIL-0002121,ATT-0010623,TXN-0009132,CUST-002000,2020-10-14T13:56:00,insufficient_funds,51
FAIL-0002122,ATT-0010624,TXN-0009132,CUST-002000,2020-10-17T13:56:00,insufficient_funds,51
FAIL-0002123,ATT-0010636,TXN-0009144,CUST-002002,2022-02-21T11:20:00,temporary_network_error,91
FAIL-0002124,ATT-0010637,TXN-0009144,CUST-002002,2022-02-23T11:20:00,temporary_network_error,91
FAIL-0002125,ATT-0010644,TXN-0009150,CUST-002003,2023-07-02T20:29:00,expired_card,54
FAIL-0002126,ATT-0010645,TXN-0009150,CUST-002003,2023-07-05T20:29:00,expired_card,54
FAIL-0002127,ATT-0010659,TXN-0009164,CUST-002007,2023-10-20T16:09:00,temporary_network_error,91
FAIL-0002128,ATT-0010661,TXN-0009165,CUST-002007,2024-01-04T15:02:00,temporary_network_error,91
FAIL-0002129,ATT-0010662,TXN-0009165,CUST-002007,2024-01-07T15:02:00,temporary_network_error,91
FAIL-0002130,ATT-0010663,TXN-0009165,CUST-002007,2024-01-17T15:02:00,temporary_network_error,91
FAIL-0002131,ATT-0010669,TXN-0009171,CUST-002008,2020-08-30T06:49:00,temporary_network_error,91
FAIL-0002132,ATT-0010674,TXN-0009175,CUST-002009,2022-03-20T08:24:00,expired_card,54
FAIL-0002133,ATT-0010675,TXN-0009175,CUST-002009,2022-03-23T08:24:00,expired_card,54
FAIL-0002134,ATT-0010692,TXN-0009192,CUST-002012,2020-12-21T18:21:00,temporary_network_error,91
FAIL-0002135,ATT-0010693,TXN-0009192,CUST-002012,2020-12-24T18:21:00,temporary_network_error,91
FAIL-0002136,ATT-0010694,TXN-0009192,CUST-002012,2021-01-01T18:21:00,temporary_network_error,91
FAIL-0002137,ATT-0010698,TXN-0009196,CUST-002013,2021-09-03T12:45:00,invalid_payment_method,14
FAIL-0002138,ATT-0010699,TXN-0009196,CUST-002013,2021-09-06T12:45:00,invalid_payment_method,14
FAIL-0002139,ATT-0010704,TXN-0009201,CUST-002014,2020-07-13T15:25:00,insufficient_funds,51
FAIL-0002140,ATT-0010705,TXN-0009201,CUST-002014,2020-07-16T15:25:00,insufficient_funds,51
FAIL-0002141,ATT-0010706,TXN-0009201,CUST-002014,2020-07-26T15:25:00,insufficient_funds,51
FAIL-0002142,ATT-0010709,TXN-0009204,CUST-002015,2020-10-21T17:44:00,invalid_payment_method,14
FAIL-0002143,ATT-0010710,TXN-0009204,CUST-002015,2020-10-24T17:44:00,invalid_payment_method,14
FAIL-0002144,ATT-0010711,TXN-0009205,CUST-002015,2020-12-27T18:52:00,bank_unavailable,96
FAIL-0002145,ATT-0010712,TXN-0009205,CUST-002015,2020-12-29T18:52:00,bank_unavailable,96
FAIL-0002146,ATT-0010713,TXN-0009205,CUST-002015,2021-01-04T18:52:00,bank_unavailable,96
FAIL-0002147,ATT-0010716,TXN-0009207,CUST-002015,2021-06-07T19:16:00,temporary_network_error,91
FAIL-0002148,ATT-0010717,TXN-0009207,CUST-002015,2021-06-09T19:16:00,temporary_network_error,91
FAIL-0002149,ATT-0010718,TXN-0009207,CUST-002015,2021-06-14T19:16:00,temporary_network_error,91
FAIL-0002150,ATT-0010726,TXN-0009215,CUST-002017,2023-04-06T06:21:00,expired_card,54
FAIL-0002151,ATT-0010727,TXN-0009215,CUST-002017,2023-04-07T06:21:00,expired_card,54
FAIL-0002152,ATT-0010753,TXN-0009241,CUST-002024,2023-12-20T04:40:00,expired_card,54
FAIL-0002153,ATT-0010754,TXN-0009241,CUST-002024,2023-12-23T04:40:00,expired_card,54
FAIL-0002154,ATT-0010756,TXN-0009242,CUST-002024,2024-04-17T02:18:00,insufficient_funds,51
FAIL-0002155,ATT-0010757,TXN-0009242,CUST-002024,2024-04-18T02:18:00,insufficient_funds,51
FAIL-0002156,ATT-0010758,TXN-0009242,CUST-002024,2024-04-24T02:18:00,insufficient_funds,51
FAIL-0002157,ATT-0010765,TXN-0009249,CUST-002025,2023-02-15T11:47:00,insufficient_funds,51
FAIL-0002158,ATT-0010766,TXN-0009249,CUST-002025,2023-02-18T11:47:00,insufficient_funds,51
FAIL-0002159,ATT-0010767,TXN-0009249,CUST-002025,2023-02-26T11:47:00,insufficient_funds,51
FAIL-0002160,ATT-0010783,TXN-0009265,CUST-002029,2021-10-31T17:32:00,insufficient_funds,51
FAIL-0002161,ATT-0010784,TXN-0009265,CUST-002029,2021-11-01T17:32:00,insufficient_funds,51
FAIL-0002162,ATT-0010785,TXN-0009265,CUST-002029,2021-11-06T17:32:00,insufficient_funds,51
FAIL-0002163,ATT-0010799,TXN-0009279,CUST-002032,2022-02-27T11:05:00,temporary_network_error,91
FAIL-0002164,ATT-0010800,TXN-0009279,CUST-002032,2022-02-28T11:05:00,temporary_network_error,91
FAIL-0002165,ATT-0010801,TXN-0009279,CUST-002032,2022-03-08T11:05:00,temporary_network_error,91
FAIL-0002166,ATT-0010814,TXN-0009292,CUST-002035,2023-10-11T18:13:00,insufficient_funds,51
FAIL-0002167,ATT-0010815,TXN-0009292,CUST-002035,2023-10-13T18:13:00,insufficient_funds,51
FAIL-0002168,ATT-0010816,TXN-0009292,CUST-002035,2023-10-17T18:13:00,insufficient_funds,51
FAIL-0002169,ATT-0010831,TXN-0009307,CUST-002038,2020-05-09T05:54:00,insufficient_funds,51
FAIL-0002170,ATT-0010835,TXN-0009310,CUST-002040,2021-05-18T02:26:00,insufficient_funds,51
FAIL-0002171,ATT-0010836,TXN-0009310,CUST-002040,2021-05-21T02:26:00,insufficient_funds,51
FAIL-0002172,ATT-0010837,TXN-0009310,CUST-002040,2021-05-29T02:26:00,insufficient_funds,51
FAIL-0002173,ATT-0010852,TXN-0009325,CUST-002042,2025-01-16T03:07:00,invalid_payment_method,14
FAIL-0002174,ATT-0010853,TXN-0009325,CUST-002042,2025-01-18T03:07:00,invalid_payment_method,14
FAIL-0002175,ATT-0010868,TXN-0009340,CUST-002045,2021-04-13T13:26:00,insufficient_funds,51
FAIL-0002176,ATT-0010869,TXN-0009340,CUST-002045,2021-04-16T13:26:00,insufficient_funds,51
FAIL-0002177,ATT-0010903,TXN-0009373,CUST-002052,2023-06-16T13:11:00,insufficient_funds,51
FAIL-0002178,ATT-0010922,TXN-0009391,CUST-002056,2020-05-28T13:01:00,insufficient_funds,51
FAIL-0002179,ATT-0010929,TXN-0009397,CUST-002058,2023-03-27T09:22:00,risk_review_hold,57
FAIL-0002180,ATT-0010931,TXN-0009399,CUST-002058,2023-07-18T10:26:00,insufficient_funds,51
FAIL-0002181,ATT-0010932,TXN-0009399,CUST-002058,2023-07-21T10:26:00,insufficient_funds,51
FAIL-0002182,ATT-0010933,TXN-0009399,CUST-002058,2023-07-31T10:26:00,insufficient_funds,51
FAIL-0002183,ATT-0010940,TXN-0009406,CUST-002060,2019-11-10T12:27:00,bank_unavailable,96
FAIL-0002184,ATT-0010941,TXN-0009406,CUST-002060,2019-11-11T12:27:00,bank_unavailable,96
FAIL-0002185,ATT-0010942,TXN-0009406,CUST-002060,2019-11-14T12:27:00,bank_unavailable,96
FAIL-0002186,ATT-0010944,TXN-0009408,CUST-002060,2020-03-07T12:20:00,temporary_network_error,91
FAIL-0002187,ATT-0010945,TXN-0009408,CUST-002060,2020-03-08T12:20:00,temporary_network_error,91
FAIL-0002188,ATT-0010946,TXN-0009408,CUST-002060,2020-03-15T12:20:00,temporary_network_error,91
FAIL-0002189,ATT-0010965,TXN-0009427,CUST-002065,2021-05-20T17:14:00,insufficient_funds,51
FAIL-0002190,ATT-0010966,TXN-0009427,CUST-002065,2021-05-21T17:14:00,insufficient_funds,51
FAIL-0002191,ATT-0010967,TXN-0009427,CUST-002065,2021-05-25T17:14:00,insufficient_funds,51
FAIL-0002192,ATT-0010977,TXN-0009437,CUST-002067,2022-12-30T12:38:00,insufficient_funds,51
FAIL-0002193,ATT-0010978,TXN-0009437,CUST-002067,2023-01-01T12:38:00,insufficient_funds,51
FAIL-0002194,ATT-0010980,TXN-0009438,CUST-002067,2023-01-09T13:20:00,insufficient_funds,51
FAIL-0002195,ATT-0010981,TXN-0009438,CUST-002067,2023-01-11T13:20:00,insufficient_funds,51
FAIL-0002196,ATT-0010982,TXN-0009438,CUST-002067,2023-01-14T13:20:00,insufficient_funds,51
FAIL-0002197,ATT-0010984,TXN-0009439,CUST-002067,2023-03-09T14:17:00,bank_unavailable,96
FAIL-0002198,ATT-0010988,TXN-0009442,CUST-002069,2020-12-13T14:07:00,insufficient_funds,51
FAIL-0002199,ATT-0011003,TXN-0009456,CUST-002072,2023-10-09T13:16:00,bank_unavailable,96
FAIL-0002200,ATT-0011024,TXN-0009476,CUST-002076,2024-08-21T13:40:00,expired_card,54
FAIL-0002201,ATT-0011025,TXN-0009476,CUST-002076,2024-08-24T13:40:00,expired_card,54
FAIL-0002202,ATT-0011028,TXN-0009479,CUST-002076,2025-03-11T15:28:00,insufficient_funds,51
FAIL-0002203,ATT-0011029,TXN-0009479,CUST-002076,2025-03-12T15:28:00,insufficient_funds,51
FAIL-0002204,ATT-0011030,TXN-0009479,CUST-002076,2025-03-16T15:28:00,insufficient_funds,51
FAIL-0002205,ATT-0011043,TXN-0009492,CUST-002079,2025-01-02T21:54:00,insufficient_funds,51
FAIL-0002206,ATT-0011044,TXN-0009492,CUST-002079,2025-01-03T21:54:00,insufficient_funds,51
FAIL-0002207,ATT-0011045,TXN-0009492,CUST-002079,2025-01-07T21:54:00,insufficient_funds,51
FAIL-0002208,ATT-0011066,TXN-0009513,CUST-002086,2021-05-02T11:48:00,bank_unavailable,96
FAIL-0002209,ATT-0011089,TXN-0009535,CUST-002092,2022-02-15T23:53:00,insufficient_funds,51
FAIL-0002210,ATT-0011090,TXN-0009535,CUST-002092,2022-02-17T23:53:00,insufficient_funds,51
FAIL-0002211,ATT-0011091,TXN-0009535,CUST-002092,2022-02-24T23:53:00,insufficient_funds,51
FAIL-0002212,ATT-0011093,TXN-0009537,CUST-002092,2022-06-30T23:43:00,expired_card,54
FAIL-0002213,ATT-0011094,TXN-0009537,CUST-002092,2022-07-01T23:43:00,expired_card,54
FAIL-0002214,ATT-0011098,TXN-0009541,CUST-002092,2023-03-29T00:51:00,invalid_payment_method,14
FAIL-0002215,ATT-0011099,TXN-0009541,CUST-002092,2023-04-01T00:51:00,invalid_payment_method,14
FAIL-0002216,ATT-0011110,TXN-0009552,CUST-002095,2023-02-16T01:16:00,temporary_network_error,91
FAIL-0002217,ATT-0011111,TXN-0009552,CUST-002095,2023-02-17T01:16:00,temporary_network_error,91
FAIL-0002218,ATT-0011119,TXN-0009559,CUST-002097,2023-05-13T12:07:00,insufficient_funds,51
FAIL-0002219,ATT-0011120,TXN-0009559,CUST-002097,2023-05-15T12:07:00,insufficient_funds,51
FAIL-0002220,ATT-0011121,TXN-0009559,CUST-002097,2023-05-23T12:07:00,insufficient_funds,51
FAIL-0002221,ATT-0011122,TXN-0009560,CUST-002097,2023-08-04T10:18:00,insufficient_funds,51
FAIL-0002222,ATT-0011128,TXN-0009565,CUST-002098,2021-08-04T11:45:00,insufficient_funds,51
FAIL-0002223,ATT-0011129,TXN-0009565,CUST-002098,2021-08-05T11:45:00,insufficient_funds,51
FAIL-0002224,ATT-0011130,TXN-0009565,CUST-002098,2021-08-13T11:45:00,insufficient_funds,51
FAIL-0002225,ATT-0011145,TXN-0009580,CUST-002101,2022-03-25T22:18:00,expired_card,54
FAIL-0002226,ATT-0011146,TXN-0009580,CUST-002101,2022-03-27T22:18:00,expired_card,54
FAIL-0002227,ATT-0011150,TXN-0009583,CUST-002101,2022-10-14T00:33:00,insufficient_funds,51
FAIL-0002228,ATT-0011151,TXN-0009583,CUST-002101,2022-10-15T00:33:00,insufficient_funds,51
FAIL-0002229,ATT-0011154,TXN-0009585,CUST-002102,2023-11-05T06:58:00,temporary_network_error,91
FAIL-0002230,ATT-0011168,TXN-0009598,CUST-002105,2024-11-22T01:23:00,insufficient_funds,51
FAIL-0002231,ATT-0011169,TXN-0009598,CUST-002105,2024-11-23T01:23:00,insufficient_funds,51
FAIL-0002232,ATT-0011170,TXN-0009598,CUST-002105,2024-11-27T01:23:00,insufficient_funds,51
FAIL-0002233,ATT-0011172,TXN-0009600,CUST-002105,2025-04-12T01:55:00,insufficient_funds,51
FAIL-0002234,ATT-0011173,TXN-0009600,CUST-002105,2025-04-13T01:55:00,insufficient_funds,51
FAIL-0002235,ATT-0011174,TXN-0009600,CUST-002105,2025-04-19T01:55:00,insufficient_funds,51
FAIL-0002236,ATT-0011182,TXN-0009608,CUST-002107,2024-10-13T16:26:00,temporary_network_error,91
FAIL-0002237,ATT-0011183,TXN-0009608,CUST-002107,2024-10-15T16:26:00,temporary_network_error,91
FAIL-0002238,ATT-0011184,TXN-0009608,CUST-002107,2024-10-24T16:26:00,temporary_network_error,91
FAIL-0002239,ATT-0011186,TXN-0009610,CUST-002108,2019-07-28T13:27:00,insufficient_funds,51
FAIL-0002240,ATT-0011192,TXN-0009615,CUST-002110,2019-10-25T04:24:00,expired_card,54
FAIL-0002241,ATT-0011193,TXN-0009615,CUST-002110,2019-10-27T04:24:00,expired_card,54
FAIL-0002242,ATT-0011201,TXN-0009623,CUST-002111,2022-04-22T11:13:00,invalid_payment_method,14
FAIL-0002243,ATT-0011202,TXN-0009623,CUST-002111,2022-04-23T11:13:00,invalid_payment_method,14
FAIL-0002244,ATT-0011206,TXN-0009627,CUST-002113,2023-06-20T05:08:00,temporary_network_error,91
FAIL-0002245,ATT-0011213,TXN-0009633,CUST-002114,2020-05-07T01:02:00,expired_card,54
FAIL-0002246,ATT-0011214,TXN-0009633,CUST-002114,2020-05-09T01:02:00,expired_card,54
FAIL-0002247,ATT-0011217,TXN-0009636,CUST-002114,2020-12-02T22:44:00,temporary_network_error,91
FAIL-0002248,ATT-0011218,TXN-0009636,CUST-002114,2020-12-05T22:44:00,temporary_network_error,91
FAIL-0002249,ATT-0011219,TXN-0009636,CUST-002114,2020-12-09T22:44:00,temporary_network_error,91
FAIL-0002250,ATT-0011230,TXN-0009647,CUST-002116,2023-04-13T00:39:00,insufficient_funds,51
FAIL-0002251,ATT-0011243,TXN-0009659,CUST-002119,2021-01-18T12:01:00,insufficient_funds,51
FAIL-0002252,ATT-0011244,TXN-0009659,CUST-002119,2021-01-19T12:01:00,insufficient_funds,51
FAIL-0002253,ATT-0011245,TXN-0009659,CUST-002119,2021-01-25T12:01:00,insufficient_funds,51
FAIL-0002254,ATT-0011252,TXN-0009666,CUST-002120,2021-04-27T08:15:00,expired_card,54
FAIL-0002255,ATT-0011253,TXN-0009666,CUST-002120,2021-04-28T08:15:00,expired_card,54
FAIL-0002256,ATT-0011255,TXN-0009668,CUST-002120,2021-07-16T08:43:00,insufficient_funds,51
FAIL-0002257,ATT-0011256,TXN-0009668,CUST-002120,2021-07-17T08:43:00,insufficient_funds,51
FAIL-0002258,ATT-0011257,TXN-0009668,CUST-002120,2021-07-25T08:43:00,insufficient_funds,51
FAIL-0002259,ATT-0011278,TXN-0009689,CUST-002124,2024-05-21T20:08:00,bank_unavailable,96
FAIL-0002260,ATT-0011281,TXN-0009692,CUST-002125,2022-02-12T07:11:00,insufficient_funds,51
FAIL-0002261,ATT-0011282,TXN-0009692,CUST-002125,2022-02-15T07:11:00,insufficient_funds,51
FAIL-0002262,ATT-0011301,TXN-0009710,CUST-002128,2022-05-12T14:14:00,insufficient_funds,51
FAIL-0002263,ATT-0011302,TXN-0009710,CUST-002128,2022-05-15T14:14:00,insufficient_funds,51
FAIL-0002264,ATT-0011303,TXN-0009710,CUST-002128,2022-05-19T14:14:00,insufficient_funds,51
FAIL-0002265,ATT-0011309,TXN-0009716,CUST-002130,2021-05-07T00:43:00,insufficient_funds,51
FAIL-0002266,ATT-0011310,TXN-0009716,CUST-002130,2021-05-10T00:43:00,insufficient_funds,51
FAIL-0002267,ATT-0011311,TXN-0009716,CUST-002130,2021-05-18T00:43:00,insufficient_funds,51
FAIL-0002268,ATT-0011333,TXN-0009738,CUST-002134,2023-01-20T10:00:00,invalid_payment_method,14
FAIL-0002269,ATT-0011334,TXN-0009738,CUST-002134,2023-01-23T10:00:00,invalid_payment_method,14
FAIL-0002270,ATT-0011356,TXN-0009760,CUST-002139,2021-12-09T03:22:00,payment_method_limit_exceeded,61
FAIL-0002271,ATT-0011357,TXN-0009760,CUST-002139,2021-12-10T03:22:00,payment_method_limit_exceeded,61
FAIL-0002272,ATT-0011358,TXN-0009760,CUST-002139,2021-12-20T03:22:00,payment_method_limit_exceeded,61
FAIL-0002273,ATT-0011360,TXN-0009762,CUST-002139,2022-04-01T01:18:00,bank_unavailable,96
FAIL-0002274,ATT-0011361,TXN-0009762,CUST-002139,2022-04-04T01:18:00,bank_unavailable,96
FAIL-0002275,ATT-0011362,TXN-0009762,CUST-002139,2022-04-07T01:18:00,bank_unavailable,96
FAIL-0002276,ATT-0011382,TXN-0009781,CUST-002144,2019-07-08T03:33:00,insufficient_funds,51
FAIL-0002277,ATT-0011383,TXN-0009781,CUST-002144,2019-07-10T03:33:00,insufficient_funds,51
FAIL-0002278,ATT-0011384,TXN-0009781,CUST-002144,2019-07-17T03:33:00,insufficient_funds,51
FAIL-0002279,ATT-0011421,TXN-0009818,CUST-002150,2024-04-07T10:49:00,expired_card,54
FAIL-0002280,ATT-0011422,TXN-0009818,CUST-002150,2024-04-09T10:49:00,expired_card,54
FAIL-0002281,ATT-0011423,TXN-0009819,CUST-002150,2024-08-03T11:41:00,risk_review_hold,57
FAIL-0002282,ATT-0011444,TXN-0009839,CUST-002155,2019-08-26T13:25:00,expired_card,54
FAIL-0002283,ATT-0011445,TXN-0009839,CUST-002155,2019-08-28T13:25:00,expired_card,54
FAIL-0002284,ATT-0011447,TXN-0009840,CUST-002155,2019-09-16T11:49:00,insufficient_funds,51
FAIL-0002285,ATT-0011448,TXN-0009840,CUST-002155,2019-09-17T11:49:00,insufficient_funds,51
FAIL-0002286,ATT-0011451,TXN-0009842,CUST-002155,2019-11-26T11:44:00,expired_card,54
FAIL-0002287,ATT-0011452,TXN-0009842,CUST-002155,2019-11-29T11:44:00,expired_card,54
FAIL-0002288,ATT-0011469,TXN-0009859,CUST-002160,2021-04-03T11:55:00,payment_method_limit_exceeded,61
FAIL-0002289,ATT-0011470,TXN-0009859,CUST-002160,2021-04-06T11:55:00,payment_method_limit_exceeded,61
FAIL-0002290,ATT-0011471,TXN-0009859,CUST-002160,2021-04-11T11:55:00,payment_method_limit_exceeded,61
FAIL-0002291,ATT-0011482,TXN-0009870,CUST-002162,2021-11-06T00:28:00,bank_unavailable,96
FAIL-0002292,ATT-0011483,TXN-0009870,CUST-002162,2021-11-08T00:28:00,bank_unavailable,96
FAIL-0002293,ATT-0011484,TXN-0009870,CUST-002162,2021-11-12T00:28:00,bank_unavailable,96
FAIL-0002294,ATT-0011506,TXN-0009892,CUST-002166,2020-04-11T08:20:00,risk_review_hold,57
FAIL-0002295,ATT-0011508,TXN-0009894,CUST-002166,2020-09-30T06:08:00,bank_unavailable,96
FAIL-0002296,ATT-0011515,TXN-0009900,CUST-002167,2020-12-13T17:36:00,payment_method_limit_exceeded,61
FAIL-0002297,ATT-0011516,TXN-0009900,CUST-002167,2020-12-15T17:36:00,payment_method_limit_exceeded,61
FAIL-0002298,ATT-0011517,TXN-0009900,CUST-002167,2020-12-19T17:36:00,payment_method_limit_exceeded,61
FAIL-0002299,ATT-0011540,TXN-0009923,CUST-002171,2021-09-07T06:52:00,insufficient_funds,51
FAIL-0002300,ATT-0011542,TXN-0009924,CUST-002171,2021-09-29T05:36:00,expired_card,54
FAIL-0002301,ATT-0011543,TXN-0009924,CUST-002171,2021-09-30T05:36:00,expired_card,54
FAIL-0002302,ATT-0011551,TXN-0009932,CUST-002173,2023-04-03T02:52:00,temporary_network_error,91
FAIL-0002303,ATT-0011554,TXN-0009934,CUST-002173,2023-09-01T01:20:00,expired_card,54
FAIL-0002304,ATT-0011555,TXN-0009934,CUST-002173,2023-09-02T01:20:00,expired_card,54
FAIL-0002305,ATT-0011569,TXN-0009948,CUST-002175,2024-11-27T03:19:00,payment_method_limit_exceeded,61
FAIL-0002306,ATT-0011570,TXN-0009948,CUST-002175,2024-11-30T03:19:00,payment_method_limit_exceeded,61
FAIL-0002307,ATT-0011571,TXN-0009948,CUST-002175,2024-12-07T03:19:00,payment_method_limit_exceeded,61
FAIL-0002308,ATT-0011580,TXN-0009957,CUST-002177,2022-06-21T18:47:00,invalid_payment_method,14
FAIL-0002309,ATT-0011581,TXN-0009957,CUST-002177,2022-06-23T18:47:00,invalid_payment_method,14
FAIL-0002310,ATT-0011594,TXN-0009969,CUST-002179,2019-08-21T10:41:00,temporary_network_error,91
FAIL-0002311,ATT-0011607,TXN-0009981,CUST-002182,2020-05-28T20:55:00,temporary_network_error,91
FAIL-0002312,ATT-0011608,TXN-0009981,CUST-002182,2020-05-29T20:55:00,temporary_network_error,91
FAIL-0002313,ATT-0011609,TXN-0009981,CUST-002182,2020-06-01T20:55:00,temporary_network_error,91
FAIL-0002314,ATT-0011612,TXN-0009984,CUST-002183,2020-07-30T19:15:00,expired_card,54
FAIL-0002315,ATT-0011613,TXN-0009984,CUST-002183,2020-08-01T19:15:00,expired_card,54
FAIL-0002316,ATT-0011615,TXN-0009986,CUST-002183,2021-03-12T19:50:00,temporary_network_error,91
FAIL-0002317,ATT-0011616,TXN-0009986,CUST-002183,2021-03-14T19:50:00,temporary_network_error,91
FAIL-0002318,ATT-0011617,TXN-0009986,CUST-002183,2021-03-23T19:50:00,temporary_network_error,91
FAIL-0002319,ATT-0011628,TXN-0009997,CUST-002185,2021-04-24T09:43:00,insufficient_funds,51
FAIL-0002320,ATT-0011629,TXN-0009997,CUST-002185,2021-04-25T09:43:00,insufficient_funds,51
FAIL-0002321,ATT-0011639,TXN-0010006,CUST-002189,2019-08-08T12:35:00,payment_method_limit_exceeded,61
FAIL-0002322,ATT-0011640,TXN-0010006,CUST-002189,2019-08-10T12:35:00,payment_method_limit_exceeded,61
FAIL-0002323,ATT-0011641,TXN-0010006,CUST-002189,2019-08-14T12:35:00,payment_method_limit_exceeded,61
FAIL-0002324,ATT-0011659,TXN-0010023,CUST-002192,2022-11-14T17:35:00,payment_method_limit_exceeded,61
FAIL-0002325,ATT-0011670,TXN-0010033,CUST-002195,2021-12-20T02:09:00,insufficient_funds,51
FAIL-0002326,ATT-0011671,TXN-0010033,CUST-002195,2021-12-21T02:09:00,insufficient_funds,51
FAIL-0002327,ATT-0011672,TXN-0010033,CUST-002195,2021-12-30T02:09:00,insufficient_funds,51
FAIL-0002328,ATT-0011674,TXN-0010035,CUST-002195,2022-04-25T00:55:00,expired_card,54
FAIL-0002329,ATT-0011675,TXN-0010035,CUST-002195,2022-04-28T00:55:00,expired_card,54
FAIL-0002330,ATT-0011686,TXN-0010046,CUST-002198,2022-04-28T17:38:00,temporary_network_error,91
FAIL-0002331,ATT-0011688,TXN-0010047,CUST-002198,2022-07-17T17:58:00,expired_card,54
FAIL-0002332,ATT-0011689,TXN-0010047,CUST-002198,2022-07-19T17:58:00,expired_card,54
FAIL-0002333,ATT-0011693,TXN-0010051,CUST-002199,2021-07-07T06:05:00,insufficient_funds,51
FAIL-0002334,ATT-0011694,TXN-0010051,CUST-002199,2021-07-10T06:05:00,insufficient_funds,51
FAIL-0002335,ATT-0011695,TXN-0010051,CUST-002199,2021-07-13T06:05:00,insufficient_funds,51
FAIL-0002336,ATT-0011715,TXN-0010071,CUST-002203,2022-10-12T13:57:00,temporary_network_error,91
FAIL-0002337,ATT-0011716,TXN-0010071,CUST-002203,2022-10-13T13:57:00,temporary_network_error,91
FAIL-0002338,ATT-0011717,TXN-0010071,CUST-002203,2022-10-22T13:57:00,temporary_network_error,91
FAIL-0002339,ATT-0011733,TXN-0010087,CUST-002209,2022-10-24T08:35:00,temporary_network_error,91
FAIL-0002340,ATT-0011734,TXN-0010087,CUST-002209,2022-10-25T08:35:00,temporary_network_error,91
FAIL-0002341,ATT-0011737,TXN-0010089,CUST-002209,2023-02-07T08:52:00,insufficient_funds,51
FAIL-0002342,ATT-0011738,TXN-0010089,CUST-002209,2023-02-10T08:52:00,insufficient_funds,51
FAIL-0002343,ATT-0011739,TXN-0010089,CUST-002209,2023-02-17T08:52:00,insufficient_funds,51
FAIL-0002344,ATT-0011748,TXN-0010098,CUST-002211,2020-12-26T03:12:00,insufficient_funds,51
FAIL-0002345,ATT-0011749,TXN-0010098,CUST-002211,2020-12-29T03:12:00,insufficient_funds,51
FAIL-0002346,ATT-0011750,TXN-0010098,CUST-002211,2021-01-06T03:12:00,insufficient_funds,51
FAIL-0002347,ATT-0011765,TXN-0010113,CUST-002214,2021-12-17T02:21:00,expired_card,54
FAIL-0002348,ATT-0011766,TXN-0010113,CUST-002214,2021-12-19T02:21:00,expired_card,54
FAIL-0002349,ATT-0011768,TXN-0010115,CUST-002214,2022-06-24T01:24:00,insufficient_funds,51
FAIL-0002350,ATT-0011769,TXN-0010115,CUST-002214,2022-06-27T01:24:00,insufficient_funds,51
FAIL-0002351,ATT-0011770,TXN-0010115,CUST-002214,2022-07-06T01:24:00,insufficient_funds,51
FAIL-0002352,ATT-0011774,TXN-0010119,CUST-002216,2021-06-13T02:47:00,temporary_network_error,91
FAIL-0002353,ATT-0011775,TXN-0010119,CUST-002216,2021-06-15T02:47:00,temporary_network_error,91
FAIL-0002354,ATT-0011776,TXN-0010119,CUST-002216,2021-06-19T02:47:00,temporary_network_error,91
FAIL-0002355,ATT-0011802,TXN-0010145,CUST-002223,2024-06-26T00:16:00,insufficient_funds,51
FAIL-0002356,ATT-0011803,TXN-0010145,CUST-002223,2024-06-27T00:16:00,insufficient_funds,51
FAIL-0002357,ATT-0011804,TXN-0010145,CUST-002223,2024-07-04T00:16:00,insufficient_funds,51
FAIL-0002358,ATT-0011821,TXN-0010161,CUST-002225,2021-04-11T21:22:00,insufficient_funds,51
FAIL-0002359,ATT-0011822,TXN-0010161,CUST-002225,2021-04-12T21:22:00,insufficient_funds,51
FAIL-0002360,ATT-0011823,TXN-0010161,CUST-002225,2021-04-19T21:22:00,insufficient_funds,51
FAIL-0002361,ATT-0011824,TXN-0010162,CUST-002226,2024-05-25T06:22:00,insufficient_funds,51
FAIL-0002362,ATT-0011841,TXN-0010178,CUST-002229,2019-07-22T17:28:00,insufficient_funds,51
FAIL-0002363,ATT-0011843,TXN-0010179,CUST-002229,2019-10-02T20:18:00,insufficient_funds,51
FAIL-0002364,ATT-0011844,TXN-0010179,CUST-002229,2019-10-04T20:18:00,insufficient_funds,51
FAIL-0002365,ATT-0011845,TXN-0010179,CUST-002229,2019-10-09T20:18:00,insufficient_funds,51
FAIL-0002366,ATT-0011846,TXN-0010180,CUST-002229,2019-12-14T19:42:00,temporary_network_error,91
FAIL-0002367,ATT-0011847,TXN-0010180,CUST-002229,2019-12-15T19:42:00,temporary_network_error,91
FAIL-0002368,ATT-0011848,TXN-0010180,CUST-002229,2019-12-20T19:42:00,temporary_network_error,91
FAIL-0002369,ATT-0011852,TXN-0010184,CUST-002230,2024-06-03T19:28:00,temporary_network_error,91
FAIL-0002370,ATT-0011853,TXN-0010184,CUST-002230,2024-06-06T19:28:00,temporary_network_error,91
FAIL-0002371,ATT-0011854,TXN-0010184,CUST-002230,2024-06-10T19:28:00,temporary_network_error,91
FAIL-0002372,ATT-0011856,TXN-0010186,CUST-002230,2024-08-24T19:07:00,insufficient_funds,51
FAIL-0002373,ATT-0011857,TXN-0010186,CUST-002230,2024-08-25T19:07:00,insufficient_funds,51
FAIL-0002374,ATT-0011858,TXN-0010186,CUST-002230,2024-09-02T19:07:00,insufficient_funds,51
FAIL-0002375,ATT-0011862,TXN-0010190,CUST-002231,2023-05-25T14:38:00,invalid_payment_method,14
FAIL-0002376,ATT-0011863,TXN-0010190,CUST-002231,2023-05-27T14:38:00,invalid_payment_method,14
FAIL-0002377,ATT-0011864,TXN-0010191,CUST-002232,2022-08-01T05:58:00,insufficient_funds,51
FAIL-0002378,ATT-0011884,TXN-0010210,CUST-002236,2023-09-06T02:34:00,expired_card,54
FAIL-0002379,ATT-0011885,TXN-0010211,CUST-002237,2023-02-06T07:01:00,risk_review_hold,57
FAIL-0002380,ATT-0011886,TXN-0010212,CUST-002237,2023-02-27T07:51:00,insufficient_funds,51
FAIL-0002381,ATT-0011887,TXN-0010212,CUST-002237,2023-02-28T07:51:00,insufficient_funds,51
FAIL-0002382,ATT-0011891,TXN-0010215,CUST-002237,2023-07-19T06:26:00,expired_card,54
FAIL-0002383,ATT-0011892,TXN-0010215,CUST-002237,2023-07-20T06:26:00,expired_card,54
FAIL-0002384,ATT-0011902,TXN-0010225,CUST-002239,2020-12-08T18:29:00,temporary_network_error,91
FAIL-0002385,ATT-0011903,TXN-0010225,CUST-002239,2020-12-10T18:29:00,temporary_network_error,91
FAIL-0002386,ATT-0011904,TXN-0010225,CUST-002239,2020-12-19T18:29:00,temporary_network_error,91
FAIL-0002387,ATT-0011933,TXN-0010254,CUST-002246,2021-08-22T09:11:00,expired_card,54
FAIL-0002388,ATT-0011934,TXN-0010254,CUST-002246,2021-08-24T09:11:00,expired_card,54
FAIL-0002389,ATT-0011971,TXN-0010291,CUST-002256,2021-09-24T15:56:00,expired_card,54
FAIL-0002390,ATT-0011972,TXN-0010291,CUST-002256,2021-09-26T15:56:00,expired_card,54
FAIL-0002391,ATT-0011984,TXN-0010303,CUST-002258,2019-12-05T01:56:00,insufficient_funds,51
FAIL-0002392,ATT-0011985,TXN-0010303,CUST-002258,2019-12-08T01:56:00,insufficient_funds,51
FAIL-0002393,ATT-0011986,TXN-0010303,CUST-002258,2019-12-16T01:56:00,insufficient_funds,51
FAIL-0002394,ATT-0011990,TXN-0010307,CUST-002259,2022-05-15T08:21:00,bank_unavailable,96
FAIL-0002395,ATT-0011991,TXN-0010307,CUST-002259,2022-05-17T08:21:00,bank_unavailable,96
FAIL-0002396,ATT-0011992,TXN-0010307,CUST-002259,2022-05-27T08:21:00,bank_unavailable,96
FAIL-0002397,ATT-0012003,TXN-0010318,CUST-002261,2021-01-27T16:54:00,insufficient_funds,51
FAIL-0002398,ATT-0012004,TXN-0010318,CUST-002261,2021-01-28T16:54:00,insufficient_funds,51
FAIL-0002399,ATT-0012005,TXN-0010318,CUST-002261,2021-02-05T16:54:00,insufficient_funds,51
FAIL-0002400,ATT-0012019,TXN-0010332,CUST-002266,2021-06-28T12:12:00,temporary_network_error,91
FAIL-0002401,ATT-0012020,TXN-0010332,CUST-002266,2021-06-30T12:12:00,temporary_network_error,91
FAIL-0002402,ATT-0012021,TXN-0010332,CUST-002266,2021-07-08T12:12:00,temporary_network_error,91
FAIL-0002403,ATT-0012023,TXN-0010334,CUST-002266,2021-10-31T10:31:00,risk_review_hold,57
FAIL-0002404,ATT-0012025,TXN-0010336,CUST-002266,2022-03-18T12:04:00,insufficient_funds,51
FAIL-0002405,ATT-0012026,TXN-0010336,CUST-002266,2022-03-20T12:04:00,insufficient_funds,51
FAIL-0002406,ATT-0012027,TXN-0010336,CUST-002266,2022-03-25T12:04:00,insufficient_funds,51
FAIL-0002407,ATT-0012042,TXN-0010351,CUST-002270,2023-12-16T23:14:00,insufficient_funds,51
FAIL-0002408,ATT-0012043,TXN-0010351,CUST-002270,2023-12-17T23:14:00,insufficient_funds,51
FAIL-0002409,ATT-0012044,TXN-0010351,CUST-002270,2023-12-25T23:14:00,insufficient_funds,51
FAIL-0002410,ATT-0012052,TXN-0010359,CUST-002272,2021-08-07T20:59:00,invalid_payment_method,14
FAIL-0002411,ATT-0012053,TXN-0010359,CUST-002272,2021-08-10T20:59:00,invalid_payment_method,14
FAIL-0002412,ATT-0012066,TXN-0010372,CUST-002275,2023-05-22T20:57:00,insufficient_funds,51
FAIL-0002413,ATT-0012068,TXN-0010374,CUST-002276,2024-06-19T00:31:00,invalid_payment_method,14
FAIL-0002414,ATT-0012069,TXN-0010374,CUST-002276,2024-06-21T00:31:00,invalid_payment_method,14
FAIL-0002415,ATT-0012070,TXN-0010375,CUST-002276,2024-08-31T22:38:00,insufficient_funds,51
FAIL-0002416,ATT-0012071,TXN-0010375,CUST-002276,2024-09-01T22:38:00,insufficient_funds,51
FAIL-0002417,ATT-0012072,TXN-0010375,CUST-002276,2024-09-06T22:38:00,insufficient_funds,51
FAIL-0002418,ATT-0012083,TXN-0010386,CUST-002279,2023-04-19T17:30:00,insufficient_funds,51
FAIL-0002419,ATT-0012085,TXN-0010387,CUST-002279,2023-08-09T14:48:00,expired_card,54
FAIL-0002420,ATT-0012086,TXN-0010387,CUST-002279,2023-08-12T14:48:00,expired_card,54
FAIL-0002421,ATT-0012092,TXN-0010393,CUST-002280,2025-01-25T09:00:00,expired_card,54
FAIL-0002422,ATT-0012093,TXN-0010393,CUST-002280,2025-01-28T09:00:00,expired_card,54
FAIL-0002423,ATT-0012096,TXN-0010396,CUST-002281,2021-05-31T18:14:00,insufficient_funds,51
FAIL-0002424,ATT-0012097,TXN-0010396,CUST-002281,2021-06-03T18:14:00,insufficient_funds,51
FAIL-0002425,ATT-0012098,TXN-0010396,CUST-002281,2021-06-10T18:14:00,insufficient_funds,51
FAIL-0002426,ATT-0012102,TXN-0010399,CUST-002281,2021-08-13T20:41:00,bank_unavailable,96
FAIL-0002427,ATT-0012103,TXN-0010399,CUST-002281,2021-08-14T20:41:00,bank_unavailable,96
FAIL-0002428,ATT-0012118,TXN-0010413,CUST-002285,2023-08-13T01:32:00,temporary_network_error,91
FAIL-0002429,ATT-0012145,TXN-0010439,CUST-002289,2024-02-18T14:33:00,insufficient_funds,51
FAIL-0002430,ATT-0012146,TXN-0010439,CUST-002289,2024-02-19T14:33:00,insufficient_funds,51
FAIL-0002431,ATT-0012147,TXN-0010439,CUST-002289,2024-02-23T14:33:00,insufficient_funds,51
FAIL-0002432,ATT-0012149,TXN-0010441,CUST-002290,2020-05-20T12:48:00,insufficient_funds,51
FAIL-0002433,ATT-0012150,TXN-0010441,CUST-002290,2020-05-21T12:48:00,insufficient_funds,51
FAIL-0002434,ATT-0012151,TXN-0010441,CUST-002290,2020-05-25T12:48:00,insufficient_funds,51
FAIL-0002435,ATT-0012160,TXN-0010450,CUST-002292,2023-09-15T05:51:00,invalid_payment_method,14
FAIL-0002436,ATT-0012161,TXN-0010450,CUST-002292,2023-09-17T05:51:00,invalid_payment_method,14
FAIL-0002437,ATT-0012186,TXN-0010475,CUST-002298,2023-07-07T17:40:00,invalid_payment_method,14
FAIL-0002438,ATT-0012187,TXN-0010475,CUST-002298,2023-07-08T17:40:00,invalid_payment_method,14
FAIL-0002439,ATT-0012193,TXN-0010481,CUST-002300,2021-08-24T15:13:00,risk_review_hold,57
FAIL-0002440,ATT-0012215,TXN-0010503,CUST-002305,2020-08-13T15:04:00,insufficient_funds,51
FAIL-0002441,ATT-0012222,TXN-0010509,CUST-002306,2021-12-24T21:23:00,expired_card,54
FAIL-0002442,ATT-0012223,TXN-0010509,CUST-002306,2021-12-25T21:23:00,expired_card,54
FAIL-0002443,ATT-0012229,TXN-0010515,CUST-002307,2021-08-29T19:17:00,insufficient_funds,51
FAIL-0002444,ATT-0012230,TXN-0010515,CUST-002307,2021-08-30T19:17:00,insufficient_funds,51
FAIL-0002445,ATT-0012231,TXN-0010515,CUST-002307,2021-09-08T19:17:00,insufficient_funds,51
FAIL-0002446,ATT-0012241,TXN-0010525,CUST-002310,2019-08-07T16:01:00,insufficient_funds,51
FAIL-0002447,ATT-0012242,TXN-0010525,CUST-002310,2019-08-10T16:01:00,insufficient_funds,51
FAIL-0002448,ATT-0012243,TXN-0010525,CUST-002310,2019-08-13T16:01:00,insufficient_funds,51
FAIL-0002449,ATT-0012247,TXN-0010529,CUST-002311,2023-08-04T15:01:00,temporary_network_error,91
FAIL-0002450,ATT-0012248,TXN-0010529,CUST-002311,2023-08-07T15:01:00,temporary_network_error,91
FAIL-0002451,ATT-0012249,TXN-0010529,CUST-002311,2023-08-11T15:01:00,temporary_network_error,91
FAIL-0002452,ATT-0012258,TXN-0010538,CUST-002313,2023-10-13T05:07:00,insufficient_funds,51
FAIL-0002453,ATT-0012259,TXN-0010538,CUST-002313,2023-10-15T05:07:00,insufficient_funds,51
FAIL-0002454,ATT-0012260,TXN-0010538,CUST-002313,2023-10-19T05:07:00,insufficient_funds,51
FAIL-0002455,ATT-0012262,TXN-0010540,CUST-002314,2020-12-14T07:56:00,insufficient_funds,51
FAIL-0002456,ATT-0012263,TXN-0010540,CUST-002314,2020-12-16T07:56:00,insufficient_funds,51
FAIL-0002457,ATT-0012264,TXN-0010540,CUST-002314,2020-12-24T07:56:00,insufficient_funds,51
FAIL-0002458,ATT-0012265,TXN-0010541,CUST-002314,2021-03-25T07:07:00,expired_card,54
FAIL-0002459,ATT-0012266,TXN-0010541,CUST-002314,2021-03-26T07:07:00,expired_card,54
FAIL-0002460,ATT-0012271,TXN-0010546,CUST-002314,2021-11-27T07:01:00,insufficient_funds,51
FAIL-0002461,ATT-0012272,TXN-0010546,CUST-002314,2021-11-30T07:01:00,insufficient_funds,51
FAIL-0002462,ATT-0012273,TXN-0010546,CUST-002314,2021-12-10T07:01:00,insufficient_funds,51
FAIL-0002463,ATT-0012294,TXN-0010567,CUST-002320,2020-07-31T04:48:00,insufficient_funds,51
FAIL-0002464,ATT-0012305,TXN-0010577,CUST-002322,2020-11-07T14:13:00,payment_method_limit_exceeded,61
FAIL-0002465,ATT-0012306,TXN-0010577,CUST-002322,2020-11-08T14:13:00,payment_method_limit_exceeded,61
FAIL-0002466,ATT-0012307,TXN-0010577,CUST-002322,2020-11-12T14:13:00,payment_method_limit_exceeded,61
FAIL-0002467,ATT-0012323,TXN-0010593,CUST-002325,2023-12-29T14:02:00,temporary_network_error,91
FAIL-0002468,ATT-0012324,TXN-0010593,CUST-002325,2023-12-30T14:02:00,temporary_network_error,91
FAIL-0002469,ATT-0012325,TXN-0010593,CUST-002325,2024-01-08T14:02:00,temporary_network_error,91
FAIL-0002470,ATT-0012326,TXN-0010594,CUST-002325,2024-03-28T16:13:00,temporary_network_error,91
FAIL-0002471,ATT-0012327,TXN-0010594,CUST-002325,2024-03-31T16:13:00,temporary_network_error,91
FAIL-0002472,ATT-0012328,TXN-0010594,CUST-002325,2024-04-08T16:13:00,temporary_network_error,91
FAIL-0002473,ATT-0012339,TXN-0010605,CUST-002328,2021-03-17T06:35:00,bank_unavailable,96
FAIL-0002474,ATT-0012340,TXN-0010605,CUST-002328,2021-03-19T06:35:00,bank_unavailable,96
FAIL-0002475,ATT-0012341,TXN-0010605,CUST-002328,2021-03-25T06:35:00,bank_unavailable,96
FAIL-0002476,ATT-0012358,TXN-0010622,CUST-002332,2024-11-29T01:01:00,insufficient_funds,51
FAIL-0002477,ATT-0012359,TXN-0010622,CUST-002332,2024-12-02T01:01:00,insufficient_funds,51
FAIL-0002478,ATT-0012360,TXN-0010622,CUST-002332,2024-12-07T01:01:00,insufficient_funds,51
FAIL-0002479,ATT-0012362,TXN-0010624,CUST-002332,2025-03-31T22:53:00,insufficient_funds,51
FAIL-0002480,ATT-0012363,TXN-0010624,CUST-002332,2025-04-01T22:53:00,insufficient_funds,51
FAIL-0002481,ATT-0012364,TXN-0010624,CUST-002332,2025-04-10T22:53:00,insufficient_funds,51
FAIL-0002482,ATT-0012373,TXN-0010633,CUST-002335,2019-12-25T18:36:00,insufficient_funds,51
FAIL-0002483,ATT-0012374,TXN-0010633,CUST-002335,2019-12-26T18:36:00,insufficient_funds,51
FAIL-0002484,ATT-0012375,TXN-0010633,CUST-002335,2019-12-31T18:36:00,insufficient_funds,51
FAIL-0002485,ATT-0012379,TXN-0010637,CUST-002335,2020-12-14T16:57:00,insufficient_funds,51
FAIL-0002486,ATT-0012380,TXN-0010637,CUST-002335,2020-12-16T16:57:00,insufficient_funds,51
FAIL-0002487,ATT-0012381,TXN-0010637,CUST-002335,2020-12-19T16:57:00,insufficient_funds,51
FAIL-0002488,ATT-0012383,TXN-0010639,CUST-002336,2022-07-13T17:59:00,payment_method_limit_exceeded,61
FAIL-0002489,ATT-0012384,TXN-0010639,CUST-002336,2022-07-16T17:59:00,payment_method_limit_exceeded,61
FAIL-0002490,ATT-0012385,TXN-0010639,CUST-002336,2022-07-19T17:59:00,payment_method_limit_exceeded,61
FAIL-0002491,ATT-0012409,TXN-0010663,CUST-002342,2020-12-04T05:15:00,insufficient_funds,51
FAIL-0002492,ATT-0012410,TXN-0010663,CUST-002342,2020-12-05T05:15:00,insufficient_funds,51
FAIL-0002493,ATT-0012411,TXN-0010663,CUST-002342,2020-12-10T05:15:00,insufficient_funds,51
FAIL-0002494,ATT-0012412,TXN-0010664,CUST-002342,2021-02-09T05:45:00,temporary_network_error,91
FAIL-0002495,ATT-0012439,TXN-0010690,CUST-002347,2022-05-02T00:02:00,insufficient_funds,51
FAIL-0002496,ATT-0012440,TXN-0010690,CUST-002347,2022-05-03T00:02:00,insufficient_funds,51
FAIL-0002497,ATT-0012441,TXN-0010690,CUST-002347,2022-05-08T00:02:00,insufficient_funds,51
FAIL-0002498,ATT-0012454,TXN-0010703,CUST-002350,2024-04-24T14:33:00,expired_card,54
FAIL-0002499,ATT-0012455,TXN-0010703,CUST-002350,2024-04-26T14:33:00,expired_card,54
FAIL-0002500,ATT-0012461,TXN-0010708,CUST-002351,2023-12-24T06:40:00,bank_unavailable,96
FAIL-0002501,ATT-0012462,TXN-0010708,CUST-002351,2023-12-26T06:40:00,bank_unavailable,96
FAIL-0002502,ATT-0012463,TXN-0010708,CUST-002351,2023-12-31T06:40:00,bank_unavailable,96
FAIL-0002503,ATT-0012468,TXN-0010713,CUST-002352,2020-04-06T17:12:00,invalid_payment_method,14
FAIL-0002504,ATT-0012469,TXN-0010713,CUST-002352,2020-04-09T17:12:00,invalid_payment_method,14
FAIL-0002505,ATT-0012482,TXN-0010726,CUST-002355,2020-01-14T21:10:00,expired_card,54
FAIL-0002506,ATT-0012483,TXN-0010726,CUST-002355,2020-01-16T21:10:00,expired_card,54
FAIL-0002507,ATT-0012486,TXN-0010729,CUST-002355,2020-08-04T21:19:00,insufficient_funds,51
FAIL-0002508,ATT-0012487,TXN-0010729,CUST-002355,2020-08-05T21:19:00,insufficient_funds,51
FAIL-0002509,ATT-0012489,TXN-0010730,CUST-002355,2020-09-25T21:23:00,expired_card,54
FAIL-0002510,ATT-0012490,TXN-0010730,CUST-002355,2020-09-28T21:23:00,expired_card,54
FAIL-0002511,ATT-0012492,TXN-0010731,CUST-002356,2023-08-11T04:11:00,temporary_network_error,91
FAIL-0002512,ATT-0012509,TXN-0010747,CUST-002359,2020-07-27T10:52:00,temporary_network_error,91
FAIL-0002513,ATT-0012519,TXN-0010756,CUST-002362,2020-03-26T02:46:00,insufficient_funds,51
FAIL-0002514,ATT-0012523,TXN-0010759,CUST-002362,2020-11-04T04:30:00,insufficient_funds,51
FAIL-0002515,ATT-0012542,TXN-0010777,CUST-002365,2024-06-13T20:00:00,risk_review_hold,57
FAIL-0002516,ATT-0012546,TXN-0010781,CUST-002367,2021-09-14T14:02:00,temporary_network_error,91
FAIL-0002517,ATT-0012547,TXN-0010781,CUST-002367,2021-09-16T14:02:00,temporary_network_error,91
FAIL-0002518,ATT-0012548,TXN-0010781,CUST-002367,2021-09-21T14:02:00,temporary_network_error,91
FAIL-0002519,ATT-0012554,TXN-0010786,CUST-002369,2023-05-13T08:40:00,insufficient_funds,51
FAIL-0002520,ATT-0012555,TXN-0010786,CUST-002369,2023-05-15T08:40:00,insufficient_funds,51
FAIL-0002521,ATT-0012561,TXN-0010791,CUST-002369,2024-03-21T08:42:00,insufficient_funds,51
FAIL-0002522,ATT-0012562,TXN-0010791,CUST-002369,2024-03-24T08:42:00,insufficient_funds,51
FAIL-0002523,ATT-0012563,TXN-0010791,CUST-002369,2024-03-31T08:42:00,insufficient_funds,51
FAIL-0002524,ATT-0012588,TXN-0010816,CUST-002374,2021-05-24T23:04:00,insufficient_funds,51
FAIL-0002525,ATT-0012589,TXN-0010816,CUST-002374,2021-05-27T23:04:00,insufficient_funds,51
FAIL-0002526,ATT-0012590,TXN-0010816,CUST-002374,2021-06-02T23:04:00,insufficient_funds,51
FAIL-0002527,ATT-0012592,TXN-0010818,CUST-002375,2022-06-05T21:15:00,expired_card,54
FAIL-0002528,ATT-0012593,TXN-0010818,CUST-002375,2022-06-08T21:15:00,expired_card,54
FAIL-0002529,ATT-0012633,TXN-0010858,CUST-002384,2021-05-09T09:44:00,bank_unavailable,96
FAIL-0002530,ATT-0012644,TXN-0010868,CUST-002385,2019-10-09T04:56:00,payment_method_limit_exceeded,61
FAIL-0002531,ATT-0012645,TXN-0010868,CUST-002385,2019-10-11T04:56:00,payment_method_limit_exceeded,61
FAIL-0002532,ATT-0012646,TXN-0010868,CUST-002385,2019-10-19T04:56:00,payment_method_limit_exceeded,61
FAIL-0002533,ATT-0012649,TXN-0010871,CUST-002385,2020-02-28T03:40:00,expired_card,54
FAIL-0002534,ATT-0012650,TXN-0010871,CUST-002385,2020-03-02T03:40:00,expired_card,54
FAIL-0002535,ATT-0012657,TXN-0010877,CUST-002387,2023-03-10T08:45:00,temporary_network_error,91
FAIL-0002536,ATT-0012658,TXN-0010877,CUST-002387,2023-03-13T08:45:00,temporary_network_error,91
FAIL-0002537,ATT-0012659,TXN-0010877,CUST-002387,2023-03-19T08:45:00,temporary_network_error,91
FAIL-0002538,ATT-0012661,TXN-0010879,CUST-002387,2023-08-04T07:05:00,insufficient_funds,51
FAIL-0002539,ATT-0012662,TXN-0010879,CUST-002387,2023-08-06T07:05:00,insufficient_funds,51
FAIL-0002540,ATT-0012676,TXN-0010892,CUST-002390,2023-01-23T04:40:00,expired_card,54
FAIL-0002541,ATT-0012677,TXN-0010892,CUST-002390,2023-01-25T04:40:00,expired_card,54
FAIL-0002542,ATT-0012687,TXN-0010902,CUST-002393,2021-10-23T05:49:00,insufficient_funds,51
FAIL-0002543,ATT-0012693,TXN-0010907,CUST-002394,2024-06-25T21:05:00,insufficient_funds,51
FAIL-0002544,ATT-0012699,TXN-0010912,CUST-002395,2021-08-18T14:27:00,expired_card,54
FAIL-0002545,ATT-0012700,TXN-0010912,CUST-002395,2021-08-20T14:27:00,expired_card,54
FAIL-0002546,ATT-0012704,TXN-0010916,CUST-002396,2023-04-08T12:23:00,insufficient_funds,51
FAIL-0002547,ATT-0012705,TXN-0010916,CUST-002396,2023-04-11T12:23:00,insufficient_funds,51
FAIL-0002548,ATT-0012706,TXN-0010916,CUST-002396,2023-04-18T12:23:00,insufficient_funds,51
FAIL-0002549,ATT-0012747,TXN-0010957,CUST-002406,2024-07-31T12:16:00,bank_unavailable,96
FAIL-0002550,ATT-0012748,TXN-0010957,CUST-002406,2024-08-02T12:16:00,bank_unavailable,96
FAIL-0002551,ATT-0012751,TXN-0010959,CUST-002407,2021-09-21T01:17:00,insufficient_funds,51
FAIL-0002552,ATT-0012752,TXN-0010959,CUST-002407,2021-09-24T01:17:00,insufficient_funds,51
FAIL-0002553,ATT-0012753,TXN-0010959,CUST-002407,2021-10-03T01:17:00,insufficient_funds,51
FAIL-0002554,ATT-0012756,TXN-0010962,CUST-002407,2022-06-23T01:01:00,expired_card,54
FAIL-0002555,ATT-0012757,TXN-0010962,CUST-002407,2022-06-24T01:01:00,expired_card,54
FAIL-0002556,ATT-0012758,TXN-0010963,CUST-002408,2024-02-28T18:23:00,temporary_network_error,91
FAIL-0002557,ATT-0012775,TXN-0010979,CUST-002411,2019-06-19T11:44:00,insufficient_funds,51
FAIL-0002558,ATT-0012776,TXN-0010979,CUST-002411,2019-06-21T11:44:00,insufficient_funds,51
FAIL-0002559,ATT-0012777,TXN-0010979,CUST-002411,2019-06-27T11:44:00,insufficient_funds,51
FAIL-0002560,ATT-0012783,TXN-0010985,CUST-002412,2024-08-19T20:50:00,temporary_network_error,91
FAIL-0002561,ATT-0012784,TXN-0010985,CUST-002412,2024-08-22T20:50:00,temporary_network_error,91
FAIL-0002562,ATT-0012785,TXN-0010985,CUST-002412,2024-08-31T20:50:00,temporary_network_error,91
FAIL-0002563,ATT-0012793,TXN-0010993,CUST-002414,2019-12-04T12:11:00,temporary_network_error,91
FAIL-0002564,ATT-0012794,TXN-0010993,CUST-002414,2019-12-05T12:11:00,temporary_network_error,91
FAIL-0002565,ATT-0012801,TXN-0010999,CUST-002415,2020-11-08T20:49:00,insufficient_funds,51
FAIL-0002566,ATT-0012802,TXN-0010999,CUST-002415,2020-11-09T20:49:00,insufficient_funds,51
FAIL-0002567,ATT-0012803,TXN-0010999,CUST-002415,2020-11-19T20:49:00,insufficient_funds,51
FAIL-0002568,ATT-0012873,TXN-0011069,CUST-002430,2022-07-17T18:49:00,payment_method_limit_exceeded,61
FAIL-0002569,ATT-0012918,TXN-0011113,CUST-002439,2020-06-06T19:09:00,insufficient_funds,51
FAIL-0002570,ATT-0012919,TXN-0011113,CUST-002439,2020-06-09T19:09:00,insufficient_funds,51
FAIL-0002571,ATT-0012920,TXN-0011113,CUST-002439,2020-06-12T19:09:00,insufficient_funds,51
FAIL-0002572,ATT-0012927,TXN-0011120,CUST-002440,2024-11-26T10:03:00,invalid_payment_method,14
FAIL-0002573,ATT-0012928,TXN-0011120,CUST-002440,2024-11-28T10:03:00,invalid_payment_method,14
FAIL-0002574,ATT-0012933,TXN-0011125,CUST-002441,2020-10-28T20:10:00,expired_card,54
FAIL-0002575,ATT-0012934,TXN-0011125,CUST-002441,2020-10-29T20:10:00,expired_card,54
FAIL-0002576,ATT-0012952,TXN-0011143,CUST-002445,2020-05-31T17:53:00,insufficient_funds,51
FAIL-0002577,ATT-0012954,TXN-0011144,CUST-002445,2020-07-20T16:42:00,expired_card,54
FAIL-0002578,ATT-0012955,TXN-0011144,CUST-002445,2020-07-23T16:42:00,expired_card,54
FAIL-0002579,ATT-0012967,TXN-0011156,CUST-002448,2020-07-28T22:19:00,expired_card,54
FAIL-0002580,ATT-0012968,TXN-0011156,CUST-002448,2020-07-30T22:19:00,expired_card,54
FAIL-0002581,ATT-0012973,TXN-0011161,CUST-002448,2021-04-09T22:45:00,insufficient_funds,51
FAIL-0002582,ATT-0012974,TXN-0011161,CUST-002448,2021-04-11T22:45:00,insufficient_funds,51
FAIL-0002583,ATT-0012975,TXN-0011161,CUST-002448,2021-04-20T22:45:00,insufficient_funds,51
FAIL-0002584,ATT-0012979,TXN-0011165,CUST-002450,2019-08-15T23:14:00,insufficient_funds,51
FAIL-0002585,ATT-0012981,TXN-0011166,CUST-002450,2019-09-23T23:31:00,payment_method_limit_exceeded,61
FAIL-0002586,ATT-0012982,TXN-0011166,CUST-002450,2019-09-25T23:31:00,payment_method_limit_exceeded,61
FAIL-0002587,ATT-0012983,TXN-0011166,CUST-002450,2019-09-30T23:31:00,payment_method_limit_exceeded,61
FAIL-0002588,ATT-0012984,TXN-0011167,CUST-002450,2019-11-17T21:24:00,bank_unavailable,96
FAIL-0002589,ATT-0012985,TXN-0011167,CUST-002450,2019-11-20T21:24:00,bank_unavailable,96
FAIL-0002590,ATT-0012986,TXN-0011167,CUST-002450,2019-11-29T21:24:00,bank_unavailable,96
FAIL-0002591,ATT-0012994,TXN-0011175,CUST-002452,2023-11-10T09:27:00,temporary_network_error,91
FAIL-0002592,ATT-0012995,TXN-0011175,CUST-002452,2023-11-11T09:27:00,temporary_network_error,91
FAIL-0002593,ATT-0013008,TXN-0011187,CUST-002455,2019-04-18T05:46:00,bank_unavailable,96
FAIL-0002594,ATT-0013015,TXN-0011193,CUST-002456,2023-08-14T14:52:00,insufficient_funds,51
FAIL-0002595,ATT-0013053,TXN-0011230,CUST-002465,2022-03-16T07:02:00,insufficient_funds,51
FAIL-0002596,ATT-0013054,TXN-0011230,CUST-002465,2022-03-19T07:02:00,insufficient_funds,51
FAIL-0002597,ATT-0013055,TXN-0011230,CUST-002465,2022-03-27T07:02:00,insufficient_funds,51
FAIL-0002598,ATT-0013069,TXN-0011244,CUST-002468,2021-02-21T00:55:00,insufficient_funds,51
FAIL-0002599,ATT-0013074,TXN-0011248,CUST-002469,2021-04-28T02:37:00,expired_card,54
FAIL-0002600,ATT-0013075,TXN-0011248,CUST-002469,2021-04-30T02:37:00,expired_card,54
FAIL-0002601,ATT-0013088,TXN-0011261,CUST-002472,2019-03-21T11:32:00,temporary_network_error,91
FAIL-0002602,ATT-0013089,TXN-0011261,CUST-002472,2019-03-22T11:32:00,temporary_network_error,91
FAIL-0002603,ATT-0013104,TXN-0011275,CUST-002474,2020-02-21T17:08:00,temporary_network_error,91
FAIL-0002604,ATT-0013105,TXN-0011275,CUST-002474,2020-02-23T17:08:00,temporary_network_error,91
FAIL-0002605,ATT-0013106,TXN-0011275,CUST-002474,2020-02-27T17:08:00,temporary_network_error,91
FAIL-0002606,ATT-0013112,TXN-0011281,CUST-002476,2024-03-05T21:43:00,insufficient_funds,51
FAIL-0002607,ATT-0013113,TXN-0011281,CUST-002476,2024-03-08T21:43:00,insufficient_funds,51
FAIL-0002608,ATT-0013115,TXN-0011282,CUST-002476,2024-07-01T21:56:00,insufficient_funds,51
FAIL-0002609,ATT-0013116,TXN-0011282,CUST-002476,2024-07-04T21:56:00,insufficient_funds,51
FAIL-0002610,ATT-0013117,TXN-0011282,CUST-002476,2024-07-10T21:56:00,insufficient_funds,51
FAIL-0002611,ATT-0013121,TXN-0011286,CUST-002477,2020-05-19T02:08:00,insufficient_funds,51
FAIL-0002612,ATT-0013127,TXN-0011291,CUST-002477,2021-01-29T02:01:00,temporary_network_error,91
FAIL-0002613,ATT-0013130,TXN-0011293,CUST-002478,2021-01-06T03:40:00,insufficient_funds,51
FAIL-0002614,ATT-0013131,TXN-0011293,CUST-002478,2021-01-09T03:40:00,insufficient_funds,51
FAIL-0002615,ATT-0013132,TXN-0011293,CUST-002478,2021-01-12T03:40:00,insufficient_funds,51
FAIL-0002616,ATT-0013138,TXN-0011299,CUST-002480,2022-07-06T10:15:00,insufficient_funds,51
FAIL-0002617,ATT-0013139,TXN-0011299,CUST-002480,2022-07-09T10:15:00,insufficient_funds,51
FAIL-0002618,ATT-0013140,TXN-0011299,CUST-002480,2022-07-13T10:15:00,insufficient_funds,51
FAIL-0002619,ATT-0013141,TXN-0011300,CUST-002480,2022-09-18T09:08:00,insufficient_funds,51
FAIL-0002620,ATT-0013142,TXN-0011300,CUST-002480,2022-09-21T09:08:00,insufficient_funds,51
FAIL-0002621,ATT-0013143,TXN-0011300,CUST-002480,2022-09-28T09:08:00,insufficient_funds,51
FAIL-0002622,ATT-0013163,TXN-0011320,CUST-002483,2021-11-27T08:23:00,insufficient_funds,51
FAIL-0002623,ATT-0013164,TXN-0011320,CUST-002483,2021-11-29T08:23:00,insufficient_funds,51
FAIL-0002624,ATT-0013165,TXN-0011320,CUST-002483,2021-12-07T08:23:00,insufficient_funds,51
FAIL-0002625,ATT-0013175,TXN-0011330,CUST-002485,2023-05-24T05:27:00,temporary_network_error,91
FAIL-0002626,ATT-0013176,TXN-0011330,CUST-002485,2023-05-26T05:27:00,temporary_network_error,91
FAIL-0002627,ATT-0013177,TXN-0011330,CUST-002485,2023-06-04T05:27:00,temporary_network_error,91
FAIL-0002628,ATT-0013182,TXN-0011335,CUST-002486,2024-10-21T20:07:00,insufficient_funds,51
FAIL-0002629,ATT-0013194,TXN-0011346,CUST-002490,2020-06-17T10:16:00,temporary_network_error,91
FAIL-0002630,ATT-0013195,TXN-0011346,CUST-002490,2020-06-18T10:16:00,temporary_network_error,91
FAIL-0002631,ATT-0013196,TXN-0011346,CUST-002490,2020-06-27T10:16:00,temporary_network_error,91
FAIL-0002632,ATT-0013201,TXN-0011351,CUST-002490,2021-02-18T10:19:00,insufficient_funds,51
FAIL-0002633,ATT-0013202,TXN-0011351,CUST-002490,2021-02-20T10:19:00,insufficient_funds,51
FAIL-0002634,ATT-0013203,TXN-0011351,CUST-002490,2021-02-23T10:19:00,insufficient_funds,51
FAIL-0002635,ATT-0013204,TXN-0011352,CUST-002490,2021-06-04T09:48:00,insufficient_funds,51
FAIL-0002636,ATT-0013205,TXN-0011352,CUST-002490,2021-06-05T09:48:00,insufficient_funds,51
FAIL-0002637,ATT-0013206,TXN-0011352,CUST-002490,2021-06-14T09:48:00,insufficient_funds,51
FAIL-0002638,ATT-0013220,TXN-0011366,CUST-002494,2019-07-28T00:28:00,temporary_network_error,91
FAIL-0002639,ATT-0013223,TXN-0011368,CUST-002495,2024-08-16T19:51:00,expired_card,54
FAIL-0002640,ATT-0013224,TXN-0011368,CUST-002495,2024-08-18T19:51:00,expired_card,54
FAIL-0002641,ATT-0013238,TXN-0011382,CUST-002498,2019-07-25T22:22:00,bank_unavailable,96
FAIL-0002642,ATT-0013239,TXN-0011382,CUST-002498,2019-07-27T22:22:00,bank_unavailable,96
FAIL-0002643,ATT-0013269,TXN-0011411,CUST-002504,2021-08-16T15:08:00,insufficient_funds,51
FAIL-0002644,ATT-0013278,TXN-0011419,CUST-002506,2022-04-22T02:57:00,insufficient_funds,51
FAIL-0002645,ATT-0013279,TXN-0011419,CUST-002506,2022-04-23T02:57:00,insufficient_funds,51
FAIL-0002646,ATT-0013280,TXN-0011419,CUST-002506,2022-04-28T02:57:00,insufficient_funds,51
FAIL-0002647,ATT-0013287,TXN-0011426,CUST-002507,2024-06-16T11:04:00,bank_unavailable,96
FAIL-0002648,ATT-0013304,TXN-0011442,CUST-002510,2024-01-18T23:57:00,expired_card,54
FAIL-0002649,ATT-0013305,TXN-0011442,CUST-002510,2024-01-21T23:57:00,expired_card,54
FAIL-0002650,ATT-0013325,TXN-0011461,CUST-002514,2021-08-30T20:53:00,insufficient_funds,51
FAIL-0002651,ATT-0013326,TXN-0011461,CUST-002514,2021-09-02T20:53:00,insufficient_funds,51
FAIL-0002652,ATT-0013327,TXN-0011461,CUST-002514,2021-09-09T20:53:00,insufficient_funds,51
FAIL-0002653,ATT-0013335,TXN-0011469,CUST-002516,2023-05-09T01:56:00,temporary_network_error,91
FAIL-0002654,ATT-0013336,TXN-0011469,CUST-002516,2023-05-12T01:56:00,temporary_network_error,91
FAIL-0002655,ATT-0013337,TXN-0011469,CUST-002516,2023-05-18T01:56:00,temporary_network_error,91
FAIL-0002656,ATT-0013345,TXN-0011477,CUST-002518,2024-08-06T02:34:00,temporary_network_error,91
FAIL-0002657,ATT-0013360,TXN-0011491,CUST-002521,2021-07-19T15:25:00,temporary_network_error,91
FAIL-0002658,ATT-0013364,TXN-0011494,CUST-002522,2022-05-31T20:17:00,insufficient_funds,51
FAIL-0002659,ATT-0013365,TXN-0011494,CUST-002522,2022-06-03T20:17:00,insufficient_funds,51
FAIL-0002660,ATT-0013366,TXN-0011494,CUST-002522,2022-06-06T20:17:00,insufficient_funds,51
FAIL-0002661,ATT-0013376,TXN-0011504,CUST-002524,2020-11-04T15:02:00,insufficient_funds,51
FAIL-0002662,ATT-0013377,TXN-0011504,CUST-002524,2020-11-05T15:02:00,insufficient_funds,51
FAIL-0002663,ATT-0013378,TXN-0011504,CUST-002524,2020-11-12T15:02:00,insufficient_funds,51
FAIL-0002664,ATT-0013381,TXN-0011506,CUST-002524,2021-03-22T16:26:00,payment_method_limit_exceeded,61
FAIL-0002665,ATT-0013382,TXN-0011506,CUST-002524,2021-03-23T16:26:00,payment_method_limit_exceeded,61
FAIL-0002666,ATT-0013383,TXN-0011506,CUST-002524,2021-03-30T16:26:00,payment_method_limit_exceeded,61
FAIL-0002667,ATT-0013384,TXN-0011507,CUST-002524,2021-06-12T16:09:00,insufficient_funds,51
FAIL-0002668,ATT-0013385,TXN-0011507,CUST-002524,2021-06-14T16:09:00,insufficient_funds,51
FAIL-0002669,ATT-0013386,TXN-0011507,CUST-002524,2021-06-20T16:09:00,insufficient_funds,51
FAIL-0002670,ATT-0013400,TXN-0011521,CUST-002526,2024-01-02T23:49:00,insufficient_funds,51
FAIL-0002671,ATT-0013401,TXN-0011521,CUST-002526,2024-01-03T23:49:00,insufficient_funds,51
FAIL-0002672,ATT-0013402,TXN-0011521,CUST-002526,2024-01-08T23:49:00,insufficient_funds,51
FAIL-0002673,ATT-0013409,TXN-0011528,CUST-002529,2023-04-12T16:36:00,temporary_network_error,91
FAIL-0002674,ATT-0013410,TXN-0011528,CUST-002529,2023-04-15T16:36:00,temporary_network_error,91
FAIL-0002675,ATT-0013411,TXN-0011528,CUST-002529,2023-04-23T16:36:00,temporary_network_error,91
FAIL-0002676,ATT-0013432,TXN-0011549,CUST-002533,2020-01-30T23:41:00,insufficient_funds,51
FAIL-0002677,ATT-0013433,TXN-0011549,CUST-002533,2020-02-02T23:41:00,insufficient_funds,51
FAIL-0002678,ATT-0013434,TXN-0011549,CUST-002533,2020-02-07T23:41:00,insufficient_funds,51
FAIL-0002679,ATT-0013435,TXN-0011550,CUST-002533,2020-03-01T23:08:00,insufficient_funds,51
FAIL-0002680,ATT-0013436,TXN-0011550,CUST-002533,2020-03-03T23:08:00,insufficient_funds,51
FAIL-0002681,ATT-0013437,TXN-0011550,CUST-002533,2020-03-09T23:08:00,insufficient_funds,51
FAIL-0002682,ATT-0013440,TXN-0011553,CUST-002533,2020-11-19T23:47:00,insufficient_funds,51
FAIL-0002683,ATT-0013441,TXN-0011553,CUST-002533,2020-11-21T23:47:00,insufficient_funds,51
FAIL-0002684,ATT-0013442,TXN-0011553,CUST-002533,2020-12-01T23:47:00,insufficient_funds,51
FAIL-0002685,ATT-0013443,TXN-0011554,CUST-002533,2021-02-10T00:07:00,insufficient_funds,51
FAIL-0002686,ATT-0013444,TXN-0011554,CUST-002533,2021-02-12T00:07:00,insufficient_funds,51
FAIL-0002687,ATT-0013445,TXN-0011554,CUST-002533,2021-02-16T00:07:00,insufficient_funds,51
FAIL-0002688,ATT-0013458,TXN-0011567,CUST-002537,2020-11-10T12:04:00,insufficient_funds,51
FAIL-0002689,ATT-0013459,TXN-0011567,CUST-002537,2020-11-12T12:04:00,insufficient_funds,51
FAIL-0002690,ATT-0013460,TXN-0011567,CUST-002537,2020-11-22T12:04:00,insufficient_funds,51
FAIL-0002691,ATT-0013479,TXN-0011586,CUST-002541,2021-12-18T02:08:00,insufficient_funds,51
FAIL-0002692,ATT-0013483,TXN-0011589,CUST-002541,2022-08-30T01:37:00,insufficient_funds,51
FAIL-0002693,ATT-0013484,TXN-0011589,CUST-002541,2022-09-01T01:37:00,insufficient_funds,51
FAIL-0002694,ATT-0013485,TXN-0011589,CUST-002541,2022-09-11T01:37:00,insufficient_funds,51
FAIL-0002695,ATT-0013496,TXN-0011600,CUST-002543,2020-09-04T13:39:00,insufficient_funds,51
FAIL-0002696,ATT-0013509,TXN-0011612,CUST-002546,2019-06-24T03:36:00,payment_method_limit_exceeded,61
FAIL-0002697,ATT-0013510,TXN-0011612,CUST-002546,2019-06-27T03:36:00,payment_method_limit_exceeded,61
FAIL-0002698,ATT-0013528,TXN-0011629,CUST-002550,2021-06-08T02:20:00,expired_card,54
FAIL-0002699,ATT-0013529,TXN-0011629,CUST-002550,2021-06-11T02:20:00,expired_card,54
FAIL-0002700,ATT-0013536,TXN-0011636,CUST-002552,2022-03-28T04:37:00,expired_card,54
FAIL-0002701,ATT-0013537,TXN-0011636,CUST-002552,2022-03-30T04:37:00,expired_card,54
FAIL-0002702,ATT-0013554,TXN-0011653,CUST-002554,2024-09-27T04:52:00,temporary_network_error,91
FAIL-0002703,ATT-0013559,TXN-0011657,CUST-002556,2020-08-03T01:53:00,invalid_payment_method,14
FAIL-0002704,ATT-0013560,TXN-0011657,CUST-002556,2020-08-04T01:53:00,invalid_payment_method,14
FAIL-0002705,ATT-0013565,TXN-0011662,CUST-002556,2021-05-07T00:40:00,insufficient_funds,51
FAIL-0002706,ATT-0013566,TXN-0011662,CUST-002556,2021-05-10T00:40:00,insufficient_funds,51
FAIL-0002707,ATT-0013567,TXN-0011662,CUST-002556,2021-05-18T00:40:00,insufficient_funds,51
FAIL-0002708,ATT-0013575,TXN-0011670,CUST-002558,2024-10-24T21:44:00,invalid_payment_method,14
FAIL-0002709,ATT-0013576,TXN-0011670,CUST-002558,2024-10-26T21:44:00,invalid_payment_method,14
FAIL-0002710,ATT-0013589,TXN-0011683,CUST-002562,2020-08-05T04:06:00,insufficient_funds,51
FAIL-0002711,ATT-0013590,TXN-0011683,CUST-002562,2020-08-06T04:06:00,insufficient_funds,51
FAIL-0002712,ATT-0013591,TXN-0011683,CUST-002562,2020-08-13T04:06:00,insufficient_funds,51
FAIL-0002713,ATT-0013594,TXN-0011685,CUST-002562,2020-12-10T01:29:00,bank_unavailable,96
FAIL-0002714,ATT-0013595,TXN-0011685,CUST-002562,2020-12-12T01:29:00,bank_unavailable,96
FAIL-0002715,ATT-0013596,TXN-0011685,CUST-002562,2020-12-21T01:29:00,bank_unavailable,96
FAIL-0002716,ATT-0013610,TXN-0011699,CUST-002564,2022-03-03T00:33:00,insufficient_funds,51
FAIL-0002717,ATT-0013611,TXN-0011699,CUST-002564,2022-03-05T00:33:00,insufficient_funds,51
FAIL-0002718,ATT-0013612,TXN-0011699,CUST-002564,2022-03-10T00:33:00,insufficient_funds,51
FAIL-0002719,ATT-0013613,TXN-0011700,CUST-002564,2022-06-05T02:38:00,insufficient_funds,51
FAIL-0002720,ATT-0013627,TXN-0011713,CUST-002567,2024-03-15T12:23:00,payment_method_limit_exceeded,61
FAIL-0002721,ATT-0013628,TXN-0011713,CUST-002567,2024-03-18T12:23:00,payment_method_limit_exceeded,61
FAIL-0002722,ATT-0013629,TXN-0011713,CUST-002567,2024-03-28T12:23:00,payment_method_limit_exceeded,61
FAIL-0002723,ATT-0013636,TXN-0011720,CUST-002568,2022-04-12T11:30:00,payment_method_limit_exceeded,61
FAIL-0002724,ATT-0013641,TXN-0011724,CUST-002569,2022-01-02T19:35:00,payment_method_limit_exceeded,61
FAIL-0002725,ATT-0013643,TXN-0011725,CUST-002569,2022-02-04T20:51:00,insufficient_funds,51
FAIL-0002726,ATT-0013656,TXN-0011737,CUST-002571,2023-07-06T18:23:00,bank_unavailable,96
FAIL-0002727,ATT-0013659,TXN-0011739,CUST-002571,2023-10-27T18:16:00,payment_method_limit_exceeded,61
FAIL-0002728,ATT-0013660,TXN-0011739,CUST-002571,2023-10-28T18:16:00,payment_method_limit_exceeded,61
FAIL-0002729,ATT-0013668,TXN-0011746,CUST-002572,2022-01-27T05:07:00,insufficient_funds,51
FAIL-0002730,ATT-0013669,TXN-0011746,CUST-002572,2022-01-29T05:07:00,insufficient_funds,51
FAIL-0002731,ATT-0013670,TXN-0011746,CUST-002572,2022-02-01T05:07:00,insufficient_funds,51
FAIL-0002732,ATT-0013681,TXN-0011757,CUST-002575,2022-05-21T17:47:00,invalid_payment_method,14
FAIL-0002733,ATT-0013682,TXN-0011757,CUST-002575,2022-05-24T17:47:00,invalid_payment_method,14
FAIL-0002734,ATT-0013699,TXN-0011774,CUST-002577,2020-12-18T03:35:00,bank_unavailable,96
FAIL-0002735,ATT-0013700,TXN-0011774,CUST-002577,2020-12-20T03:35:00,bank_unavailable,96
FAIL-0002736,ATT-0013701,TXN-0011774,CUST-002577,2020-12-25T03:35:00,bank_unavailable,96
FAIL-0002737,ATT-0013706,TXN-0011779,CUST-002578,2020-06-06T23:17:00,bank_unavailable,96
FAIL-0002738,ATT-0013707,TXN-0011779,CUST-002578,2020-06-07T23:17:00,bank_unavailable,96
FAIL-0002739,ATT-0013713,TXN-0011784,CUST-002579,2021-02-04T20:22:00,bank_unavailable,96
FAIL-0002740,ATT-0013716,TXN-0011786,CUST-002579,2021-07-12T20:26:00,insufficient_funds,51
FAIL-0002741,ATT-0013728,TXN-0011797,CUST-002582,2021-03-05T17:06:00,insufficient_funds,51
FAIL-0002742,ATT-0013729,TXN-0011797,CUST-002582,2021-03-06T17:06:00,insufficient_funds,51
FAIL-0002743,ATT-0013730,TXN-0011797,CUST-002582,2021-03-13T17:06:00,insufficient_funds,51
FAIL-0002744,ATT-0013738,TXN-0011805,CUST-002584,2020-09-24T23:42:00,expired_card,54
FAIL-0002745,ATT-0013739,TXN-0011805,CUST-002584,2020-09-27T23:42:00,expired_card,54
FAIL-0002746,ATT-0013741,TXN-0011807,CUST-002585,2023-03-14T19:23:00,expired_card,54
FAIL-0002747,ATT-0013742,TXN-0011807,CUST-002585,2023-03-17T19:23:00,expired_card,54
FAIL-0002748,ATT-0013779,TXN-0011844,CUST-002593,2020-08-17T20:02:00,temporary_network_error,91
FAIL-0002749,ATT-0013780,TXN-0011844,CUST-002593,2020-08-18T20:02:00,temporary_network_error,91
FAIL-0002750,ATT-0013781,TXN-0011844,CUST-002593,2020-08-25T20:02:00,temporary_network_error,91
FAIL-0002751,ATT-0013783,TXN-0011846,CUST-002593,2020-12-31T21:02:00,risk_review_hold,57
FAIL-0002752,ATT-0013784,TXN-0011847,CUST-002594,2024-04-19T06:40:00,temporary_network_error,91
FAIL-0002753,ATT-0013793,TXN-0011855,CUST-002596,2024-06-30T01:42:00,expired_card,54
FAIL-0002754,ATT-0013794,TXN-0011855,CUST-002596,2024-07-01T01:42:00,expired_card,54
FAIL-0002755,ATT-0013795,TXN-0011856,CUST-002597,2020-04-05T21:15:00,insufficient_funds,51
FAIL-0002756,ATT-0013796,TXN-0011856,CUST-002597,2020-04-07T21:15:00,insufficient_funds,51
FAIL-0002757,ATT-0013799,TXN-0011858,CUST-002597,2020-10-11T20:32:00,invalid_payment_method,14
FAIL-0002758,ATT-0013800,TXN-0011858,CUST-002597,2020-10-13T20:32:00,invalid_payment_method,14
FAIL-0002759,ATT-0013810,TXN-0011867,CUST-002599,2020-03-11T21:11:00,expired_card,54
FAIL-0002760,ATT-0013811,TXN-0011867,CUST-002599,2020-03-13T21:11:00,expired_card,54
FAIL-0002761,ATT-0013818,TXN-0011874,CUST-002600,2021-05-12T03:44:00,payment_method_limit_exceeded,61
FAIL-0002762,ATT-0013819,TXN-0011874,CUST-002600,2021-05-13T03:44:00,payment_method_limit_exceeded,61
FAIL-0002763,ATT-0013820,TXN-0011874,CUST-002600,2021-05-16T03:44:00,payment_method_limit_exceeded,61
FAIL-0002764,ATT-0013824,TXN-0011878,CUST-002600,2022-04-14T02:51:00,payment_method_limit_exceeded,61
FAIL-0002765,ATT-0013825,TXN-0011878,CUST-002600,2022-04-15T02:51:00,payment_method_limit_exceeded,61
FAIL-0002766,ATT-0013829,TXN-0011881,CUST-002601,2023-07-04T23:31:00,insufficient_funds,51
FAIL-0002767,ATT-0013848,TXN-0011899,CUST-002605,2020-05-20T23:40:00,expired_card,54
FAIL-0002768,ATT-0013849,TXN-0011899,CUST-002605,2020-05-23T23:40:00,expired_card,54
FAIL-0002769,ATT-0013854,TXN-0011904,CUST-002606,2022-07-05T14:07:00,temporary_network_error,91
FAIL-0002770,ATT-0013863,TXN-0011912,CUST-002608,2024-08-16T22:04:00,bank_unavailable,96
FAIL-0002771,ATT-0013864,TXN-0011912,CUST-002608,2024-08-18T22:04:00,bank_unavailable,96
FAIL-0002772,ATT-0013865,TXN-0011912,CUST-002608,2024-08-25T22:04:00,bank_unavailable,96
FAIL-0002773,ATT-0013868,TXN-0011915,CUST-002610,2019-11-21T18:14:00,insufficient_funds,51
FAIL-0002774,ATT-0013869,TXN-0011915,CUST-002610,2019-11-24T18:14:00,insufficient_funds,51
FAIL-0002775,ATT-0013870,TXN-0011915,CUST-002610,2019-12-03T18:14:00,insufficient_funds,51
FAIL-0002776,ATT-0013878,TXN-0011923,CUST-002611,2023-04-26T19:14:00,insufficient_funds,51
FAIL-0002777,ATT-0013879,TXN-0011923,CUST-002611,2023-04-27T19:14:00,insufficient_funds,51
FAIL-0002778,ATT-0013880,TXN-0011923,CUST-002611,2023-05-01T19:14:00,insufficient_funds,51
FAIL-0002779,ATT-0013882,TXN-0011925,CUST-002612,2023-09-25T14:34:00,insufficient_funds,51
FAIL-0002780,ATT-0013898,TXN-0011940,CUST-002615,2020-01-25T12:51:00,invalid_payment_method,14
FAIL-0002781,ATT-0013899,TXN-0011940,CUST-002615,2020-01-28T12:51:00,invalid_payment_method,14
FAIL-0002782,ATT-0013901,TXN-0011942,CUST-002615,2020-06-07T12:54:00,insufficient_funds,51
FAIL-0002783,ATT-0013902,TXN-0011942,CUST-002615,2020-06-10T12:54:00,insufficient_funds,51
FAIL-0002784,ATT-0013903,TXN-0011942,CUST-002615,2020-06-13T12:54:00,insufficient_funds,51
FAIL-0002785,ATT-0013914,TXN-0011953,CUST-002617,2022-10-12T00:28:00,insufficient_funds,51
FAIL-0002786,ATT-0013915,TXN-0011953,CUST-002617,2022-10-14T00:28:00,insufficient_funds,51
FAIL-0002787,ATT-0013918,TXN-0011955,CUST-002617,2023-06-02T00:51:00,insufficient_funds,51
FAIL-0002788,ATT-0013919,TXN-0011955,CUST-002617,2023-06-05T00:51:00,insufficient_funds,51
FAIL-0002789,ATT-0013920,TXN-0011955,CUST-002617,2023-06-14T00:51:00,insufficient_funds,51
FAIL-0002790,ATT-0013933,TXN-0011968,CUST-002621,2024-08-01T07:52:00,payment_method_limit_exceeded,61
FAIL-0002791,ATT-0013934,TXN-0011968,CUST-002621,2024-08-04T07:52:00,payment_method_limit_exceeded,61
FAIL-0002792,ATT-0013935,TXN-0011968,CUST-002621,2024-08-12T07:52:00,payment_method_limit_exceeded,61
FAIL-0002793,ATT-0013951,TXN-0011984,CUST-002623,2021-03-18T19:21:00,expired_card,54
FAIL-0002794,ATT-0013952,TXN-0011984,CUST-002623,2021-03-19T19:21:00,expired_card,54
FAIL-0002795,ATT-0013956,TXN-0011988,CUST-002624,2024-08-22T18:38:00,insufficient_funds,51
FAIL-0002796,ATT-0013957,TXN-0011988,CUST-002624,2024-08-24T18:38:00,insufficient_funds,51
FAIL-0002797,ATT-0013958,TXN-0011988,CUST-002624,2024-09-02T18:38:00,insufficient_funds,51
FAIL-0002798,ATT-0013961,TXN-0011991,CUST-002625,2019-10-02T00:10:00,insufficient_funds,51
FAIL-0002799,ATT-0013962,TXN-0011991,CUST-002625,2019-10-03T00:10:00,insufficient_funds,51
FAIL-0002800,ATT-0013968,TXN-0011996,CUST-002626,2019-06-23T08:34:00,insufficient_funds,51
FAIL-0002801,ATT-0013969,TXN-0011996,CUST-002626,2019-06-24T08:34:00,insufficient_funds,51
FAIL-0002802,ATT-0013970,TXN-0011996,CUST-002626,2019-06-29T08:34:00,insufficient_funds,51
FAIL-0002803,ATT-0013972,TXN-0011997,CUST-002626,2019-08-25T06:55:00,bank_unavailable,96
FAIL-0002804,ATT-0013981,TXN-0012005,CUST-002627,2022-05-11T04:53:00,insufficient_funds,51
FAIL-0002805,ATT-0013989,TXN-0012012,CUST-002628,2023-03-24T13:56:00,invalid_payment_method,14
FAIL-0002806,ATT-0013990,TXN-0012012,CUST-002628,2023-03-26T13:56:00,invalid_payment_method,14
FAIL-0002807,ATT-0014000,TXN-0012022,CUST-002630,2020-09-01T09:26:00,temporary_network_error,91
FAIL-0002808,ATT-0014001,TXN-0012022,CUST-002630,2020-09-02T09:26:00,temporary_network_error,91
FAIL-0002809,ATT-0014002,TXN-0012022,CUST-002630,2020-09-12T09:26:00,temporary_network_error,91
FAIL-0002810,ATT-0014018,TXN-0012038,CUST-002633,2023-03-08T07:57:00,insufficient_funds,51
FAIL-0002811,ATT-0014019,TXN-0012038,CUST-002633,2023-03-11T07:57:00,insufficient_funds,51
FAIL-0002812,ATT-0014020,TXN-0012038,CUST-002633,2023-03-15T07:57:00,insufficient_funds,51
FAIL-0002813,ATT-0014023,TXN-0012041,CUST-002634,2019-06-06T03:22:00,payment_method_limit_exceeded,61
FAIL-0002814,ATT-0014024,TXN-0012041,CUST-002634,2019-06-09T03:22:00,payment_method_limit_exceeded,61
FAIL-0002815,ATT-0014042,TXN-0012058,CUST-002638,2023-04-19T05:04:00,insufficient_funds,51
FAIL-0002816,ATT-0014043,TXN-0012058,CUST-002638,2023-04-20T05:04:00,insufficient_funds,51
FAIL-0002817,ATT-0014044,TXN-0012058,CUST-002638,2023-04-26T05:04:00,insufficient_funds,51
FAIL-0002818,ATT-0014045,TXN-0012059,CUST-002638,2023-08-04T05:53:00,invalid_payment_method,14
FAIL-0002819,ATT-0014046,TXN-0012059,CUST-002638,2023-08-06T05:53:00,invalid_payment_method,14
FAIL-0002820,ATT-0014047,TXN-0012060,CUST-002638,2023-11-09T07:18:00,insufficient_funds,51
FAIL-0002821,ATT-0014048,TXN-0012060,CUST-002638,2023-11-12T07:18:00,insufficient_funds,51
FAIL-0002822,ATT-0014049,TXN-0012060,CUST-002638,2023-11-17T07:18:00,insufficient_funds,51
FAIL-0002823,ATT-0014050,TXN-0012061,CUST-002638,2024-02-05T05:21:00,payment_method_limit_exceeded,61
FAIL-0002824,ATT-0014051,TXN-0012061,CUST-002638,2024-02-08T05:21:00,payment_method_limit_exceeded,61
FAIL-0002825,ATT-0014052,TXN-0012061,CUST-002638,2024-02-18T05:21:00,payment_method_limit_exceeded,61
FAIL-0002826,ATT-0014054,TXN-0012063,CUST-002638,2024-08-07T05:33:00,risk_review_hold,57
FAIL-0002827,ATT-0014069,TXN-0012078,CUST-002642,2021-05-09T10:43:00,payment_method_limit_exceeded,61
FAIL-0002828,ATT-0014070,TXN-0012078,CUST-002642,2021-05-10T10:43:00,payment_method_limit_exceeded,61
FAIL-0002829,ATT-0014071,TXN-0012078,CUST-002642,2021-05-18T10:43:00,payment_method_limit_exceeded,61
FAIL-0002830,ATT-0014087,TXN-0012094,CUST-002644,2021-02-25T10:28:00,insufficient_funds,51
FAIL-0002831,ATT-0014088,TXN-0012094,CUST-002644,2021-02-26T10:28:00,insufficient_funds,51
FAIL-0002832,ATT-0014089,TXN-0012094,CUST-002644,2021-03-01T10:28:00,insufficient_funds,51
FAIL-0002833,ATT-0014094,TXN-0012099,CUST-002645,2024-06-22T08:12:00,invalid_payment_method,14
FAIL-0002834,ATT-0014095,TXN-0012099,CUST-002645,2024-06-24T08:12:00,invalid_payment_method,14
FAIL-0002835,ATT-0014099,TXN-0012103,CUST-002646,2021-03-30T13:31:00,insufficient_funds,51
FAIL-0002836,ATT-0014100,TXN-0012103,CUST-002646,2021-03-31T13:31:00,insufficient_funds,51
FAIL-0002837,ATT-0014101,TXN-0012103,CUST-002646,2021-04-06T13:31:00,insufficient_funds,51
FAIL-0002838,ATT-0014108,TXN-0012110,CUST-002647,2020-05-20T14:10:00,insufficient_funds,51
FAIL-0002839,ATT-0014109,TXN-0012110,CUST-002647,2020-05-21T14:10:00,insufficient_funds,51
FAIL-0002840,ATT-0014110,TXN-0012110,CUST-002647,2020-05-29T14:10:00,insufficient_funds,51
FAIL-0002841,ATT-0014113,TXN-0012112,CUST-002648,2020-09-03T13:39:00,temporary_network_error,91
FAIL-0002842,ATT-0014114,TXN-0012112,CUST-002648,2020-09-04T13:39:00,temporary_network_error,91
FAIL-0002843,ATT-0014115,TXN-0012112,CUST-002648,2020-09-08T13:39:00,temporary_network_error,91
FAIL-0002844,ATT-0014119,TXN-0012115,CUST-002648,2021-02-07T14:04:00,insufficient_funds,51
FAIL-0002845,ATT-0014120,TXN-0012115,CUST-002648,2021-02-08T14:04:00,insufficient_funds,51
FAIL-0002846,ATT-0014121,TXN-0012115,CUST-002648,2021-02-14T14:04:00,insufficient_funds,51
FAIL-0002847,ATT-0014127,TXN-0012121,CUST-002649,2022-05-15T09:38:00,invalid_payment_method,14
FAIL-0002848,ATT-0014128,TXN-0012121,CUST-002649,2022-05-17T09:38:00,invalid_payment_method,14
FAIL-0002849,ATT-0014129,TXN-0012122,CUST-002649,2022-06-04T09:29:00,temporary_network_error,91
FAIL-0002850,ATT-0014133,TXN-0012125,CUST-002650,2019-06-11T21:50:00,insufficient_funds,51
FAIL-0002851,ATT-0014137,TXN-0012128,CUST-002650,2020-01-24T22:27:00,payment_method_limit_exceeded,61
FAIL-0002852,ATT-0014138,TXN-0012128,CUST-002650,2020-01-27T22:27:00,payment_method_limit_exceeded,61
FAIL-0002853,ATT-0014139,TXN-0012128,CUST-002650,2020-02-01T22:27:00,payment_method_limit_exceeded,61
FAIL-0002854,ATT-0014143,TXN-0012132,CUST-002652,2021-12-23T00:21:00,insufficient_funds,51
FAIL-0002855,ATT-0014144,TXN-0012132,CUST-002652,2021-12-25T00:21:00,insufficient_funds,51
FAIL-0002856,ATT-0014145,TXN-0012132,CUST-002652,2022-01-01T00:21:00,insufficient_funds,51
FAIL-0002857,ATT-0014158,TXN-0012145,CUST-002654,2024-04-03T03:47:00,insufficient_funds,51
FAIL-0002858,ATT-0014159,TXN-0012145,CUST-002654,2024-04-06T03:47:00,insufficient_funds,51
FAIL-0002859,ATT-0014160,TXN-0012145,CUST-002654,2024-04-11T03:47:00,insufficient_funds,51
FAIL-0002860,ATT-0014164,TXN-0012149,CUST-002655,2020-01-06T16:36:00,expired_card,54
FAIL-0002861,ATT-0014165,TXN-0012149,CUST-002655,2020-01-07T16:36:00,expired_card,54
FAIL-0002862,ATT-0014182,TXN-0012165,CUST-002659,2021-08-18T07:55:00,invalid_payment_method,14
FAIL-0002863,ATT-0014183,TXN-0012165,CUST-002659,2021-08-20T07:55:00,invalid_payment_method,14
FAIL-0002864,ATT-0014204,TXN-0012186,CUST-002663,2021-07-26T01:22:00,insufficient_funds,51
FAIL-0002865,ATT-0014205,TXN-0012186,CUST-002663,2021-07-28T01:22:00,insufficient_funds,51
FAIL-0002866,ATT-0014206,TXN-0012186,CUST-002663,2021-08-02T01:22:00,insufficient_funds,51
FAIL-0002867,ATT-0014214,TXN-0012194,CUST-002665,2021-10-05T03:26:00,invalid_payment_method,14
FAIL-0002868,ATT-0014215,TXN-0012194,CUST-002665,2021-10-07T03:26:00,invalid_payment_method,14
FAIL-0002869,ATT-0014222,TXN-0012201,CUST-002666,2024-04-13T01:12:00,expired_card,54
FAIL-0002870,ATT-0014223,TXN-0012201,CUST-002666,2024-04-14T01:12:00,expired_card,54
FAIL-0002871,ATT-0014228,TXN-0012205,CUST-002667,2021-05-04T13:19:00,insufficient_funds,51
FAIL-0002872,ATT-0014229,TXN-0012205,CUST-002667,2021-05-06T13:19:00,insufficient_funds,51
FAIL-0002873,ATT-0014230,TXN-0012205,CUST-002667,2021-05-13T13:19:00,insufficient_funds,51
FAIL-0002874,ATT-0014239,TXN-0012214,CUST-002669,2021-06-22T09:05:00,insufficient_funds,51
FAIL-0002875,ATT-0014240,TXN-0012214,CUST-002669,2021-06-25T09:05:00,insufficient_funds,51
FAIL-0002876,ATT-0014241,TXN-0012214,CUST-002669,2021-07-05T09:05:00,insufficient_funds,51
FAIL-0002877,ATT-0014247,TXN-0012220,CUST-002669,2022-06-16T07:27:00,expired_card,54
FAIL-0002878,ATT-0014248,TXN-0012220,CUST-002669,2022-06-17T07:27:00,expired_card,54
FAIL-0002879,ATT-0014257,TXN-0012228,CUST-002673,2022-09-08T03:02:00,insufficient_funds,51
FAIL-0002880,ATT-0014258,TXN-0012228,CUST-002673,2022-09-11T03:02:00,insufficient_funds,51
FAIL-0002881,ATT-0014259,TXN-0012228,CUST-002673,2022-09-14T03:02:00,insufficient_funds,51
FAIL-0002882,ATT-0014262,TXN-0012231,CUST-002673,2023-03-11T04:31:00,insufficient_funds,51
FAIL-0002883,ATT-0014263,TXN-0012231,CUST-002673,2023-03-12T04:31:00,insufficient_funds,51
FAIL-0002884,ATT-0014264,TXN-0012231,CUST-002673,2023-03-20T04:31:00,insufficient_funds,51
FAIL-0002885,ATT-0014278,TXN-0012245,CUST-002676,2021-10-09T13:41:00,insufficient_funds,51
FAIL-0002886,ATT-0014280,TXN-0012246,CUST-002677,2021-06-22T02:56:00,insufficient_funds,51
FAIL-0002887,ATT-0014292,TXN-0012258,CUST-002680,2020-06-16T20:38:00,insufficient_funds,51
FAIL-0002888,ATT-0014293,TXN-0012258,CUST-002680,2020-06-18T20:38:00,insufficient_funds,51
FAIL-0002889,ATT-0014294,TXN-0012258,CUST-002680,2020-06-26T20:38:00,insufficient_funds,51
FAIL-0002890,ATT-0014309,TXN-0012273,CUST-002682,2019-09-19T07:18:00,insufficient_funds,51
FAIL-0002891,ATT-0014310,TXN-0012273,CUST-002682,2019-09-21T07:18:00,insufficient_funds,51
FAIL-0002892,ATT-0014313,TXN-0012275,CUST-002683,2021-01-11T00:02:00,invalid_payment_method,14
FAIL-0002893,ATT-0014314,TXN-0012275,CUST-002683,2021-01-13T00:02:00,invalid_payment_method,14
FAIL-0002894,ATT-0014316,TXN-0012277,CUST-002683,2021-06-14T23:57:00,insufficient_funds,51
FAIL-0002895,ATT-0014317,TXN-0012277,CUST-002683,2021-06-15T23:57:00,insufficient_funds,51
FAIL-0002896,ATT-0014318,TXN-0012277,CUST-002683,2021-06-20T23:57:00,insufficient_funds,51
FAIL-0002897,ATT-0014338,TXN-0012297,CUST-002688,2022-12-08T05:04:00,insufficient_funds,51
FAIL-0002898,ATT-0014339,TXN-0012297,CUST-002688,2022-12-09T05:04:00,insufficient_funds,51
FAIL-0002899,ATT-0014340,TXN-0012297,CUST-002688,2022-12-13T05:04:00,insufficient_funds,51
FAIL-0002900,ATT-0014356,TXN-0012313,CUST-002690,2022-04-07T14:02:00,risk_review_hold,57
FAIL-0002901,ATT-0014378,TXN-0012335,CUST-002695,2023-03-07T07:14:00,insufficient_funds,51
FAIL-0002902,ATT-0014379,TXN-0012335,CUST-002695,2023-03-10T07:14:00,insufficient_funds,51
FAIL-0002903,ATT-0014380,TXN-0012335,CUST-002695,2023-03-18T07:14:00,insufficient_funds,51
FAIL-0002904,ATT-0014393,TXN-0012347,CUST-002697,2023-04-12T17:28:00,invalid_payment_method,14
FAIL-0002905,ATT-0014394,TXN-0012347,CUST-002697,2023-04-14T17:28:00,invalid_payment_method,14
FAIL-0002906,ATT-0014401,TXN-0012354,CUST-002698,2021-08-14T05:15:00,insufficient_funds,51
FAIL-0002907,ATT-0014406,TXN-0012358,CUST-002699,2021-10-12T16:42:00,payment_method_limit_exceeded,61
FAIL-0002908,ATT-0014409,TXN-0012360,CUST-002700,2022-09-06T13:37:00,insufficient_funds,51
FAIL-0002909,ATT-0014410,TXN-0012360,CUST-002700,2022-09-08T13:37:00,insufficient_funds,51
FAIL-0002910,ATT-0014411,TXN-0012360,CUST-002700,2022-09-15T13:37:00,insufficient_funds,51
FAIL-0002911,ATT-0014417,TXN-0012366,CUST-002701,2020-12-16T01:18:00,temporary_network_error,91
FAIL-0002912,ATT-0014418,TXN-0012366,CUST-002701,2020-12-17T01:18:00,temporary_network_error,91
FAIL-0002913,ATT-0014419,TXN-0012366,CUST-002701,2020-12-27T01:18:00,temporary_network_error,91
FAIL-0002914,ATT-0014420,TXN-0012367,CUST-002701,2021-01-03T00:42:00,invalid_payment_method,14
FAIL-0002915,ATT-0014421,TXN-0012367,CUST-002701,2021-01-05T00:42:00,invalid_payment_method,14
FAIL-0002916,ATT-0014433,TXN-0012379,CUST-002704,2020-04-17T10:19:00,invalid_payment_method,14
FAIL-0002917,ATT-0014434,TXN-0012379,CUST-002704,2020-04-20T10:19:00,invalid_payment_method,14
FAIL-0002918,ATT-0014437,TXN-0012382,CUST-002705,2021-02-03T23:45:00,insufficient_funds,51
FAIL-0002919,ATT-0014438,TXN-0012382,CUST-002705,2021-02-04T23:45:00,insufficient_funds,51
FAIL-0002920,ATT-0014439,TXN-0012382,CUST-002705,2021-02-14T23:45:00,insufficient_funds,51
FAIL-0002921,ATT-0014491,TXN-0012434,CUST-002717,2023-07-17T08:06:00,expired_card,54
FAIL-0002922,ATT-0014492,TXN-0012434,CUST-002717,2023-07-19T08:06:00,expired_card,54
FAIL-0002923,ATT-0014499,TXN-0012441,CUST-002719,2019-12-14T13:53:00,expired_card,54
FAIL-0002924,ATT-0014500,TXN-0012441,CUST-002719,2019-12-17T13:53:00,expired_card,54
FAIL-0002925,ATT-0014505,TXN-0012446,CUST-002719,2020-09-13T14:14:00,insufficient_funds,51
FAIL-0002926,ATT-0014507,TXN-0012447,CUST-002720,2021-05-26T07:13:00,invalid_payment_method,14
FAIL-0002927,ATT-0014508,TXN-0012447,CUST-002720,2021-05-29T07:13:00,invalid_payment_method,14
FAIL-0002928,ATT-0014531,TXN-0012470,CUST-002724,2022-10-20T20:21:00,insufficient_funds,51
FAIL-0002929,ATT-0014532,TXN-0012470,CUST-002724,2022-10-22T20:21:00,insufficient_funds,51
FAIL-0002930,ATT-0014533,TXN-0012470,CUST-002724,2022-10-31T20:21:00,insufficient_funds,51
FAIL-0002931,ATT-0014548,TXN-0012484,CUST-002728,2019-04-23T10:48:00,invalid_payment_method,14
FAIL-0002932,ATT-0014549,TXN-0012484,CUST-002728,2019-04-26T10:48:00,invalid_payment_method,14
FAIL-0002933,ATT-0014554,TXN-0012489,CUST-002729,2023-03-26T23:59:00,insufficient_funds,51
FAIL-0002934,ATT-0014555,TXN-0012489,CUST-002729,2023-03-28T23:59:00,insufficient_funds,51
FAIL-0002935,ATT-0014568,TXN-0012501,CUST-002731,2023-12-20T23:07:00,insufficient_funds,51
FAIL-0002936,ATT-0014569,TXN-0012501,CUST-002731,2023-12-21T23:07:00,insufficient_funds,51
FAIL-0002937,ATT-0014570,TXN-0012501,CUST-002731,2023-12-27T23:07:00,insufficient_funds,51
FAIL-0002938,ATT-0014571,TXN-0012502,CUST-002732,2023-10-14T09:06:00,bank_unavailable,96
FAIL-0002939,ATT-0014600,TXN-0012530,CUST-002737,2021-06-15T04:30:00,temporary_network_error,91
FAIL-0002940,ATT-0014601,TXN-0012530,CUST-002737,2021-06-16T04:30:00,temporary_network_error,91
FAIL-0002941,ATT-0014632,TXN-0012560,CUST-002745,2022-08-13T10:05:00,insufficient_funds,51
FAIL-0002942,ATT-0014633,TXN-0012560,CUST-002745,2022-08-16T10:05:00,insufficient_funds,51
FAIL-0002943,ATT-0014634,TXN-0012560,CUST-002745,2022-08-26T10:05:00,insufficient_funds,51
FAIL-0002944,ATT-0014637,TXN-0012563,CUST-002745,2023-03-03T11:48:00,insufficient_funds,51
FAIL-0002945,ATT-0014638,TXN-0012563,CUST-002745,2023-03-06T11:48:00,insufficient_funds,51
FAIL-0002946,ATT-0014673,TXN-0012597,CUST-002752,2019-08-13T19:46:00,insufficient_funds,51
FAIL-0002947,ATT-0014674,TXN-0012597,CUST-002752,2019-08-14T19:46:00,insufficient_funds,51
FAIL-0002948,ATT-0014675,TXN-0012597,CUST-002752,2019-08-17T19:46:00,insufficient_funds,51
FAIL-0002949,ATT-0014686,TXN-0012607,CUST-002754,2022-09-27T05:43:00,temporary_network_error,91
FAIL-0002950,ATT-0014687,TXN-0012607,CUST-002754,2022-09-29T05:43:00,temporary_network_error,91
FAIL-0002951,ATT-0014688,TXN-0012607,CUST-002754,2022-10-08T05:43:00,temporary_network_error,91
FAIL-0002952,ATT-0014706,TXN-0012625,CUST-002758,2023-09-09T01:10:00,insufficient_funds,51
FAIL-0002953,ATT-0014707,TXN-0012625,CUST-002758,2023-09-10T01:10:00,insufficient_funds,51
FAIL-0002954,ATT-0014710,TXN-0012627,CUST-002758,2024-02-22T02:19:00,payment_method_limit_exceeded,61
FAIL-0002955,ATT-0014711,TXN-0012627,CUST-002758,2024-02-24T02:19:00,payment_method_limit_exceeded,61
FAIL-0002956,ATT-0014712,TXN-0012627,CUST-002758,2024-03-04T02:19:00,payment_method_limit_exceeded,61
FAIL-0002957,ATT-0014714,TXN-0012629,CUST-002758,2024-08-30T01:16:00,temporary_network_error,91
FAIL-0002958,ATT-0014730,TXN-0012644,CUST-002761,2023-08-11T15:31:00,risk_review_hold,57
FAIL-0002959,ATT-0014733,TXN-0012647,CUST-002763,2023-06-05T11:10:00,temporary_network_error,91
FAIL-0002960,ATT-0014734,TXN-0012647,CUST-002763,2023-06-06T11:10:00,temporary_network_error,91
FAIL-0002961,ATT-0014735,TXN-0012647,CUST-002763,2023-06-10T11:10:00,temporary_network_error,91
FAIL-0002962,ATT-0014736,TXN-0012648,CUST-002763,2023-07-20T10:52:00,temporary_network_error,91
FAIL-0002963,ATT-0014742,TXN-0012653,CUST-002764,2022-11-07T03:45:00,bank_unavailable,96
FAIL-0002964,ATT-0014743,TXN-0012653,CUST-002764,2022-11-09T03:45:00,bank_unavailable,96
FAIL-0002965,ATT-0014744,TXN-0012653,CUST-002764,2022-11-15T03:45:00,bank_unavailable,96
FAIL-0002966,ATT-0014745,TXN-0012654,CUST-002764,2023-02-13T04:24:00,insufficient_funds,51
FAIL-0002967,ATT-0014746,TXN-0012654,CUST-002764,2023-02-16T04:24:00,insufficient_funds,51
FAIL-0002968,ATT-0014764,TXN-0012671,CUST-002768,2021-01-25T12:32:00,temporary_network_error,91
FAIL-0002969,ATT-0014785,TXN-0012691,CUST-002772,2021-09-12T21:11:00,expired_card,54
FAIL-0002970,ATT-0014786,TXN-0012691,CUST-002772,2021-09-14T21:11:00,expired_card,54
FAIL-0002971,ATT-0014787,TXN-0012692,CUST-002772,2021-10-25T18:34:00,insufficient_funds,51
FAIL-0002972,ATT-0014788,TXN-0012692,CUST-002772,2021-10-28T18:34:00,insufficient_funds,51
FAIL-0002973,ATT-0014789,TXN-0012692,CUST-002772,2021-11-04T18:34:00,insufficient_funds,51
FAIL-0002974,ATT-0014794,TXN-0012697,CUST-002774,2019-08-01T18:25:00,temporary_network_error,91
FAIL-0002975,ATT-0014795,TXN-0012697,CUST-002774,2019-08-04T18:25:00,temporary_network_error,91
FAIL-0002976,ATT-0014799,TXN-0012700,CUST-002775,2023-02-11T04:35:00,invalid_payment_method,14
FAIL-0002977,ATT-0014800,TXN-0012700,CUST-002775,2023-02-13T04:35:00,invalid_payment_method,14
FAIL-0002978,ATT-0014806,TXN-0012706,CUST-002776,2022-12-24T12:42:00,insufficient_funds,51
FAIL-0002979,ATT-0014807,TXN-0012706,CUST-002776,2022-12-25T12:42:00,insufficient_funds,51
FAIL-0002980,ATT-0014808,TXN-0012706,CUST-002776,2023-01-03T12:42:00,insufficient_funds,51
FAIL-0002981,ATT-0014809,TXN-0012707,CUST-002776,2023-04-20T13:06:00,invalid_payment_method,14
FAIL-0002982,ATT-0014810,TXN-0012707,CUST-002776,2023-04-21T13:06:00,invalid_payment_method,14
FAIL-0002983,ATT-0014819,TXN-0012715,CUST-002779,2022-01-30T20:09:00,invalid_payment_method,14
FAIL-0002984,ATT-0014820,TXN-0012715,CUST-002779,2022-02-01T20:09:00,invalid_payment_method,14
FAIL-0002985,ATT-0014836,TXN-0012731,CUST-002781,2024-10-31T02:56:00,insufficient_funds,51
FAIL-0002986,ATT-0014837,TXN-0012731,CUST-002781,2024-11-01T02:56:00,insufficient_funds,51
FAIL-0002987,ATT-0014838,TXN-0012731,CUST-002781,2024-11-10T02:56:00,insufficient_funds,51
FAIL-0002988,ATT-0014839,TXN-0012732,CUST-002782,2022-03-11T17:39:00,insufficient_funds,51
FAIL-0002989,ATT-0014840,TXN-0012732,CUST-002782,2022-03-12T17:39:00,insufficient_funds,51
FAIL-0002990,ATT-0014841,TXN-0012732,CUST-002782,2022-03-20T17:39:00,insufficient_funds,51
FAIL-0002991,ATT-0014856,TXN-0012747,CUST-002785,2019-12-16T18:17:00,insufficient_funds,51
FAIL-0002992,ATT-0014857,TXN-0012747,CUST-002785,2019-12-18T18:17:00,insufficient_funds,51
FAIL-0002993,ATT-0014858,TXN-0012747,CUST-002785,2019-12-28T18:17:00,insufficient_funds,51
FAIL-0002994,ATT-0014859,TXN-0012748,CUST-002785,2020-01-12T18:10:00,insufficient_funds,51
FAIL-0002995,ATT-0014860,TXN-0012748,CUST-002785,2020-01-14T18:10:00,insufficient_funds,51
FAIL-0002996,ATT-0014861,TXN-0012748,CUST-002785,2020-01-19T18:10:00,insufficient_funds,51
FAIL-0002997,ATT-0014869,TXN-0012756,CUST-002786,2021-10-20T09:53:00,invalid_payment_method,14
FAIL-0002998,ATT-0014870,TXN-0012756,CUST-002786,2021-10-22T09:53:00,invalid_payment_method,14
FAIL-0002999,ATT-0014871,TXN-0012757,CUST-002786,2021-12-28T09:38:00,temporary_network_error,91
FAIL-0003000,ATT-0014882,TXN-0012767,CUST-002789,2022-09-13T14:25:00,insufficient_funds,51
FAIL-0003001,ATT-0014883,TXN-0012767,CUST-002789,2022-09-16T14:25:00,insufficient_funds,51
FAIL-0003002,ATT-0014884,TXN-0012767,CUST-002789,2022-09-25T14:25:00,insufficient_funds,51
FAIL-0003003,ATT-0014885,TXN-0012768,CUST-002789,2022-10-20T15:18:00,insufficient_funds,51
FAIL-0003004,ATT-0014886,TXN-0012768,CUST-002789,2022-10-21T15:18:00,insufficient_funds,51
FAIL-0003005,ATT-0014887,TXN-0012768,CUST-002789,2022-10-29T15:18:00,insufficient_funds,51
FAIL-0003006,ATT-0014905,TXN-0012786,CUST-002792,2024-02-29T09:37:00,insufficient_funds,51
FAIL-0003007,ATT-0014906,TXN-0012786,CUST-002792,2024-03-01T09:37:00,insufficient_funds,51
FAIL-0003008,ATT-0014907,TXN-0012786,CUST-002792,2024-03-07T09:37:00,insufficient_funds,51
FAIL-0003009,ATT-0014913,TXN-0012792,CUST-002793,2024-01-22T23:17:00,expired_card,54
FAIL-0003010,ATT-0014921,TXN-0012800,CUST-002796,2020-10-15T15:49:00,insufficient_funds,51
FAIL-0003011,ATT-0014922,TXN-0012800,CUST-002796,2020-10-16T15:49:00,insufficient_funds,51
FAIL-0003012,ATT-0014923,TXN-0012800,CUST-002796,2020-10-19T15:49:00,insufficient_funds,51
FAIL-0003013,ATT-0014926,TXN-0012802,CUST-002796,2021-03-11T14:48:00,insufficient_funds,51
FAIL-0003014,ATT-0014927,TXN-0012802,CUST-002796,2021-03-12T14:48:00,insufficient_funds,51
FAIL-0003015,ATT-0014928,TXN-0012802,CUST-002796,2021-03-16T14:48:00,insufficient_funds,51
FAIL-0003016,ATT-0014941,TXN-0012814,CUST-002798,2024-03-26T19:58:00,bank_unavailable,96
FAIL-0003017,ATT-0014942,TXN-0012814,CUST-002798,2024-03-27T19:58:00,bank_unavailable,96
FAIL-0003018,ATT-0014943,TXN-0012814,CUST-002798,2024-04-06T19:58:00,bank_unavailable,96
FAIL-0003019,ATT-0014945,TXN-0012816,CUST-002799,2020-08-22T09:59:00,insufficient_funds,51
FAIL-0003020,ATT-0014946,TXN-0012816,CUST-002799,2020-08-23T09:59:00,insufficient_funds,51
FAIL-0003021,ATT-0014947,TXN-0012816,CUST-002799,2020-09-01T09:59:00,insufficient_funds,51
FAIL-0003022,ATT-0014949,TXN-0012818,CUST-002799,2021-02-22T09:39:00,temporary_network_error,91
FAIL-0003023,ATT-0014950,TXN-0012818,CUST-002799,2021-02-23T09:39:00,temporary_network_error,91
FAIL-0003024,ATT-0014951,TXN-0012818,CUST-002799,2021-03-04T09:39:00,temporary_network_error,91
FAIL-0003025,ATT-0014967,TXN-0012834,CUST-002803,2021-08-05T15:59:00,insufficient_funds,51
FAIL-0003026,ATT-0014977,TXN-0012843,CUST-002804,2020-04-23T09:52:00,insufficient_funds,51
FAIL-0003027,ATT-0014978,TXN-0012843,CUST-002804,2020-04-25T09:52:00,insufficient_funds,51
FAIL-0003028,ATT-0014979,TXN-0012843,CUST-002804,2020-04-30T09:52:00,insufficient_funds,51
FAIL-0003029,ATT-0014985,TXN-0012849,CUST-002805,2023-12-19T08:21:00,insufficient_funds,51
FAIL-0003030,ATT-0014988,TXN-0012851,CUST-002806,2019-05-22T22:34:00,invalid_payment_method,14
FAIL-0003031,ATT-0014989,TXN-0012851,CUST-002806,2019-05-23T22:34:00,invalid_payment_method,14
FAIL-0003032,ATT-0015016,TXN-0012878,CUST-002815,2023-08-17T07:00:00,payment_method_limit_exceeded,61
FAIL-0003033,ATT-0015017,TXN-0012878,CUST-002815,2023-08-18T07:00:00,payment_method_limit_exceeded,61
FAIL-0003034,ATT-0015018,TXN-0012878,CUST-002815,2023-08-21T07:00:00,payment_method_limit_exceeded,61
FAIL-0003035,ATT-0015036,TXN-0012896,CUST-002819,2024-11-28T10:34:00,bank_unavailable,96
FAIL-0003036,ATT-0015037,TXN-0012896,CUST-002819,2024-11-29T10:34:00,bank_unavailable,96
FAIL-0003037,ATT-0015038,TXN-0012896,CUST-002819,2024-12-07T10:34:00,bank_unavailable,96
FAIL-0003038,ATT-0015042,TXN-0012900,CUST-002820,2020-03-31T22:23:00,bank_unavailable,96
FAIL-0003039,ATT-0015043,TXN-0012900,CUST-002820,2020-04-03T22:23:00,bank_unavailable,96
FAIL-0003040,ATT-0015044,TXN-0012900,CUST-002820,2020-04-10T22:23:00,bank_unavailable,96
FAIL-0003041,ATT-0015045,TXN-0012901,CUST-002820,2020-07-25T22:29:00,invalid_payment_method,14
FAIL-0003042,ATT-0015046,TXN-0012901,CUST-002820,2020-07-28T22:29:00,invalid_payment_method,14
FAIL-0003043,ATT-0015064,TXN-0012919,CUST-002824,2024-04-03T01:35:00,insufficient_funds,51
FAIL-0003044,ATT-0015065,TXN-0012919,CUST-002824,2024-04-05T01:35:00,insufficient_funds,51
FAIL-0003045,ATT-0015066,TXN-0012919,CUST-002824,2024-04-08T01:35:00,insufficient_funds,51
FAIL-0003046,ATT-0015078,TXN-0012931,CUST-002826,2020-01-03T18:24:00,payment_method_limit_exceeded,61
FAIL-0003047,ATT-0015079,TXN-0012931,CUST-002826,2020-01-04T18:24:00,payment_method_limit_exceeded,61
FAIL-0003048,ATT-0015080,TXN-0012931,CUST-002826,2020-01-12T18:24:00,payment_method_limit_exceeded,61
FAIL-0003049,ATT-0015090,TXN-0012941,CUST-002828,2023-09-05T16:01:00,insufficient_funds,51
FAIL-0003050,ATT-0015091,TXN-0012941,CUST-002828,2023-09-06T16:01:00,insufficient_funds,51
FAIL-0003051,ATT-0015092,TXN-0012941,CUST-002828,2023-09-12T16:01:00,insufficient_funds,51
FAIL-0003052,ATT-0015099,TXN-0012948,CUST-002829,2020-09-22T17:14:00,bank_unavailable,96
FAIL-0003053,ATT-0015100,TXN-0012948,CUST-002829,2020-09-23T17:14:00,bank_unavailable,96
FAIL-0003054,ATT-0015101,TXN-0012948,CUST-002829,2020-10-03T17:14:00,bank_unavailable,96
FAIL-0003055,ATT-0015112,TXN-0012959,CUST-002833,2020-09-17T01:45:00,expired_card,54
FAIL-0003056,ATT-0015113,TXN-0012959,CUST-002833,2020-09-19T01:45:00,expired_card,54
FAIL-0003057,ATT-0015133,TXN-0012979,CUST-002836,2023-12-04T00:23:00,expired_card,54
FAIL-0003058,ATT-0015134,TXN-0012979,CUST-002836,2023-12-05T00:23:00,expired_card,54
FAIL-0003059,ATT-0015152,TXN-0012997,CUST-002840,2023-02-24T05:11:00,insufficient_funds,51
FAIL-0003060,ATT-0015153,TXN-0012997,CUST-002840,2023-02-25T05:11:00,insufficient_funds,51
FAIL-0003061,ATT-0015154,TXN-0012997,CUST-002840,2023-03-03T05:11:00,insufficient_funds,51
FAIL-0003062,ATT-0015155,TXN-0012998,CUST-002840,2023-05-15T05:45:00,expired_card,54
FAIL-0003063,ATT-0015156,TXN-0012998,CUST-002840,2023-05-16T05:45:00,expired_card,54
FAIL-0003064,ATT-0015157,TXN-0012999,CUST-002840,2023-07-17T03:22:00,payment_method_limit_exceeded,61
FAIL-0003065,ATT-0015158,TXN-0012999,CUST-002840,2023-07-18T03:22:00,payment_method_limit_exceeded,61
FAIL-0003066,ATT-0015159,TXN-0012999,CUST-002840,2023-07-24T03:22:00,payment_method_limit_exceeded,61
FAIL-0003067,ATT-0015161,TXN-0013001,CUST-002840,2023-09-24T04:17:00,insufficient_funds,51
FAIL-0003068,ATT-0015162,TXN-0013001,CUST-002840,2023-09-27T04:17:00,insufficient_funds,51
FAIL-0003069,ATT-0015163,TXN-0013001,CUST-002840,2023-10-04T04:17:00,insufficient_funds,51
FAIL-0003070,ATT-0015186,TXN-0013024,CUST-002846,2023-07-04T20:16:00,expired_card,54
FAIL-0003071,ATT-0015187,TXN-0013024,CUST-002846,2023-07-05T20:16:00,expired_card,54
FAIL-0003072,ATT-0015200,TXN-0013036,CUST-002850,2019-10-09T02:50:00,bank_unavailable,96
FAIL-0003073,ATT-0015201,TXN-0013036,CUST-002850,2019-10-12T02:50:00,bank_unavailable,96
FAIL-0003074,ATT-0015202,TXN-0013036,CUST-002850,2019-10-21T02:50:00,bank_unavailable,96
FAIL-0003075,ATT-0015208,TXN-0013042,CUST-002852,2019-12-25T17:09:00,bank_unavailable,96
FAIL-0003076,ATT-0015209,TXN-0013042,CUST-002852,2019-12-26T17:09:00,bank_unavailable,96
FAIL-0003077,ATT-0015210,TXN-0013042,CUST-002852,2020-01-03T17:09:00,bank_unavailable,96
FAIL-0003078,ATT-0015217,TXN-0013049,CUST-002854,2024-10-17T13:31:00,temporary_network_error,91
FAIL-0003079,ATT-0015218,TXN-0013049,CUST-002854,2024-10-18T13:31:00,temporary_network_error,91
FAIL-0003080,ATT-0015224,TXN-0013054,CUST-002855,2021-02-24T00:30:00,payment_method_limit_exceeded,61
FAIL-0003081,ATT-0015225,TXN-0013054,CUST-002855,2021-02-25T00:30:00,payment_method_limit_exceeded,61
FAIL-0003082,ATT-0015226,TXN-0013054,CUST-002855,2021-03-03T00:30:00,payment_method_limit_exceeded,61
FAIL-0003083,ATT-0015245,TXN-0013073,CUST-002858,2020-02-18T21:27:00,insufficient_funds,51
FAIL-0003084,ATT-0015246,TXN-0013073,CUST-002858,2020-02-20T21:27:00,insufficient_funds,51
FAIL-0003085,ATT-0015247,TXN-0013073,CUST-002858,2020-02-23T21:27:00,insufficient_funds,51
FAIL-0003086,ATT-0015252,TXN-0013078,CUST-002859,2022-10-11T15:09:00,insufficient_funds,51
FAIL-0003087,ATT-0015253,TXN-0013078,CUST-002859,2022-10-13T15:09:00,insufficient_funds,51
FAIL-0003088,ATT-0015258,TXN-0013082,CUST-002860,2020-04-28T21:37:00,insufficient_funds,51
FAIL-0003089,ATT-0015259,TXN-0013082,CUST-002860,2020-04-29T21:37:00,insufficient_funds,51
FAIL-0003090,ATT-0015260,TXN-0013082,CUST-002860,2020-05-03T21:37:00,insufficient_funds,51
FAIL-0003091,ATT-0015266,TXN-0013088,CUST-002862,2022-03-12T10:28:00,temporary_network_error,91
FAIL-0003092,ATT-0015275,TXN-0013096,CUST-002864,2019-12-07T11:44:00,payment_method_limit_exceeded,61
FAIL-0003093,ATT-0015276,TXN-0013096,CUST-002864,2019-12-08T11:44:00,payment_method_limit_exceeded,61
FAIL-0003094,ATT-0015277,TXN-0013096,CUST-002864,2019-12-12T11:44:00,payment_method_limit_exceeded,61
FAIL-0003095,ATT-0015278,TXN-0013097,CUST-002864,2020-01-04T11:42:00,invalid_payment_method,14
FAIL-0003096,ATT-0015279,TXN-0013097,CUST-002864,2020-01-06T11:42:00,invalid_payment_method,14
FAIL-0003097,ATT-0015285,TXN-0013103,CUST-002865,2022-10-17T06:27:00,bank_unavailable,96
FAIL-0003098,ATT-0015286,TXN-0013103,CUST-002865,2022-10-19T06:27:00,bank_unavailable,96
FAIL-0003099,ATT-0015287,TXN-0013103,CUST-002865,2022-10-25T06:27:00,bank_unavailable,96
FAIL-0003100,ATT-0015297,TXN-0013112,CUST-002868,2019-06-30T19:50:00,insufficient_funds,51
FAIL-0003101,ATT-0015298,TXN-0013112,CUST-002868,2019-07-02T19:50:00,insufficient_funds,51
FAIL-0003102,ATT-0015299,TXN-0013112,CUST-002868,2019-07-12T19:50:00,insufficient_funds,51
FAIL-0003103,ATT-0015312,TXN-0013125,CUST-002870,2021-07-02T22:39:00,expired_card,54
FAIL-0003104,ATT-0015313,TXN-0013125,CUST-002870,2021-07-05T22:39:00,expired_card,54
FAIL-0003105,ATT-0015315,TXN-0013127,CUST-002871,2023-03-03T06:31:00,temporary_network_error,91
FAIL-0003106,ATT-0015316,TXN-0013127,CUST-002871,2023-03-05T06:31:00,temporary_network_error,91
FAIL-0003107,ATT-0015317,TXN-0013127,CUST-002871,2023-03-13T06:31:00,temporary_network_error,91
FAIL-0003108,ATT-0015327,TXN-0013137,CUST-002873,2024-04-25T02:55:00,insufficient_funds,51
FAIL-0003109,ATT-0015328,TXN-0013137,CUST-002873,2024-04-26T02:55:00,insufficient_funds,51
FAIL-0003110,ATT-0015341,TXN-0013149,CUST-002876,2023-12-06T07:52:00,insufficient_funds,51
FAIL-0003111,ATT-0015346,TXN-0013153,CUST-002877,2024-05-26T07:24:00,temporary_network_error,91
FAIL-0003112,ATT-0015347,TXN-0013153,CUST-002877,2024-05-27T07:24:00,temporary_network_error,91
FAIL-0003113,ATT-0015348,TXN-0013153,CUST-002877,2024-06-05T07:24:00,temporary_network_error,91
FAIL-0003114,ATT-0015351,TXN-0013156,CUST-002877,2024-09-20T09:14:00,temporary_network_error,91
FAIL-0003115,ATT-0015389,TXN-0013193,CUST-002884,2024-08-31T13:13:00,bank_unavailable,96
FAIL-0003116,ATT-0015390,TXN-0013193,CUST-002884,2024-09-01T13:13:00,bank_unavailable,96
FAIL-0003117,ATT-0015393,TXN-0013195,CUST-002885,2022-05-20T12:34:00,insufficient_funds,51
FAIL-0003118,ATT-0015395,TXN-0013196,CUST-002885,2022-06-28T12:07:00,temporary_network_error,91
FAIL-0003119,ATT-0015402,TXN-0013202,CUST-002886,2019-09-19T21:12:00,invalid_payment_method,14
FAIL-0003120,ATT-0015403,TXN-0013202,CUST-002886,2019-09-20T21:12:00,invalid_payment_method,14
FAIL-0003121,ATT-0015444,TXN-0013243,CUST-002895,2022-11-17T00:02:00,insufficient_funds,51
FAIL-0003122,ATT-0015445,TXN-0013243,CUST-002895,2022-11-18T00:02:00,insufficient_funds,51
FAIL-0003123,ATT-0015448,TXN-0013245,CUST-002895,2023-06-09T22:56:00,expired_card,54
FAIL-0003124,ATT-0015449,TXN-0013245,CUST-002895,2023-06-12T22:56:00,expired_card,54
FAIL-0003125,ATT-0015458,TXN-0013253,CUST-002898,2024-04-04T01:50:00,bank_unavailable,96
FAIL-0003126,ATT-0015459,TXN-0013253,CUST-002898,2024-04-05T01:50:00,bank_unavailable,96
FAIL-0003127,ATT-0015462,TXN-0013255,CUST-002898,2024-08-09T02:22:00,expired_card,54
FAIL-0003128,ATT-0015463,TXN-0013255,CUST-002898,2024-08-10T02:22:00,expired_card,54
FAIL-0003129,ATT-0015473,TXN-0013264,CUST-002899,2022-07-16T14:33:00,invalid_payment_method,14
FAIL-0003130,ATT-0015474,TXN-0013264,CUST-002899,2022-07-17T14:33:00,invalid_payment_method,14
FAIL-0003131,ATT-0015476,TXN-0013266,CUST-002900,2020-11-21T18:32:00,invalid_payment_method,14
FAIL-0003132,ATT-0015477,TXN-0013266,CUST-002900,2020-11-22T18:32:00,invalid_payment_method,14
FAIL-0003133,ATT-0015482,TXN-0013271,CUST-002900,2021-08-30T17:39:00,invalid_payment_method,14
FAIL-0003134,ATT-0015483,TXN-0013271,CUST-002900,2021-08-31T17:39:00,invalid_payment_method,14
FAIL-0003135,ATT-0015504,TXN-0013292,CUST-002906,2020-01-01T10:31:00,insufficient_funds,51
FAIL-0003136,ATT-0015505,TXN-0013292,CUST-002906,2020-01-03T10:31:00,insufficient_funds,51
FAIL-0003137,ATT-0015506,TXN-0013292,CUST-002906,2020-01-06T10:31:00,insufficient_funds,51
FAIL-0003138,ATT-0015510,TXN-0013296,CUST-002907,2020-10-09T15:35:00,insufficient_funds,51
FAIL-0003139,ATT-0015518,TXN-0013303,CUST-002909,2020-10-12T08:34:00,expired_card,54
FAIL-0003140,ATT-0015519,TXN-0013303,CUST-002909,2020-10-14T08:34:00,expired_card,54
FAIL-0003141,ATT-0015520,TXN-0013304,CUST-002909,2020-12-02T07:15:00,insufficient_funds,51
FAIL-0003142,ATT-0015521,TXN-0013304,CUST-002909,2020-12-05T07:15:00,insufficient_funds,51
FAIL-0003143,ATT-0015522,TXN-0013304,CUST-002909,2020-12-10T07:15:00,insufficient_funds,51
FAIL-0003144,ATT-0015531,TXN-0013313,CUST-002911,2019-10-19T21:20:00,expired_card,54
FAIL-0003145,ATT-0015532,TXN-0013313,CUST-002911,2019-10-21T21:20:00,expired_card,54
FAIL-0003146,ATT-0015536,TXN-0013317,CUST-002911,2020-09-30T20:59:00,insufficient_funds,51
FAIL-0003147,ATT-0015537,TXN-0013317,CUST-002911,2020-10-01T20:59:00,insufficient_funds,51
FAIL-0003148,ATT-0015538,TXN-0013317,CUST-002911,2020-10-09T20:59:00,insufficient_funds,51
FAIL-0003149,ATT-0015539,TXN-0013318,CUST-002912,2019-03-21T12:29:00,invalid_payment_method,14
FAIL-0003150,ATT-0015540,TXN-0013318,CUST-002912,2019-03-24T12:29:00,invalid_payment_method,14
FAIL-0003151,ATT-0015546,TXN-0013324,CUST-002913,2024-03-01T13:15:00,insufficient_funds,51
FAIL-0003152,ATT-0015547,TXN-0013324,CUST-002913,2024-03-04T13:15:00,insufficient_funds,51
FAIL-0003153,ATT-0015548,TXN-0013324,CUST-002913,2024-03-07T13:15:00,insufficient_funds,51
FAIL-0003154,ATT-0015560,TXN-0013335,CUST-002915,2024-12-05T08:28:00,expired_card,54
FAIL-0003155,ATT-0015561,TXN-0013335,CUST-002915,2024-12-08T08:28:00,expired_card,54
FAIL-0003156,ATT-0015578,TXN-0013351,CUST-002917,2020-08-02T15:43:00,insufficient_funds,51
FAIL-0003157,ATT-0015579,TXN-0013351,CUST-002917,2020-08-05T15:43:00,insufficient_funds,51
FAIL-0003158,ATT-0015580,TXN-0013351,CUST-002917,2020-08-10T15:43:00,insufficient_funds,51
FAIL-0003159,ATT-0015581,TXN-0013352,CUST-002917,2020-11-10T16:05:00,insufficient_funds,51
FAIL-0003160,ATT-0015582,TXN-0013352,CUST-002917,2020-11-12T16:05:00,insufficient_funds,51
FAIL-0003161,ATT-0015583,TXN-0013352,CUST-002917,2020-11-19T16:05:00,insufficient_funds,51
FAIL-0003162,ATT-0015584,TXN-0013353,CUST-002918,2019-09-26T06:10:00,risk_review_hold,57
FAIL-0003163,ATT-0015588,TXN-0013357,CUST-002918,2020-05-02T06:04:00,insufficient_funds,51
FAIL-0003164,ATT-0015589,TXN-0013357,CUST-002918,2020-05-05T06:04:00,insufficient_funds,51
FAIL-0003165,ATT-0015590,TXN-0013357,CUST-002918,2020-05-09T06:04:00,insufficient_funds,51
FAIL-0003166,ATT-0015600,TXN-0013367,CUST-002922,2024-10-21T04:39:00,temporary_network_error,91
FAIL-0003167,ATT-0015601,TXN-0013367,CUST-002922,2024-10-23T04:39:00,temporary_network_error,91
FAIL-0003168,ATT-0015605,TXN-0013370,CUST-002922,2025-03-11T03:45:00,insufficient_funds,51
FAIL-0003169,ATT-0015619,TXN-0013383,CUST-002925,2022-03-19T02:17:00,invalid_payment_method,14
FAIL-0003170,ATT-0015620,TXN-0013383,CUST-002925,2022-03-21T02:17:00,invalid_payment_method,14
FAIL-0003171,ATT-0015626,TXN-0013388,CUST-002926,2020-09-27T12:46:00,expired_card,54
FAIL-0003172,ATT-0015627,TXN-0013388,CUST-002926,2020-09-29T12:46:00,expired_card,54
FAIL-0003173,ATT-0015632,TXN-0013393,CUST-002927,2022-06-06T08:48:00,insufficient_funds,51
FAIL-0003174,ATT-0015638,TXN-0013398,CUST-002928,2024-04-29T15:50:00,payment_method_limit_exceeded,61
FAIL-0003175,ATT-0015657,TXN-0013416,CUST-002932,2021-07-25T16:59:00,temporary_network_error,91
FAIL-0003176,ATT-0015658,TXN-0013416,CUST-002932,2021-07-26T16:59:00,temporary_network_error,91
FAIL-0003177,ATT-0015661,TXN-0013418,CUST-002933,2019-12-26T08:09:00,insufficient_funds,51
FAIL-0003178,ATT-0015662,TXN-0013418,CUST-002933,2019-12-28T08:09:00,insufficient_funds,51
FAIL-0003179,ATT-0015677,TXN-0013432,CUST-002935,2021-11-17T20:17:00,temporary_network_error,91
FAIL-0003180,ATT-0015678,TXN-0013432,CUST-002935,2021-11-19T20:17:00,temporary_network_error,91
FAIL-0003181,ATT-0015686,TXN-0013439,CUST-002937,2020-01-26T12:58:00,expired_card,54
FAIL-0003182,ATT-0015687,TXN-0013439,CUST-002937,2020-01-29T12:58:00,expired_card,54
FAIL-0003183,ATT-0015688,TXN-0013440,CUST-002937,2020-05-12T12:41:00,bank_unavailable,96
FAIL-0003184,ATT-0015689,TXN-0013440,CUST-002937,2020-05-13T12:41:00,bank_unavailable,96
FAIL-0003185,ATT-0015690,TXN-0013440,CUST-002937,2020-05-17T12:41:00,bank_unavailable,96
FAIL-0003186,ATT-0015692,TXN-0013442,CUST-002938,2019-09-17T21:03:00,insufficient_funds,51
FAIL-0003187,ATT-0015693,TXN-0013442,CUST-002938,2019-09-18T21:03:00,insufficient_funds,51
FAIL-0003188,ATT-0015694,TXN-0013442,CUST-002938,2019-09-26T21:03:00,insufficient_funds,51
FAIL-0003189,ATT-0015703,TXN-0013451,CUST-002940,2022-02-23T11:10:00,bank_unavailable,96
FAIL-0003190,ATT-0015704,TXN-0013451,CUST-002940,2022-02-25T11:10:00,bank_unavailable,96
FAIL-0003191,ATT-0015705,TXN-0013451,CUST-002940,2022-03-07T11:10:00,bank_unavailable,96
FAIL-0003192,ATT-0015706,TXN-0013452,CUST-002940,2022-03-14T10:47:00,temporary_network_error,91
FAIL-0003193,ATT-0015708,TXN-0013453,CUST-002941,2020-02-05T15:48:00,temporary_network_error,91
FAIL-0003194,ATT-0015709,TXN-0013453,CUST-002941,2020-02-06T15:48:00,temporary_network_error,91
FAIL-0003195,ATT-0015710,TXN-0013453,CUST-002941,2020-02-15T15:48:00,temporary_network_error,91
FAIL-0003196,ATT-0015713,TXN-0013455,CUST-002942,2020-09-08T02:57:00,invalid_payment_method,14
FAIL-0003197,ATT-0015714,TXN-0013455,CUST-002942,2020-09-10T02:57:00,invalid_payment_method,14
FAIL-0003198,ATT-0015725,TXN-0013466,CUST-002943,2025-02-24T15:25:00,insufficient_funds,51
FAIL-0003199,ATT-0015726,TXN-0013466,CUST-002943,2025-02-27T15:25:00,insufficient_funds,51
FAIL-0003200,ATT-0015727,TXN-0013466,CUST-002943,2025-03-09T15:25:00,insufficient_funds,51
FAIL-0003201,ATT-0015740,TXN-0013479,CUST-002946,2020-09-29T23:21:00,insufficient_funds,51
FAIL-0003202,ATT-0015741,TXN-0013479,CUST-002946,2020-10-01T23:21:00,insufficient_funds,51
FAIL-0003203,ATT-0015742,TXN-0013479,CUST-002946,2020-10-04T23:21:00,insufficient_funds,51
FAIL-0003204,ATT-0015745,TXN-0013482,CUST-002947,2020-07-04T15:40:00,temporary_network_error,91
FAIL-0003205,ATT-0015746,TXN-0013483,CUST-002947,2020-08-07T14:02:00,insufficient_funds,51
FAIL-0003206,ATT-0015747,TXN-0013483,CUST-002947,2020-08-09T14:02:00,insufficient_funds,51
FAIL-0003207,ATT-0015748,TXN-0013483,CUST-002947,2020-08-12T14:02:00,insufficient_funds,51
FAIL-0003208,ATT-0015761,TXN-0013496,CUST-002950,2020-08-25T10:36:00,bank_unavailable,96
FAIL-0003209,ATT-0015779,TXN-0013513,CUST-002952,2023-09-29T18:30:00,insufficient_funds,51
FAIL-0003210,ATT-0015780,TXN-0013513,CUST-002952,2023-09-30T18:30:00,insufficient_funds,51
FAIL-0003211,ATT-0015781,TXN-0013513,CUST-002952,2023-10-04T18:30:00,insufficient_funds,51
FAIL-0003212,ATT-0015785,TXN-0013517,CUST-002953,2021-11-27T13:20:00,temporary_network_error,91
FAIL-0003213,ATT-0015786,TXN-0013517,CUST-002953,2021-11-30T13:20:00,temporary_network_error,91
FAIL-0003214,ATT-0015813,TXN-0013543,CUST-002959,2020-08-10T00:35:00,expired_card,54
FAIL-0003215,ATT-0015814,TXN-0013543,CUST-002959,2020-08-11T00:35:00,expired_card,54
FAIL-0003216,ATT-0015815,TXN-0013544,CUST-002960,2019-10-07T18:50:00,insufficient_funds,51
FAIL-0003217,ATT-0015816,TXN-0013544,CUST-002960,2019-10-09T18:50:00,insufficient_funds,51
FAIL-0003218,ATT-0015817,TXN-0013544,CUST-002960,2019-10-14T18:50:00,insufficient_funds,51
FAIL-0003219,ATT-0015818,TXN-0013545,CUST-002960,2020-01-27T20:17:00,insufficient_funds,51
FAIL-0003220,ATT-0015819,TXN-0013545,CUST-002960,2020-01-30T20:17:00,insufficient_funds,51
FAIL-0003221,ATT-0015820,TXN-0013545,CUST-002960,2020-02-09T20:17:00,insufficient_funds,51
FAIL-0003222,ATT-0015836,TXN-0013561,CUST-002963,2025-02-14T11:42:00,temporary_network_error,91
FAIL-0003223,ATT-0015840,TXN-0013564,CUST-002964,2020-09-13T04:25:00,invalid_payment_method,14
FAIL-0003224,ATT-0015841,TXN-0013564,CUST-002964,2020-09-14T04:25:00,invalid_payment_method,14
FAIL-0003225,ATT-0015846,TXN-0013569,CUST-002965,2020-07-23T09:00:00,expired_card,54
FAIL-0003226,ATT-0015847,TXN-0013569,CUST-002965,2020-07-25T09:00:00,expired_card,54
FAIL-0003227,ATT-0015857,TXN-0013579,CUST-002967,2023-06-12T19:42:00,bank_unavailable,96
FAIL-0003228,ATT-0015858,TXN-0013579,CUST-002967,2023-06-13T19:42:00,bank_unavailable,96
FAIL-0003229,ATT-0015868,TXN-0013588,CUST-002968,2023-03-16T13:06:00,insufficient_funds,51
FAIL-0003230,ATT-0015869,TXN-0013588,CUST-002968,2023-03-19T13:06:00,insufficient_funds,51
FAIL-0003231,ATT-0015870,TXN-0013588,CUST-002968,2023-03-25T13:06:00,insufficient_funds,51
FAIL-0003232,ATT-0015872,TXN-0013590,CUST-002969,2020-06-14T10:30:00,temporary_network_error,91
FAIL-0003233,ATT-0015873,TXN-0013590,CUST-002969,2020-06-17T10:30:00,temporary_network_error,91
FAIL-0003234,ATT-0015874,TXN-0013590,CUST-002969,2020-06-25T10:30:00,temporary_network_error,91
FAIL-0003235,ATT-0015875,TXN-0013591,CUST-002969,2020-07-06T12:24:00,insufficient_funds,51
FAIL-0003236,ATT-0015876,TXN-0013591,CUST-002969,2020-07-09T12:24:00,insufficient_funds,51
FAIL-0003237,ATT-0015884,TXN-0013598,CUST-002970,2022-02-20T07:33:00,bank_unavailable,96
FAIL-0003238,ATT-0015893,TXN-0013606,CUST-002972,2020-01-14T19:15:00,insufficient_funds,51
FAIL-0003239,ATT-0015894,TXN-0013606,CUST-002972,2020-01-17T19:15:00,insufficient_funds,51
FAIL-0003240,ATT-0015895,TXN-0013606,CUST-002972,2020-01-20T19:15:00,insufficient_funds,51
FAIL-0003241,ATT-0015899,TXN-0013610,CUST-002972,2020-08-11T19:10:00,insufficient_funds,51
FAIL-0003242,ATT-0015900,TXN-0013610,CUST-002972,2020-08-13T19:10:00,insufficient_funds,51
FAIL-0003243,ATT-0015901,TXN-0013610,CUST-002972,2020-08-22T19:10:00,insufficient_funds,51
FAIL-0003244,ATT-0015903,TXN-0013612,CUST-002973,2022-04-06T06:58:00,temporary_network_error,91
FAIL-0003245,ATT-0015904,TXN-0013612,CUST-002973,2022-04-08T06:58:00,temporary_network_error,91
FAIL-0003246,ATT-0015905,TXN-0013612,CUST-002973,2022-04-17T06:58:00,temporary_network_error,91
FAIL-0003247,ATT-0015909,TXN-0013615,CUST-002973,2022-11-30T06:24:00,expired_card,54
FAIL-0003248,ATT-0015910,TXN-0013615,CUST-002973,2022-12-02T06:24:00,expired_card,54
FAIL-0003249,ATT-0015921,TXN-0013626,CUST-002976,2022-12-14T02:38:00,expired_card,54
FAIL-0003250,ATT-0015922,TXN-0013626,CUST-002976,2022-12-16T02:38:00,expired_card,54
FAIL-0003251,ATT-0015934,TXN-0013638,CUST-002978,2023-03-29T15:30:00,insufficient_funds,51
FAIL-0003252,ATT-0015935,TXN-0013638,CUST-002978,2023-03-31T15:30:00,insufficient_funds,51
FAIL-0003253,ATT-0015936,TXN-0013638,CUST-002978,2023-04-03T15:30:00,insufficient_funds,51
FAIL-0003254,ATT-0015948,TXN-0013649,CUST-002980,2024-09-21T07:50:00,insufficient_funds,51
FAIL-0003255,ATT-0015949,TXN-0013649,CUST-002980,2024-09-24T07:50:00,insufficient_funds,51
FAIL-0003256,ATT-0015950,TXN-0013649,CUST-002980,2024-10-03T07:50:00,insufficient_funds,51
FAIL-0003257,ATT-0015960,TXN-0013659,CUST-002982,2021-03-10T13:21:00,insufficient_funds,51
FAIL-0003258,ATT-0015961,TXN-0013659,CUST-002982,2021-03-11T13:21:00,insufficient_funds,51
FAIL-0003259,ATT-0015962,TXN-0013659,CUST-002982,2021-03-17T13:21:00,insufficient_funds,51
FAIL-0003260,ATT-0015975,TXN-0013672,CUST-002985,2023-11-12T02:29:00,temporary_network_error,91
FAIL-0003261,ATT-0015976,TXN-0013672,CUST-002985,2023-11-13T02:29:00,temporary_network_error,91
FAIL-0003262,ATT-0015979,TXN-0013674,CUST-002985,2024-02-17T02:48:00,temporary_network_error,91
FAIL-0003263,ATT-0015980,TXN-0013674,CUST-002985,2024-02-20T02:48:00,temporary_network_error,91
FAIL-0003264,ATT-0015986,TXN-0013679,CUST-002986,2024-10-20T22:12:00,insufficient_funds,51
FAIL-0003265,ATT-0015987,TXN-0013679,CUST-002986,2024-10-23T22:12:00,insufficient_funds,51
FAIL-0003266,ATT-0015988,TXN-0013679,CUST-002986,2024-10-26T22:12:00,insufficient_funds,51
FAIL-0003267,ATT-0016007,TXN-0013698,CUST-002991,2023-06-05T00:22:00,expired_card,54
FAIL-0003268,ATT-0016008,TXN-0013698,CUST-002991,2023-06-07T00:22:00,expired_card,54
FAIL-0003269,ATT-0016011,TXN-0013701,CUST-002991,2023-12-23T22:15:00,temporary_network_error,91
FAIL-0003270,ATT-0016012,TXN-0013701,CUST-002991,2023-12-24T22:15:00,temporary_network_error,91
FAIL-0003271,ATT-0016013,TXN-0013701,CUST-002991,2023-12-28T22:15:00,temporary_network_error,91
FAIL-0003272,ATT-0016030,TXN-0013718,CUST-002994,2023-12-11T19:44:00,temporary_network_error,91
FAIL-0003273,ATT-0016036,TXN-0013723,CUST-002996,2020-03-07T18:59:00,temporary_network_error,91
FAIL-0003274,ATT-0016037,TXN-0013723,CUST-002996,2020-03-10T18:59:00,temporary_network_error,91
FAIL-0003275,ATT-0016043,TXN-0013728,CUST-002998,2024-10-06T16:39:00,expired_card,54
FAIL-0003276,ATT-0016044,TXN-0013728,CUST-002998,2024-10-09T16:39:00,expired_card,54
FAIL-0003277,ATT-0016056,TXN-0013740,CUST-003001,2021-11-26T00:52:00,insufficient_funds,51
FAIL-0003278,ATT-0016057,TXN-0013740,CUST-003001,2021-11-29T00:52:00,insufficient_funds,51
FAIL-0003279,ATT-0016058,TXN-0013740,CUST-003001,2021-12-02T00:52:00,insufficient_funds,51
FAIL-0003280,ATT-0016067,TXN-0013748,CUST-003003,2022-03-21T13:33:00,expired_card,54
FAIL-0003281,ATT-0016068,TXN-0013748,CUST-003003,2022-03-24T13:33:00,expired_card,54
FAIL-0003282,ATT-0016076,TXN-0013756,CUST-003005,2022-09-07T08:28:00,expired_card,54
FAIL-0003283,ATT-0016077,TXN-0013756,CUST-003005,2022-09-10T08:28:00,expired_card,54
FAIL-0003284,ATT-0016078,TXN-0013757,CUST-003006,2019-06-08T22:41:00,expired_card,54
FAIL-0003285,ATT-0016079,TXN-0013757,CUST-003006,2019-06-09T22:41:00,expired_card,54
FAIL-0003286,ATT-0016085,TXN-0013763,CUST-003006,2020-06-30T23:18:00,payment_method_limit_exceeded,61
FAIL-0003287,ATT-0016086,TXN-0013763,CUST-003006,2020-07-01T23:18:00,payment_method_limit_exceeded,61
FAIL-0003288,ATT-0016093,TXN-0013769,CUST-003007,2022-05-05T06:25:00,insufficient_funds,51
FAIL-0003289,ATT-0016094,TXN-0013769,CUST-003007,2022-05-07T06:25:00,insufficient_funds,51
FAIL-0003290,ATT-0016101,TXN-0013775,CUST-003009,2022-08-26T10:27:00,insufficient_funds,51
FAIL-0003291,ATT-0016102,TXN-0013775,CUST-003009,2022-08-27T10:27:00,insufficient_funds,51
FAIL-0003292,ATT-0016103,TXN-0013775,CUST-003009,2022-09-01T10:27:00,insufficient_funds,51
FAIL-0003293,ATT-0016106,TXN-0013778,CUST-003009,2023-06-12T09:23:00,insufficient_funds,51
FAIL-0003294,ATT-0016107,TXN-0013778,CUST-003009,2023-06-14T09:23:00,insufficient_funds,51
FAIL-0003295,ATT-0016108,TXN-0013778,CUST-003009,2023-06-22T09:23:00,insufficient_funds,51
FAIL-0003296,ATT-0016126,TXN-0013796,CUST-003013,2020-10-13T20:26:00,insufficient_funds,51
FAIL-0003297,ATT-0016127,TXN-0013796,CUST-003013,2020-10-14T20:26:00,insufficient_funds,51
FAIL-0003298,ATT-0016132,TXN-0013800,CUST-003014,2023-02-15T22:48:00,expired_card,54
FAIL-0003299,ATT-0016133,TXN-0013800,CUST-003014,2023-02-16T22:48:00,expired_card,54
FAIL-0003300,ATT-0016142,TXN-0013809,CUST-003016,2022-10-09T07:42:00,temporary_network_error,91
FAIL-0003301,ATT-0016144,TXN-0013810,CUST-003016,2023-01-01T08:00:00,bank_unavailable,96
FAIL-0003302,ATT-0016145,TXN-0013810,CUST-003016,2023-01-03T08:00:00,bank_unavailable,96
FAIL-0003303,ATT-0016146,TXN-0013810,CUST-003016,2023-01-06T08:00:00,bank_unavailable,96
FAIL-0003304,ATT-0016164,TXN-0013828,CUST-003021,2020-06-11T02:58:00,payment_method_limit_exceeded,61
FAIL-0003305,ATT-0016181,TXN-0013845,CUST-003024,2022-12-12T03:55:00,payment_method_limit_exceeded,61
FAIL-0003306,ATT-0016188,TXN-0013851,CUST-003026,2022-08-29T16:37:00,insufficient_funds,51
FAIL-0003307,ATT-0016194,TXN-0013856,CUST-003027,2022-11-06T12:01:00,insufficient_funds,51
FAIL-0003308,ATT-0016195,TXN-0013856,CUST-003027,2022-11-07T12:01:00,insufficient_funds,51
FAIL-0003309,ATT-0016201,TXN-0013861,CUST-003028,2023-04-14T02:50:00,expired_card,54
FAIL-0003310,ATT-0016202,TXN-0013861,CUST-003028,2023-04-15T02:50:00,expired_card,54
FAIL-0003311,ATT-0016217,TXN-0013876,CUST-003031,2022-05-09T12:35:00,insufficient_funds,51
FAIL-0003312,ATT-0016218,TXN-0013876,CUST-003031,2022-05-11T12:35:00,insufficient_funds,51
FAIL-0003313,ATT-0016219,TXN-0013876,CUST-003031,2022-05-20T12:35:00,insufficient_funds,51
FAIL-0003314,ATT-0016222,TXN-0013879,CUST-003031,2023-01-03T12:28:00,insufficient_funds,51
FAIL-0003315,ATT-0016231,TXN-0013887,CUST-003033,2024-03-21T07:15:00,risk_review_hold,57
FAIL-0003316,ATT-0016241,TXN-0013897,CUST-003034,2024-09-28T06:00:00,bank_unavailable,96
FAIL-0003317,ATT-0016242,TXN-0013897,CUST-003034,2024-09-30T06:00:00,bank_unavailable,96
FAIL-0003318,ATT-0016251,TXN-0013905,CUST-003036,2019-11-16T18:28:00,invalid_payment_method,14
FAIL-0003319,ATT-0016252,TXN-0013905,CUST-003036,2019-11-19T18:28:00,invalid_payment_method,14
FAIL-0003320,ATT-0016253,TXN-0013906,CUST-003036,2020-01-19T17:51:00,payment_method_limit_exceeded,61
FAIL-0003321,ATT-0016254,TXN-0013906,CUST-003036,2020-01-20T17:51:00,payment_method_limit_exceeded,61
FAIL-0003322,ATT-0016255,TXN-0013906,CUST-003036,2020-01-25T17:51:00,payment_method_limit_exceeded,61
FAIL-0003323,ATT-0016257,TXN-0013908,CUST-003036,2020-07-16T16:56:00,insufficient_funds,51
FAIL-0003324,ATT-0016258,TXN-0013908,CUST-003036,2020-07-19T16:56:00,insufficient_funds,51
FAIL-0003325,ATT-0016259,TXN-0013908,CUST-003036,2020-07-26T16:56:00,insufficient_funds,51
FAIL-0003326,ATT-0016267,TXN-0013916,CUST-003039,2022-08-03T16:04:00,invalid_payment_method,14
FAIL-0003327,ATT-0016268,TXN-0013916,CUST-003039,2022-08-05T16:04:00,invalid_payment_method,14
FAIL-0003328,ATT-0016270,TXN-0013918,CUST-003039,2023-02-05T16:28:00,insufficient_funds,51
FAIL-0003329,ATT-0016271,TXN-0013918,CUST-003039,2023-02-07T16:28:00,insufficient_funds,51
FAIL-0003330,ATT-0016283,TXN-0013929,CUST-003041,2021-06-20T09:58:00,expired_card,54
FAIL-0003331,ATT-0016284,TXN-0013929,CUST-003041,2021-06-23T09:58:00,expired_card,54
FAIL-0003332,ATT-0016291,TXN-0013936,CUST-003043,2021-01-14T13:30:00,risk_review_hold,57
FAIL-0003333,ATT-0016292,TXN-0013937,CUST-003043,2021-02-10T13:36:00,insufficient_funds,51
FAIL-0003334,ATT-0016293,TXN-0013937,CUST-003043,2021-02-13T13:36:00,insufficient_funds,51
FAIL-0003335,ATT-0016295,TXN-0013938,CUST-003043,2021-04-24T11:55:00,bank_unavailable,96
FAIL-0003336,ATT-0016311,TXN-0013953,CUST-003047,2022-06-29T13:17:00,insufficient_funds,51
FAIL-0003337,ATT-0016312,TXN-0013953,CUST-003047,2022-06-30T13:17:00,insufficient_funds,51
FAIL-0003338,ATT-0016313,TXN-0013953,CUST-003047,2022-07-03T13:17:00,insufficient_funds,51
FAIL-0003339,ATT-0016330,TXN-0013970,CUST-003050,2022-02-24T10:33:00,expired_card,54
FAIL-0003340,ATT-0016331,TXN-0013970,CUST-003050,2022-02-27T10:33:00,expired_card,54
FAIL-0003341,ATT-0016344,TXN-0013983,CUST-003054,2022-01-11T05:50:00,insufficient_funds,51
FAIL-0003342,ATT-0016345,TXN-0013983,CUST-003054,2022-01-14T05:50:00,insufficient_funds,51
FAIL-0003343,ATT-0016354,TXN-0013991,CUST-003056,2024-06-27T01:33:00,payment_method_limit_exceeded,61
FAIL-0003344,ATT-0016355,TXN-0013991,CUST-003056,2024-06-28T01:33:00,payment_method_limit_exceeded,61
FAIL-0003345,ATT-0016356,TXN-0013991,CUST-003056,2024-07-03T01:33:00,payment_method_limit_exceeded,61
FAIL-0003346,ATT-0016357,TXN-0013992,CUST-003057,2020-02-19T10:30:00,invalid_payment_method,14
FAIL-0003347,ATT-0016358,TXN-0013992,CUST-003057,2020-02-22T10:30:00,invalid_payment_method,14
FAIL-0003348,ATT-0016361,TXN-0013995,CUST-003058,2019-06-14T10:09:00,expired_card,54
FAIL-0003349,ATT-0016362,TXN-0013995,CUST-003058,2019-06-15T10:09:00,expired_card,54
FAIL-0003350,ATT-0016365,TXN-0013998,CUST-003058,2019-12-20T09:40:00,insufficient_funds,51
FAIL-0003351,ATT-0016366,TXN-0013998,CUST-003058,2019-12-22T09:40:00,insufficient_funds,51
FAIL-0003352,ATT-0016367,TXN-0013998,CUST-003058,2019-12-27T09:40:00,insufficient_funds,51
FAIL-0003353,ATT-0016380,TXN-0014011,CUST-003061,2022-06-24T22:39:00,bank_unavailable,96
FAIL-0003354,ATT-0016397,TXN-0014027,CUST-003064,2023-01-07T04:57:00,bank_unavailable,96
FAIL-0003355,ATT-0016398,TXN-0014027,CUST-003064,2023-01-08T04:57:00,bank_unavailable,96
FAIL-0003356,ATT-0016399,TXN-0014027,CUST-003064,2023-01-13T04:57:00,bank_unavailable,96
FAIL-0003357,ATT-0016411,TXN-0014039,CUST-003067,2020-06-13T04:44:00,temporary_network_error,91
FAIL-0003358,ATT-0016412,TXN-0014039,CUST-003067,2020-06-14T04:44:00,temporary_network_error,91
FAIL-0003359,ATT-0016413,TXN-0014039,CUST-003067,2020-06-21T04:44:00,temporary_network_error,91
FAIL-0003360,ATT-0016415,TXN-0014041,CUST-003068,2021-11-15T10:28:00,bank_unavailable,96
FAIL-0003361,ATT-0016416,TXN-0014041,CUST-003068,2021-11-18T10:28:00,bank_unavailable,96
FAIL-0003362,ATT-0016422,TXN-0014046,CUST-003068,2022-08-05T10:41:00,bank_unavailable,96
FAIL-0003363,ATT-0016423,TXN-0014046,CUST-003068,2022-08-07T10:41:00,bank_unavailable,96
FAIL-0003364,ATT-0016424,TXN-0014046,CUST-003068,2022-08-17T10:41:00,bank_unavailable,96
FAIL-0003365,ATT-0016430,TXN-0014052,CUST-003070,2020-04-19T17:55:00,temporary_network_error,91
FAIL-0003366,ATT-0016432,TXN-0014053,CUST-003071,2020-02-06T20:52:00,expired_card,54
FAIL-0003367,ATT-0016433,TXN-0014053,CUST-003071,2020-02-07T20:52:00,expired_card,54
FAIL-0003368,ATT-0016444,TXN-0014064,CUST-003074,2020-07-07T14:09:00,temporary_network_error,91
FAIL-0003369,ATT-0016445,TXN-0014064,CUST-003074,2020-07-10T14:09:00,temporary_network_error,91
FAIL-0003370,ATT-0016446,TXN-0014064,CUST-003074,2020-07-17T14:09:00,temporary_network_error,91
FAIL-0003371,ATT-0016447,TXN-0014065,CUST-003074,2020-08-27T14:24:00,insufficient_funds,51
FAIL-0003372,ATT-0016449,TXN-0014066,CUST-003074,2020-10-14T14:27:00,insufficient_funds,51
FAIL-0003373,ATT-0016452,TXN-0014068,CUST-003074,2020-12-26T13:43:00,bank_unavailable,96
FAIL-0003374,ATT-0016453,TXN-0014068,CUST-003074,2020-12-29T13:43:00,bank_unavailable,96
FAIL-0003375,ATT-0016454,TXN-0014068,CUST-003074,2021-01-02T13:43:00,bank_unavailable,96
FAIL-0003376,ATT-0016482,TXN-0014095,CUST-003081,2023-05-09T02:27:00,invalid_payment_method,14
FAIL-0003377,ATT-0016483,TXN-0014095,CUST-003081,2023-05-10T02:27:00,invalid_payment_method,14
FAIL-0003378,ATT-0016487,TXN-0014099,CUST-003082,2020-09-23T12:19:00,insufficient_funds,51
FAIL-0003379,ATT-0016497,TXN-0014108,CUST-003083,2024-12-03T10:20:00,invalid_payment_method,14
FAIL-0003380,ATT-0016498,TXN-0014108,CUST-003083,2024-12-05T10:20:00,invalid_payment_method,14
FAIL-0003381,ATT-0016505,TXN-0014115,CUST-003085,2021-01-12T04:16:00,temporary_network_error,91
FAIL-0003382,ATT-0016506,TXN-0014115,CUST-003085,2021-01-14T04:16:00,temporary_network_error,91
FAIL-0003383,ATT-0016507,TXN-0014115,CUST-003085,2021-01-21T04:16:00,temporary_network_error,91
FAIL-0003384,ATT-0016535,TXN-0014143,CUST-003093,2020-06-23T02:47:00,insufficient_funds,51
FAIL-0003385,ATT-0016536,TXN-0014143,CUST-003093,2020-06-26T02:47:00,insufficient_funds,51
FAIL-0003386,ATT-0016537,TXN-0014143,CUST-003093,2020-07-06T02:47:00,insufficient_funds,51
FAIL-0003387,ATT-0016545,TXN-0014151,CUST-003094,2024-06-22T12:19:00,bank_unavailable,96
FAIL-0003388,ATT-0016547,TXN-0014152,CUST-003094,2024-08-24T14:29:00,risk_review_hold,57
FAIL-0003389,ATT-0016549,TXN-0014154,CUST-003095,2024-06-22T09:56:00,insufficient_funds,51
FAIL-0003390,ATT-0016550,TXN-0014154,CUST-003095,2024-06-24T09:56:00,insufficient_funds,51
FAIL-0003391,ATT-0016551,TXN-0014154,CUST-003095,2024-06-27T09:56:00,insufficient_funds,51
FAIL-0003392,ATT-0016559,TXN-0014162,CUST-003097,2019-03-31T05:58:00,insufficient_funds,51
FAIL-0003393,ATT-0016569,TXN-0014171,CUST-003100,2020-11-25T00:54:00,expired_card,54
FAIL-0003394,ATT-0016570,TXN-0014171,CUST-003100,2020-11-27T00:54:00,expired_card,54
FAIL-0003395,ATT-0016573,TXN-0014174,CUST-003101,2019-12-14T08:30:00,insufficient_funds,51
FAIL-0003396,ATT-0016574,TXN-0014174,CUST-003101,2019-12-17T08:30:00,insufficient_funds,51
FAIL-0003397,ATT-0016575,TXN-0014174,CUST-003101,2019-12-25T08:30:00,insufficient_funds,51
FAIL-0003398,ATT-0016578,TXN-0014177,CUST-003102,2023-11-08T10:13:00,expired_card,54
FAIL-0003399,ATT-0016579,TXN-0014177,CUST-003102,2023-11-10T10:13:00,expired_card,54
FAIL-0003400,ATT-0016581,TXN-0014178,CUST-003103,2021-11-01T19:42:00,insufficient_funds,51
FAIL-0003401,ATT-0016582,TXN-0014178,CUST-003103,2021-11-02T19:42:00,insufficient_funds,51
FAIL-0003402,ATT-0016583,TXN-0014178,CUST-003103,2021-11-06T19:42:00,insufficient_funds,51
FAIL-0003403,ATT-0016595,TXN-0014190,CUST-003105,2023-11-08T06:55:00,insufficient_funds,51
FAIL-0003404,ATT-0016596,TXN-0014190,CUST-003105,2023-11-11T06:55:00,insufficient_funds,51
FAIL-0003405,ATT-0016597,TXN-0014190,CUST-003105,2023-11-15T06:55:00,insufficient_funds,51
FAIL-0003406,ATT-0016598,TXN-0014191,CUST-003105,2024-03-06T06:58:00,bank_unavailable,96
FAIL-0003407,ATT-0016599,TXN-0014191,CUST-003105,2024-03-08T06:58:00,bank_unavailable,96
FAIL-0003408,ATT-0016600,TXN-0014191,CUST-003105,2024-03-14T06:58:00,bank_unavailable,96
FAIL-0003409,ATT-0016607,TXN-0014198,CUST-003107,2019-06-22T22:00:00,insufficient_funds,51
FAIL-0003410,ATT-0016608,TXN-0014198,CUST-003107,2019-06-24T22:00:00,insufficient_funds,51
FAIL-0003411,ATT-0016609,TXN-0014198,CUST-003107,2019-07-02T22:00:00,insufficient_funds,51
FAIL-0003412,ATT-0016610,TXN-0014199,CUST-003107,2019-10-03T21:28:00,insufficient_funds,51
FAIL-0003413,ATT-0016611,TXN-0014199,CUST-003107,2019-10-06T21:28:00,insufficient_funds,51
FAIL-0003414,ATT-0016612,TXN-0014199,CUST-003107,2019-10-16T21:28:00,insufficient_funds,51
FAIL-0003415,ATT-0016619,TXN-0014206,CUST-003109,2023-10-05T06:16:00,invalid_payment_method,14
FAIL-0003416,ATT-0016635,TXN-0014221,CUST-003113,2020-05-10T10:02:00,temporary_network_error,91
FAIL-0003417,ATT-0016636,TXN-0014221,CUST-003113,2020-05-13T10:02:00,temporary_network_error,91
FAIL-0003418,ATT-0016637,TXN-0014221,CUST-003113,2020-05-18T10:02:00,temporary_network_error,91
FAIL-0003419,ATT-0016642,TXN-0014226,CUST-003115,2021-02-18T21:16:00,payment_method_limit_exceeded,61
FAIL-0003420,ATT-0016643,TXN-0014226,CUST-003115,2021-02-20T21:16:00,payment_method_limit_exceeded,61
FAIL-0003421,ATT-0016649,TXN-0014231,CUST-003117,2020-12-15T11:41:00,insufficient_funds,51
FAIL-0003422,ATT-0016674,TXN-0014255,CUST-003122,2024-12-16T08:14:00,invalid_payment_method,14
FAIL-0003423,ATT-0016675,TXN-0014255,CUST-003122,2024-12-17T08:14:00,invalid_payment_method,14
FAIL-0003424,ATT-0016692,TXN-0014272,CUST-003126,2023-02-13T18:47:00,insufficient_funds,51
FAIL-0003425,ATT-0016696,TXN-0014275,CUST-003127,2023-07-11T04:23:00,insufficient_funds,51
FAIL-0003426,ATT-0016697,TXN-0014275,CUST-003127,2023-07-14T04:23:00,insufficient_funds,51
FAIL-0003427,ATT-0016699,TXN-0014276,CUST-003127,2023-08-06T03:14:00,bank_unavailable,96
FAIL-0003428,ATT-0016700,TXN-0014276,CUST-003127,2023-08-07T03:14:00,bank_unavailable,96
FAIL-0003429,ATT-0016701,TXN-0014276,CUST-003127,2023-08-12T03:14:00,bank_unavailable,96
FAIL-0003430,ATT-0016724,TXN-0014299,CUST-003131,2022-07-28T04:10:00,payment_method_limit_exceeded,61
FAIL-0003431,ATT-0016727,TXN-0014301,CUST-003132,2023-04-25T17:09:00,insufficient_funds,51
FAIL-0003432,ATT-0016728,TXN-0014301,CUST-003132,2023-04-26T17:09:00,insufficient_funds,51
FAIL-0003433,ATT-0016729,TXN-0014301,CUST-003132,2023-05-02T17:09:00,insufficient_funds,51
FAIL-0003434,ATT-0016733,TXN-0014305,CUST-003133,2022-05-22T18:32:00,insufficient_funds,51
FAIL-0003435,ATT-0016734,TXN-0014305,CUST-003133,2022-05-24T18:32:00,insufficient_funds,51
FAIL-0003436,ATT-0016735,TXN-0014305,CUST-003133,2022-05-31T18:32:00,insufficient_funds,51
FAIL-0003437,ATT-0016738,TXN-0014308,CUST-003134,2021-12-08T00:33:00,insufficient_funds,51
FAIL-0003438,ATT-0016739,TXN-0014308,CUST-003134,2021-12-10T00:33:00,insufficient_funds,51
FAIL-0003439,ATT-0016740,TXN-0014308,CUST-003134,2021-12-14T00:33:00,insufficient_funds,51
FAIL-0003440,ATT-0016750,TXN-0014318,CUST-003137,2019-06-08T01:35:00,insufficient_funds,51
FAIL-0003441,ATT-0016751,TXN-0014318,CUST-003137,2019-06-09T01:35:00,insufficient_funds,51
FAIL-0003442,ATT-0016752,TXN-0014318,CUST-003137,2019-06-19T01:35:00,insufficient_funds,51
FAIL-0003443,ATT-0016755,TXN-0014321,CUST-003138,2020-06-23T16:49:00,expired_card,54
FAIL-0003444,ATT-0016756,TXN-0014321,CUST-003138,2020-06-24T16:49:00,expired_card,54
FAIL-0003445,ATT-0016760,TXN-0014325,CUST-003138,2021-03-28T16:50:00,expired_card,54
FAIL-0003446,ATT-0016761,TXN-0014325,CUST-003138,2021-03-29T16:50:00,expired_card,54
FAIL-0003447,ATT-0016765,TXN-0014329,CUST-003139,2021-08-05T10:41:00,insufficient_funds,51
FAIL-0003448,ATT-0016766,TXN-0014329,CUST-003139,2021-08-07T10:41:00,insufficient_funds,51
FAIL-0003449,ATT-0016767,TXN-0014329,CUST-003139,2021-08-17T10:41:00,insufficient_funds,51
FAIL-0003450,ATT-0016775,TXN-0014337,CUST-003140,2023-10-14T10:46:00,bank_unavailable,96
FAIL-0003451,ATT-0016776,TXN-0014337,CUST-003140,2023-10-17T10:46:00,bank_unavailable,96
FAIL-0003452,ATT-0016780,TXN-0014340,CUST-003141,2020-08-22T22:03:00,invalid_payment_method,14
FAIL-0003453,ATT-0016781,TXN-0014340,CUST-003141,2020-08-24T22:03:00,invalid_payment_method,14
FAIL-0003454,ATT-0016783,TXN-0014342,CUST-003141,2021-03-11T21:58:00,insufficient_funds,51
FAIL-0003455,ATT-0016784,TXN-0014342,CUST-003141,2021-03-14T21:58:00,insufficient_funds,51
FAIL-0003456,ATT-0016785,TXN-0014342,CUST-003141,2021-03-21T21:58:00,insufficient_funds,51
FAIL-0003457,ATT-0016786,TXN-0014343,CUST-003142,2019-11-11T16:36:00,invalid_payment_method,14
FAIL-0003458,ATT-0016787,TXN-0014343,CUST-003142,2019-11-13T16:36:00,invalid_payment_method,14
FAIL-0003459,ATT-0016791,TXN-0014347,CUST-003143,2022-03-12T09:23:00,expired_card,54
FAIL-0003460,ATT-0016792,TXN-0014347,CUST-003143,2022-03-13T09:23:00,expired_card,54
FAIL-0003461,ATT-0016796,TXN-0014351,CUST-003143,2022-11-05T09:30:00,insufficient_funds,51
FAIL-0003462,ATT-0016797,TXN-0014351,CUST-003143,2022-11-06T09:30:00,insufficient_funds,51
FAIL-0003463,ATT-0016798,TXN-0014351,CUST-003143,2022-11-12T09:30:00,insufficient_funds,51
FAIL-0003464,ATT-0016822,TXN-0014375,CUST-003150,2022-10-30T19:31:00,insufficient_funds,51
FAIL-0003465,ATT-0016823,TXN-0014375,CUST-003150,2022-11-02T19:31:00,insufficient_funds,51
FAIL-0003466,ATT-0016824,TXN-0014375,CUST-003150,2022-11-09T19:31:00,insufficient_funds,51
FAIL-0003467,ATT-0016826,TXN-0014377,CUST-003150,2023-03-11T17:07:00,insufficient_funds,51
FAIL-0003468,ATT-0016827,TXN-0014377,CUST-003150,2023-03-13T17:07:00,insufficient_funds,51
FAIL-0003469,ATT-0016828,TXN-0014377,CUST-003150,2023-03-22T17:07:00,insufficient_funds,51
FAIL-0003470,ATT-0016831,TXN-0014380,CUST-003151,2024-08-09T00:58:00,expired_card,54
FAIL-0003471,ATT-0016832,TXN-0014380,CUST-003151,2024-08-10T00:58:00,expired_card,54
FAIL-0003472,ATT-0016853,TXN-0014401,CUST-003154,2020-09-25T21:39:00,insufficient_funds,51
FAIL-0003473,ATT-0016854,TXN-0014401,CUST-003154,2020-09-28T21:39:00,insufficient_funds,51
FAIL-0003474,ATT-0016855,TXN-0014401,CUST-003154,2020-10-02T21:39:00,insufficient_funds,51
FAIL-0003475,ATT-0016857,TXN-0014403,CUST-003155,2022-11-21T06:59:00,insufficient_funds,51
FAIL-0003476,ATT-0016878,TXN-0014423,CUST-003159,2021-12-09T03:39:00,insufficient_funds,51
FAIL-0003477,ATT-0016879,TXN-0014423,CUST-003159,2021-12-10T03:39:00,insufficient_funds,51
FAIL-0003478,ATT-0016880,TXN-0014423,CUST-003159,2021-12-14T03:39:00,insufficient_funds,51
FAIL-0003479,ATT-0016882,TXN-0014425,CUST-003159,2022-04-15T03:07:00,bank_unavailable,96
FAIL-0003480,ATT-0016883,TXN-0014425,CUST-003159,2022-04-17T03:07:00,bank_unavailable,96
FAIL-0003481,ATT-0016884,TXN-0014425,CUST-003159,2022-04-22T03:07:00,bank_unavailable,96
FAIL-0003482,ATT-0016903,TXN-0014444,CUST-003164,2024-07-29T11:54:00,expired_card,54
FAIL-0003483,ATT-0016904,TXN-0014444,CUST-003164,2024-08-01T11:54:00,expired_card,54
FAIL-0003484,ATT-0016917,TXN-0014457,CUST-003166,2020-01-10T23:32:00,payment_method_limit_exceeded,61
FAIL-0003485,ATT-0016924,TXN-0014464,CUST-003167,2021-08-29T20:06:00,expired_card,54
FAIL-0003486,ATT-0016925,TXN-0014464,CUST-003167,2021-09-01T20:06:00,expired_card,54
FAIL-0003487,ATT-0016926,TXN-0014465,CUST-003168,2020-05-25T19:39:00,expired_card,54
FAIL-0003488,ATT-0016927,TXN-0014465,CUST-003168,2020-05-26T19:39:00,expired_card,54
FAIL-0003489,ATT-0016935,TXN-0014473,CUST-003169,2022-06-23T07:11:00,bank_unavailable,96
FAIL-0003490,ATT-0016936,TXN-0014473,CUST-003169,2022-06-24T07:11:00,bank_unavailable,96
FAIL-0003491,ATT-0016937,TXN-0014473,CUST-003169,2022-07-03T07:11:00,bank_unavailable,96
FAIL-0003492,ATT-0016945,TXN-0014481,CUST-003170,2023-07-27T01:50:00,expired_card,54
FAIL-0003493,ATT-0016946,TXN-0014481,CUST-003170,2023-07-29T01:50:00,expired_card,54
FAIL-0003494,ATT-0016949,TXN-0014483,CUST-003171,2021-06-05T05:54:00,expired_card,54
FAIL-0003495,ATT-0016950,TXN-0014483,CUST-003171,2021-06-06T05:54:00,expired_card,54
FAIL-0003496,ATT-0016970,TXN-0014502,CUST-003176,2022-10-06T19:17:00,insufficient_funds,51
FAIL-0003497,ATT-0016971,TXN-0014502,CUST-003176,2022-10-07T19:17:00,insufficient_funds,51
FAIL-0003498,ATT-0016972,TXN-0014502,CUST-003176,2022-10-17T19:17:00,insufficient_funds,51
FAIL-0003499,ATT-0016974,TXN-0014504,CUST-003176,2023-04-03T20:30:00,insufficient_funds,51
FAIL-0003500,ATT-0016975,TXN-0014504,CUST-003176,2023-04-04T20:30:00,insufficient_funds,51
FAIL-0003501,ATT-0016976,TXN-0014504,CUST-003176,2023-04-09T20:30:00,insufficient_funds,51
FAIL-0003502,ATT-0016985,TXN-0014513,CUST-003178,2020-06-17T18:39:00,bank_unavailable,96
FAIL-0003503,ATT-0017005,TXN-0014532,CUST-003183,2023-12-04T20:57:00,insufficient_funds,51
FAIL-0003504,ATT-0017006,TXN-0014532,CUST-003183,2023-12-06T20:57:00,insufficient_funds,51
FAIL-0003505,ATT-0017007,TXN-0014532,CUST-003183,2023-12-09T20:57:00,insufficient_funds,51
FAIL-0003506,ATT-0017010,TXN-0014535,CUST-003184,2019-02-17T05:17:00,payment_method_limit_exceeded,61
FAIL-0003507,ATT-0017011,TXN-0014535,CUST-003184,2019-02-20T05:17:00,payment_method_limit_exceeded,61
FAIL-0003508,ATT-0017012,TXN-0014535,CUST-003184,2019-02-24T05:17:00,payment_method_limit_exceeded,61
FAIL-0003509,ATT-0017016,TXN-0014539,CUST-003184,2020-03-07T05:43:00,insufficient_funds,51
FAIL-0003510,ATT-0017017,TXN-0014539,CUST-003184,2020-03-09T05:43:00,insufficient_funds,51
FAIL-0003511,ATT-0017018,TXN-0014539,CUST-003184,2020-03-14T05:43:00,insufficient_funds,51
FAIL-0003512,ATT-0017021,TXN-0014542,CUST-003185,2023-10-14T18:03:00,temporary_network_error,91
FAIL-0003513,ATT-0017025,TXN-0014545,CUST-003185,2024-03-15T20:49:00,invalid_payment_method,14
FAIL-0003514,ATT-0017026,TXN-0014545,CUST-003185,2024-03-16T20:49:00,invalid_payment_method,14
FAIL-0003515,ATT-0017032,TXN-0014550,CUST-003186,2022-10-27T07:09:00,temporary_network_error,91
FAIL-0003516,ATT-0017033,TXN-0014550,CUST-003186,2022-10-28T07:09:00,temporary_network_error,91
FAIL-0003517,ATT-0017037,TXN-0014553,CUST-003186,2023-04-19T05:29:00,temporary_network_error,91
FAIL-0003518,ATT-0017043,TXN-0014558,CUST-003187,2024-12-20T19:59:00,payment_method_limit_exceeded,61
FAIL-0003519,ATT-0017046,TXN-0014560,CUST-003188,2022-01-16T12:39:00,insufficient_funds,51
FAIL-0003520,ATT-0017047,TXN-0014560,CUST-003188,2022-01-17T12:39:00,insufficient_funds,51
FAIL-0003521,ATT-0017048,TXN-0014560,CUST-003188,2022-01-25T12:39:00,insufficient_funds,51
FAIL-0003522,ATT-0017053,TXN-0014565,CUST-003188,2022-12-05T11:54:00,insufficient_funds,51
FAIL-0003523,ATT-0017054,TXN-0014565,CUST-003188,2022-12-06T11:54:00,insufficient_funds,51
FAIL-0003524,ATT-0017055,TXN-0014565,CUST-003188,2022-12-09T11:54:00,insufficient_funds,51
FAIL-0003525,ATT-0017061,TXN-0014571,CUST-003189,2021-03-12T16:24:00,expired_card,54
FAIL-0003526,ATT-0017062,TXN-0014571,CUST-003189,2021-03-14T16:24:00,expired_card,54
FAIL-0003527,ATT-0017066,TXN-0014575,CUST-003190,2019-11-18T19:02:00,risk_review_hold,57
FAIL-0003528,ATT-0017095,TXN-0014604,CUST-003196,2022-07-04T23:20:00,insufficient_funds,51
FAIL-0003529,ATT-0017117,TXN-0014625,CUST-003200,2023-02-15T07:31:00,payment_method_limit_exceeded,61
FAIL-0003530,ATT-0017118,TXN-0014625,CUST-003200,2023-02-17T07:31:00,payment_method_limit_exceeded,61
FAIL-0003531,ATT-0017119,TXN-0014625,CUST-003200,2023-02-23T07:31:00,payment_method_limit_exceeded,61
FAIL-0003532,ATT-0017129,TXN-0014635,CUST-003203,2022-06-14T13:27:00,insufficient_funds,51
FAIL-0003533,ATT-0017130,TXN-0014635,CUST-003203,2022-06-16T13:27:00,insufficient_funds,51
FAIL-0003534,ATT-0017131,TXN-0014635,CUST-003203,2022-06-21T13:27:00,insufficient_funds,51
FAIL-0003535,ATT-0017139,TXN-0014643,CUST-003204,2020-01-16T03:04:00,temporary_network_error,91
FAIL-0003536,ATT-0017151,TXN-0014654,CUST-003206,2020-04-17T01:34:00,insufficient_funds,51
FAIL-0003537,ATT-0017152,TXN-0014654,CUST-003206,2020-04-19T01:34:00,insufficient_funds,51
FAIL-0003538,ATT-0017153,TXN-0014654,CUST-003206,2020-04-27T01:34:00,insufficient_funds,51
FAIL-0003539,ATT-0017155,TXN-0014656,CUST-003206,2020-07-27T01:41:00,insufficient_funds,51
FAIL-0003540,ATT-0017156,TXN-0014656,CUST-003206,2020-07-29T01:41:00,insufficient_funds,51
FAIL-0003541,ATT-0017157,TXN-0014656,CUST-003206,2020-08-03T01:41:00,insufficient_funds,51
FAIL-0003542,ATT-0017159,TXN-0014658,CUST-003207,2020-02-09T03:38:00,insufficient_funds,51
FAIL-0003543,ATT-0017160,TXN-0014658,CUST-003207,2020-02-12T03:38:00,insufficient_funds,51
FAIL-0003544,ATT-0017161,TXN-0014658,CUST-003207,2020-02-22T03:38:00,insufficient_funds,51
FAIL-0003545,ATT-0017173,TXN-0014670,CUST-003209,2024-04-21T22:20:00,expired_card,54
FAIL-0003546,ATT-0017174,TXN-0014670,CUST-003209,2024-04-23T22:20:00,expired_card,54
FAIL-0003547,ATT-0017192,TXN-0014687,CUST-003212,2023-04-17T15:59:00,bank_unavailable,96
FAIL-0003548,ATT-0017193,TXN-0014687,CUST-003212,2023-04-19T15:59:00,bank_unavailable,96
FAIL-0003549,ATT-0017194,TXN-0014687,CUST-003212,2023-04-24T15:59:00,bank_unavailable,96
FAIL-0003550,ATT-0017206,TXN-0014699,CUST-003215,2020-07-03T08:51:00,insufficient_funds,51
FAIL-0003551,ATT-0017210,TXN-0014702,CUST-003216,2021-01-11T12:50:00,bank_unavailable,96
FAIL-0003552,ATT-0017214,TXN-0014705,CUST-003217,2021-03-08T03:42:00,insufficient_funds,51
FAIL-0003553,ATT-0017215,TXN-0014705,CUST-003217,2021-03-09T03:42:00,insufficient_funds,51
FAIL-0003554,ATT-0017216,TXN-0014705,CUST-003217,2021-03-12T03:42:00,insufficient_funds,51
FAIL-0003555,ATT-0017217,TXN-0014706,CUST-003217,2021-05-14T01:55:00,insufficient_funds,51
FAIL-0003556,ATT-0017218,TXN-0014706,CUST-003217,2021-05-16T01:55:00,insufficient_funds,51
FAIL-0003557,ATT-0017219,TXN-0014706,CUST-003217,2021-05-21T01:55:00,insufficient_funds,51
FAIL-0003558,ATT-0017223,TXN-0014710,CUST-003217,2022-01-21T02:27:00,insufficient_funds,51
FAIL-0003559,ATT-0017224,TXN-0014710,CUST-003217,2022-01-24T02:27:00,insufficient_funds,51
FAIL-0003560,ATT-0017225,TXN-0014710,CUST-003217,2022-01-30T02:27:00,insufficient_funds,51
FAIL-0003561,ATT-0017254,TXN-0014739,CUST-003225,2020-08-02T00:36:00,temporary_network_error,91
FAIL-0003562,ATT-0017255,TXN-0014739,CUST-003225,2020-08-05T00:36:00,temporary_network_error,91
FAIL-0003563,ATT-0017256,TXN-0014739,CUST-003225,2020-08-14T00:36:00,temporary_network_error,91
FAIL-0003564,ATT-0017257,TXN-0014740,CUST-003225,2020-10-02T23:46:00,invalid_payment_method,14
FAIL-0003565,ATT-0017258,TXN-0014740,CUST-003225,2020-10-04T23:46:00,invalid_payment_method,14
FAIL-0003566,ATT-0017291,TXN-0014773,CUST-003231,2022-06-21T22:21:00,insufficient_funds,51
FAIL-0003567,ATT-0017292,TXN-0014773,CUST-003231,2022-06-24T22:21:00,insufficient_funds,51
FAIL-0003568,ATT-0017293,TXN-0014773,CUST-003231,2022-07-04T22:21:00,insufficient_funds,51
FAIL-0003569,ATT-0017307,TXN-0014787,CUST-003233,2020-01-28T03:12:00,temporary_network_error,91
FAIL-0003570,ATT-0017309,TXN-0014788,CUST-003234,2021-08-06T00:46:00,insufficient_funds,51
FAIL-0003571,ATT-0017311,TXN-0014789,CUST-003234,2021-11-04T23:57:00,insufficient_funds,51
FAIL-0003572,ATT-0017312,TXN-0014789,CUST-003234,2021-11-05T23:57:00,insufficient_funds,51
FAIL-0003573,ATT-0017313,TXN-0014789,CUST-003234,2021-11-15T23:57:00,insufficient_funds,51
FAIL-0003574,ATT-0017315,TXN-0014791,CUST-003234,2022-04-22T00:14:00,insufficient_funds,51
FAIL-0003575,ATT-0017319,TXN-0014794,CUST-003235,2021-04-01T04:28:00,insufficient_funds,51
FAIL-0003576,ATT-0017320,TXN-0014794,CUST-003235,2021-04-02T04:28:00,insufficient_funds,51
FAIL-0003577,ATT-0017321,TXN-0014794,CUST-003235,2021-04-06T04:28:00,insufficient_funds,51
FAIL-0003578,ATT-0017328,TXN-0014801,CUST-003237,2020-01-11T09:53:00,bank_unavailable,96
FAIL-0003579,ATT-0017329,TXN-0014801,CUST-003237,2020-01-14T09:53:00,bank_unavailable,96
FAIL-0003580,ATT-0017330,TXN-0014801,CUST-003237,2020-01-21T09:53:00,bank_unavailable,96
FAIL-0003581,ATT-0017332,TXN-0014803,CUST-003237,2020-06-17T08:15:00,temporary_network_error,91
FAIL-0003582,ATT-0017344,TXN-0014814,CUST-003241,2019-12-16T23:09:00,bank_unavailable,96
FAIL-0003583,ATT-0017356,TXN-0014826,CUST-003243,2023-12-06T07:55:00,bank_unavailable,96
FAIL-0003584,ATT-0017357,TXN-0014826,CUST-003243,2023-12-08T07:55:00,bank_unavailable,96
FAIL-0003585,ATT-0017358,TXN-0014826,CUST-003243,2023-12-14T07:55:00,bank_unavailable,96
FAIL-0003586,ATT-0017368,TXN-0014836,CUST-003245,2022-01-11T14:24:00,payment_method_limit_exceeded,61
FAIL-0003587,ATT-0017382,TXN-0014849,CUST-003247,2023-12-11T08:22:00,payment_method_limit_exceeded,61
FAIL-0003588,ATT-0017383,TXN-0014849,CUST-003247,2023-12-14T08:22:00,payment_method_limit_exceeded,61
FAIL-0003589,ATT-0017384,TXN-0014849,CUST-003247,2023-12-19T08:22:00,payment_method_limit_exceeded,61
FAIL-0003590,ATT-0017387,TXN-0014852,CUST-003248,2020-10-03T21:06:00,temporary_network_error,91
FAIL-0003591,ATT-0017392,TXN-0014856,CUST-003249,2021-07-01T01:53:00,temporary_network_error,91
FAIL-0003592,ATT-0017398,TXN-0014861,CUST-003251,2023-09-08T01:17:00,insufficient_funds,51
FAIL-0003593,ATT-0017399,TXN-0014861,CUST-003251,2023-09-10T01:17:00,insufficient_funds,51
FAIL-0003594,ATT-0017400,TXN-0014861,CUST-003251,2023-09-16T01:17:00,insufficient_funds,51
FAIL-0003595,ATT-0017420,TXN-0014881,CUST-003256,2024-05-08T23:27:00,insufficient_funds,51
FAIL-0003596,ATT-0017432,TXN-0014892,CUST-003258,2022-09-27T09:14:00,insufficient_funds,51
FAIL-0003597,ATT-0017433,TXN-0014892,CUST-003258,2022-09-28T09:14:00,insufficient_funds,51
FAIL-0003598,ATT-0017434,TXN-0014892,CUST-003258,2022-10-05T09:14:00,insufficient_funds,51
FAIL-0003599,ATT-0017440,TXN-0014897,CUST-003259,2021-11-23T16:06:00,bank_unavailable,96
FAIL-0003600,ATT-0017443,TXN-0014899,CUST-003259,2022-04-16T15:41:00,expired_card,54
FAIL-0003601,ATT-0017444,TXN-0014899,CUST-003259,2022-04-19T15:41:00,expired_card,54
FAIL-0003602,ATT-0017450,TXN-0014905,CUST-003261,2023-06-06T04:26:00,temporary_network_error,91
FAIL-0003603,ATT-0017451,TXN-0014905,CUST-003261,2023-06-08T04:26:00,temporary_network_error,91
FAIL-0003604,ATT-0017452,TXN-0014905,CUST-003261,2023-06-18T04:26:00,temporary_network_error,91
FAIL-0003605,ATT-0017457,TXN-0014910,CUST-003262,2022-07-18T23:36:00,temporary_network_error,91
FAIL-0003606,ATT-0017458,TXN-0014910,CUST-003262,2022-07-19T23:36:00,temporary_network_error,91
FAIL-0003607,ATT-0017459,TXN-0014910,CUST-003262,2022-07-28T23:36:00,temporary_network_error,91
FAIL-0003608,ATT-0017460,TXN-0014911,CUST-003262,2022-07-31T22:52:00,invalid_payment_method,14
FAIL-0003609,ATT-0017461,TXN-0014911,CUST-003262,2022-08-03T22:52:00,invalid_payment_method,14
FAIL-0003610,ATT-0017463,TXN-0014913,CUST-003262,2023-03-12T23:12:00,temporary_network_error,91
FAIL-0003611,ATT-0017471,TXN-0014920,CUST-003264,2021-12-16T02:29:00,expired_card,54
FAIL-0003612,ATT-0017472,TXN-0014920,CUST-003264,2021-12-17T02:29:00,expired_card,54
FAIL-0003613,ATT-0017478,TXN-0014926,CUST-003266,2023-06-20T12:39:00,payment_method_limit_exceeded,61
FAIL-0003614,ATT-0017486,TXN-0014934,CUST-003267,2021-05-29T01:27:00,bank_unavailable,96
FAIL-0003615,ATT-0017487,TXN-0014934,CUST-003267,2021-05-30T01:27:00,bank_unavailable,96
FAIL-0003616,ATT-0017488,TXN-0014934,CUST-003267,2021-06-06T01:27:00,bank_unavailable,96
FAIL-0003617,ATT-0017500,TXN-0014946,CUST-003271,2019-04-19T12:09:00,insufficient_funds,51
FAIL-0003618,ATT-0017501,TXN-0014946,CUST-003271,2019-04-20T12:09:00,insufficient_funds,51
FAIL-0003619,ATT-0017502,TXN-0014946,CUST-003271,2019-04-30T12:09:00,insufficient_funds,51
FAIL-0003620,ATT-0017503,TXN-0014947,CUST-003271,2019-06-19T11:42:00,bank_unavailable,96
FAIL-0003621,ATT-0017504,TXN-0014947,CUST-003271,2019-06-21T11:42:00,bank_unavailable,96
FAIL-0003622,ATT-0017505,TXN-0014947,CUST-003271,2019-06-27T11:42:00,bank_unavailable,96
FAIL-0003623,ATT-0017506,TXN-0014948,CUST-003271,2019-10-01T12:46:00,payment_method_limit_exceeded,61
FAIL-0003624,ATT-0017507,TXN-0014948,CUST-003271,2019-10-03T12:46:00,payment_method_limit_exceeded,61
FAIL-0003625,ATT-0017508,TXN-0014948,CUST-003271,2019-10-11T12:46:00,payment_method_limit_exceeded,61
FAIL-0003626,ATT-0017511,TXN-0014951,CUST-003271,2020-02-28T11:44:00,payment_method_limit_exceeded,61
FAIL-0003627,ATT-0017512,TXN-0014951,CUST-003271,2020-03-02T11:44:00,payment_method_limit_exceeded,61
FAIL-0003628,ATT-0017513,TXN-0014951,CUST-003271,2020-03-08T11:44:00,payment_method_limit_exceeded,61
FAIL-0003629,ATT-0017515,TXN-0014953,CUST-003272,2021-03-24T12:52:00,insufficient_funds,51
FAIL-0003630,ATT-0017516,TXN-0014953,CUST-003272,2021-03-26T12:52:00,insufficient_funds,51
FAIL-0003631,ATT-0017517,TXN-0014953,CUST-003272,2021-04-03T12:52:00,insufficient_funds,51
FAIL-0003632,ATT-0017527,TXN-0014963,CUST-003274,2021-08-12T02:32:00,insufficient_funds,51
FAIL-0003633,ATT-0017535,TXN-0014970,CUST-003275,2020-03-31T23:58:00,payment_method_limit_exceeded,61
FAIL-0003634,ATT-0017538,TXN-0014972,CUST-003275,2020-11-20T22:54:00,bank_unavailable,96
FAIL-0003635,ATT-0017539,TXN-0014972,CUST-003275,2020-11-22T22:54:00,bank_unavailable,96
FAIL-0003636,ATT-0017540,TXN-0014972,CUST-003275,2020-12-01T22:54:00,bank_unavailable,96
FAIL-0003637,ATT-0017544,TXN-0014975,CUST-003275,2021-03-15T22:17:00,expired_card,54
FAIL-0003638,ATT-0017545,TXN-0014975,CUST-003275,2021-03-18T22:17:00,expired_card,54
FAIL-0003639,ATT-0017551,TXN-0014981,CUST-003276,2023-08-21T19:29:00,invalid_payment_method,14
FAIL-0003640,ATT-0017552,TXN-0014981,CUST-003276,2023-08-23T19:29:00,invalid_payment_method,14
FAIL-0003641,ATT-0017565,TXN-0014994,CUST-003279,2022-04-28T00:08:00,expired_card,54
FAIL-0003642,ATT-0017566,TXN-0014994,CUST-003279,2022-04-30T00:08:00,expired_card,54
FAIL-0003643,ATT-0017578,TXN-0015006,CUST-003282,2020-11-08T23:50:00,insufficient_funds,51
FAIL-0003644,ATT-0017594,TXN-0015021,CUST-003284,2019-08-12T06:31:00,insufficient_funds,51
FAIL-0003645,ATT-0017606,TXN-0015032,CUST-003286,2020-08-05T15:05:00,expired_card,54
FAIL-0003646,ATT-0017607,TXN-0015032,CUST-003286,2020-08-06T15:05:00,expired_card,54
FAIL-0003647,ATT-0017624,TXN-0015049,CUST-003289,2024-05-29T15:14:00,insufficient_funds,51
FAIL-0003648,ATT-0017625,TXN-0015049,CUST-003289,2024-05-31T15:14:00,insufficient_funds,51
FAIL-0003649,ATT-0017626,TXN-0015049,CUST-003289,2024-06-08T15:14:00,insufficient_funds,51
FAIL-0003650,ATT-0017627,TXN-0015050,CUST-003289,2024-06-17T16:08:00,expired_card,54
FAIL-0003651,ATT-0017628,TXN-0015050,CUST-003289,2024-06-19T16:08:00,expired_card,54
FAIL-0003652,ATT-0017633,TXN-0015055,CUST-003291,2024-02-03T22:19:00,payment_method_limit_exceeded,61
FAIL-0003653,ATT-0017637,TXN-0015059,CUST-003291,2024-10-22T21:03:00,temporary_network_error,91
FAIL-0003654,ATT-0017638,TXN-0015059,CUST-003291,2024-10-23T21:03:00,temporary_network_error,91
FAIL-0003655,ATT-0017639,TXN-0015059,CUST-003291,2024-10-28T21:03:00,temporary_network_error,91
FAIL-0003656,ATT-0017653,TXN-0015073,CUST-003294,2021-08-19T14:22:00,expired_card,54
FAIL-0003657,ATT-0017654,TXN-0015073,CUST-003294,2021-08-21T14:22:00,expired_card,54
FAIL-0003658,ATT-0017661,TXN-0015080,CUST-003295,2022-03-26T07:26:00,insufficient_funds,51
FAIL-0003659,ATT-0017662,TXN-0015080,CUST-003295,2022-03-29T07:26:00,insufficient_funds,51
FAIL-0003660,ATT-0017663,TXN-0015080,CUST-003295,2022-04-05T07:26:00,insufficient_funds,51
FAIL-0003661,ATT-0017698,TXN-0015115,CUST-003303,2022-02-24T13:01:00,insufficient_funds,51
FAIL-0003662,ATT-0017702,TXN-0015118,CUST-003304,2019-11-09T08:14:00,expired_card,54
FAIL-0003663,ATT-0017703,TXN-0015118,CUST-003304,2019-11-11T08:14:00,expired_card,54
FAIL-0003664,ATT-0017705,TXN-0015119,CUST-003304,2020-02-29T07:46:00,temporary_network_error,91
FAIL-0003665,ATT-0017706,TXN-0015119,CUST-003304,2020-03-03T07:46:00,temporary_network_error,91
FAIL-0003666,ATT-0017707,TXN-0015119,CUST-003304,2020-03-10T07:46:00,temporary_network_error,91
FAIL-0003667,ATT-0017724,TXN-0015136,CUST-003307,2021-07-16T03:16:00,payment_method_limit_exceeded,61
FAIL-0003668,ATT-0017740,TXN-0015151,CUST-003310,2024-07-15T20:16:00,insufficient_funds,51
FAIL-0003669,ATT-0017741,TXN-0015151,CUST-003310,2024-07-17T20:16:00,insufficient_funds,51
FAIL-0003670,ATT-0017742,TXN-0015151,CUST-003310,2024-07-24T20:16:00,insufficient_funds,51
FAIL-0003671,ATT-0017745,TXN-0015154,CUST-003310,2024-12-21T20:29:00,insufficient_funds,51
FAIL-0003672,ATT-0017746,TXN-0015154,CUST-003310,2024-12-23T20:29:00,insufficient_funds,51
FAIL-0003673,ATT-0017747,TXN-0015154,CUST-003310,2024-12-27T20:29:00,insufficient_funds,51
FAIL-0003674,ATT-0017750,TXN-0015157,CUST-003311,2023-12-02T01:32:00,temporary_network_error,91
FAIL-0003675,ATT-0017764,TXN-0015170,CUST-003313,2024-01-12T10:56:00,insufficient_funds,51
FAIL-0003676,ATT-0017800,TXN-0015205,CUST-003322,2020-04-08T01:58:00,expired_card,54
FAIL-0003677,ATT-0017801,TXN-0015205,CUST-003322,2020-04-09T01:58:00,expired_card,54
FAIL-0003678,ATT-0017821,TXN-0015224,CUST-003326,2022-08-23T11:13:00,temporary_network_error,91
FAIL-0003679,ATT-0017833,TXN-0015235,CUST-003329,2023-04-05T17:43:00,insufficient_funds,51
FAIL-0003680,ATT-0017845,TXN-0015246,CUST-003331,2024-02-01T05:08:00,insufficient_funds,51
FAIL-0003681,ATT-0017846,TXN-0015246,CUST-003331,2024-02-04T05:08:00,insufficient_funds,51
FAIL-0003682,ATT-0017847,TXN-0015246,CUST-003331,2024-02-12T05:08:00,insufficient_funds,51
FAIL-0003683,ATT-0017850,TXN-0015249,CUST-003331,2024-11-14T06:15:00,insufficient_funds,51
FAIL-0003684,ATT-0017859,TXN-0015257,CUST-003333,2023-11-11T08:37:00,temporary_network_error,91
FAIL-0003685,ATT-0017861,TXN-0015258,CUST-003334,2021-10-06T04:39:00,payment_method_limit_exceeded,61
FAIL-0003686,ATT-0017862,TXN-0015258,CUST-003334,2021-10-08T04:39:00,payment_method_limit_exceeded,61
FAIL-0003687,ATT-0017863,TXN-0015258,CUST-003334,2021-10-14T04:39:00,payment_method_limit_exceeded,61
FAIL-0003688,ATT-0017889,TXN-0015284,CUST-003339,2019-12-23T22:21:00,insufficient_funds,51
FAIL-0003689,ATT-0017895,TXN-0015289,CUST-003340,2019-06-18T22:30:00,insufficient_funds,51
FAIL-0003690,ATT-0017896,TXN-0015289,CUST-003340,2019-06-19T22:30:00,insufficient_funds,51
FAIL-0003691,ATT-0017897,TXN-0015289,CUST-003340,2019-06-29T22:30:00,insufficient_funds,51
FAIL-0003692,ATT-0017908,TXN-0015299,CUST-003342,2024-02-20T03:45:00,risk_review_hold,57
FAIL-0003693,ATT-0017938,TXN-0015329,CUST-003347,2024-09-26T11:33:00,payment_method_limit_exceeded,61
FAIL-0003694,ATT-0017939,TXN-0015329,CUST-003347,2024-09-29T11:33:00,payment_method_limit_exceeded,61
FAIL-0003695,ATT-0017940,TXN-0015329,CUST-003347,2024-10-05T11:33:00,payment_method_limit_exceeded,61
FAIL-0003696,ATT-0017943,TXN-0015331,CUST-003347,2025-04-15T12:33:00,expired_card,54
FAIL-0003697,ATT-0017944,TXN-0015331,CUST-003347,2025-04-18T12:33:00,expired_card,54
FAIL-0003698,ATT-0017945,TXN-0015332,CUST-003348,2023-09-23T10:59:00,payment_method_limit_exceeded,61
FAIL-0003699,ATT-0017959,TXN-0015345,CUST-003351,2023-11-30T05:38:00,insufficient_funds,51
FAIL-0003700,ATT-0017960,TXN-0015345,CUST-003351,2023-12-03T05:38:00,insufficient_funds,51
FAIL-0003701,ATT-0017961,TXN-0015345,CUST-003351,2023-12-08T05:38:00,insufficient_funds,51
FAIL-0003702,ATT-0017973,TXN-0015357,CUST-003353,2024-05-07T23:14:00,insufficient_funds,51
FAIL-0003703,ATT-0017984,TXN-0015367,CUST-003356,2021-12-17T20:08:00,temporary_network_error,91
FAIL-0003704,ATT-0017985,TXN-0015367,CUST-003356,2021-12-18T20:08:00,temporary_network_error,91
FAIL-0003705,ATT-0017986,TXN-0015367,CUST-003356,2021-12-27T20:08:00,temporary_network_error,91
FAIL-0003706,ATT-0017988,TXN-0015368,CUST-003357,2019-09-09T07:02:00,insufficient_funds,51
FAIL-0003707,ATT-0017989,TXN-0015368,CUST-003357,2019-09-11T07:02:00,insufficient_funds,51
FAIL-0003708,ATT-0017990,TXN-0015368,CUST-003357,2019-09-16T07:02:00,insufficient_funds,51
FAIL-0003709,ATT-0017994,TXN-0015372,CUST-003357,2019-12-28T07:10:00,bank_unavailable,96
FAIL-0003710,ATT-0017995,TXN-0015372,CUST-003357,2019-12-29T07:10:00,bank_unavailable,96
FAIL-0003711,ATT-0018020,TXN-0015396,CUST-003361,2021-05-12T09:18:00,insufficient_funds,51
FAIL-0003712,ATT-0018027,TXN-0015402,CUST-003362,2024-03-31T21:59:00,insufficient_funds,51
FAIL-0003713,ATT-0018028,TXN-0015402,CUST-003362,2024-04-03T21:59:00,insufficient_funds,51
FAIL-0003714,ATT-0018029,TXN-0015402,CUST-003362,2024-04-07T21:59:00,insufficient_funds,51
FAIL-0003715,ATT-0018042,TXN-0015415,CUST-003366,2019-08-18T10:03:00,insufficient_funds,51
FAIL-0003716,ATT-0018043,TXN-0015415,CUST-003366,2019-08-19T10:03:00,insufficient_funds,51
FAIL-0003717,ATT-0018049,TXN-0015420,CUST-003367,2022-10-11T18:51:00,bank_unavailable,96
FAIL-0003718,ATT-0018053,TXN-0015423,CUST-003367,2023-01-29T17:29:00,expired_card,54
FAIL-0003719,ATT-0018054,TXN-0015423,CUST-003367,2023-01-31T17:29:00,expired_card,54
FAIL-0003720,ATT-0018080,TXN-0015449,CUST-003374,2019-09-09T05:21:00,insufficient_funds,51
FAIL-0003721,ATT-0018081,TXN-0015449,CUST-003374,2019-09-11T05:21:00,insufficient_funds,51
FAIL-0003722,ATT-0018082,TXN-0015449,CUST-003374,2019-09-21T05:21:00,insufficient_funds,51
FAIL-0003723,ATT-0018091,TXN-0015458,CUST-003377,2020-06-09T22:50:00,invalid_payment_method,14
FAIL-0003724,ATT-0018092,TXN-0015458,CUST-003377,2020-06-12T22:50:00,invalid_payment_method,14
FAIL-0003725,ATT-0018107,TXN-0015473,CUST-003381,2020-05-03T09:05:00,insufficient_funds,51
FAIL-0003726,ATT-0018108,TXN-0015473,CUST-003381,2020-05-06T09:05:00,insufficient_funds,51
FAIL-0003727,ATT-0018109,TXN-0015473,CUST-003381,2020-05-13T09:05:00,insufficient_funds,51
FAIL-0003728,ATT-0018115,TXN-0015478,CUST-003381,2021-01-26T10:47:00,temporary_network_error,91
FAIL-0003729,ATT-0018119,TXN-0015481,CUST-003382,2020-06-25T09:40:00,temporary_network_error,91
FAIL-0003730,ATT-0018120,TXN-0015481,CUST-003382,2020-06-26T09:40:00,temporary_network_error,91
FAIL-0003731,ATT-0018127,TXN-0015487,CUST-003383,2023-04-12T14:34:00,temporary_network_error,91
FAIL-0003732,ATT-0018128,TXN-0015487,CUST-003383,2023-04-15T14:34:00,temporary_network_error,91
FAIL-0003733,ATT-0018129,TXN-0015487,CUST-003383,2023-04-21T14:34:00,temporary_network_error,91
FAIL-0003734,ATT-0018178,TXN-0015536,CUST-003394,2019-11-20T16:50:00,insufficient_funds,51
FAIL-0003735,ATT-0018179,TXN-0015536,CUST-003394,2019-11-23T16:50:00,insufficient_funds,51
FAIL-0003736,ATT-0018182,TXN-0015538,CUST-003395,2022-12-25T11:14:00,insufficient_funds,51
FAIL-0003737,ATT-0018183,TXN-0015538,CUST-003395,2022-12-27T11:14:00,insufficient_funds,51
FAIL-0003738,ATT-0018188,TXN-0015542,CUST-003397,2021-12-23T20:42:00,insufficient_funds,51
FAIL-0003739,ATT-0018189,TXN-0015542,CUST-003397,2021-12-25T20:42:00,insufficient_funds,51
FAIL-0003740,ATT-0018190,TXN-0015542,CUST-003397,2022-01-03T20:42:00,insufficient_funds,51
FAIL-0003741,ATT-0018191,TXN-0015543,CUST-003397,2022-04-09T19:38:00,insufficient_funds,51
FAIL-0003742,ATT-0018192,TXN-0015543,CUST-003397,2022-04-11T19:38:00,insufficient_funds,51
FAIL-0003743,ATT-0018193,TXN-0015543,CUST-003397,2022-04-17T19:38:00,insufficient_funds,51
FAIL-0003744,ATT-0018194,TXN-0015544,CUST-003397,2022-05-16T21:27:00,insufficient_funds,51
FAIL-0003745,ATT-0018195,TXN-0015544,CUST-003397,2022-05-19T21:27:00,insufficient_funds,51
FAIL-0003746,ATT-0018196,TXN-0015544,CUST-003397,2022-05-29T21:27:00,insufficient_funds,51
FAIL-0003747,ATT-0018204,TXN-0015552,CUST-003398,2023-04-29T05:57:00,insufficient_funds,51
FAIL-0003748,ATT-0018205,TXN-0015552,CUST-003398,2023-05-01T05:57:00,insufficient_funds,51
FAIL-0003749,ATT-0018206,TXN-0015552,CUST-003398,2023-05-10T05:57:00,insufficient_funds,51
FAIL-0003750,ATT-0018211,TXN-0015557,CUST-003399,2022-01-24T17:39:00,insufficient_funds,51
FAIL-0003751,ATT-0018212,TXN-0015557,CUST-003399,2022-01-25T17:39:00,insufficient_funds,51
FAIL-0003752,ATT-0018215,TXN-0015559,CUST-003400,2020-02-28T09:02:00,invalid_payment_method,14
FAIL-0003753,ATT-0018216,TXN-0015559,CUST-003400,2020-02-29T09:02:00,invalid_payment_method,14
FAIL-0003754,ATT-0018232,TXN-0015575,CUST-003404,2021-07-13T03:00:00,temporary_network_error,91
FAIL-0003755,ATT-0018233,TXN-0015575,CUST-003404,2021-07-14T03:00:00,temporary_network_error,91
FAIL-0003756,ATT-0018234,TXN-0015575,CUST-003404,2021-07-19T03:00:00,temporary_network_error,91
FAIL-0003757,ATT-0018257,TXN-0015598,CUST-003411,2021-05-18T03:19:00,temporary_network_error,91
FAIL-0003758,ATT-0018265,TXN-0015605,CUST-003413,2021-06-27T07:19:00,invalid_payment_method,14
FAIL-0003759,ATT-0018266,TXN-0015605,CUST-003413,2021-06-30T07:19:00,invalid_payment_method,14
FAIL-0003760,ATT-0018274,TXN-0015613,CUST-003414,2019-12-14T14:13:00,temporary_network_error,91
FAIL-0003761,ATT-0018293,TXN-0015631,CUST-003417,2022-02-12T14:10:00,payment_method_limit_exceeded,61
FAIL-0003762,ATT-0018322,TXN-0015659,CUST-003425,2020-01-07T18:50:00,insufficient_funds,51
FAIL-0003763,ATT-0018324,TXN-0015660,CUST-003425,2020-03-25T18:40:00,temporary_network_error,91
FAIL-0003764,ATT-0018325,TXN-0015660,CUST-003425,2020-03-27T18:40:00,temporary_network_error,91
FAIL-0003765,ATT-0018326,TXN-0015660,CUST-003425,2020-03-30T18:40:00,temporary_network_error,91
FAIL-0003766,ATT-0018332,TXN-0015666,CUST-003426,2022-09-28T08:14:00,bank_unavailable,96
FAIL-0003767,ATT-0018333,TXN-0015666,CUST-003426,2022-09-29T08:14:00,bank_unavailable,96
FAIL-0003768,ATT-0018334,TXN-0015666,CUST-003426,2022-10-07T08:14:00,bank_unavailable,96
FAIL-0003769,ATT-0018364,TXN-0015696,CUST-003431,2024-01-31T10:49:00,payment_method_limit_exceeded,61
FAIL-0003770,ATT-0018365,TXN-0015696,CUST-003431,2024-02-03T10:49:00,payment_method_limit_exceeded,61
FAIL-0003771,ATT-0018371,TXN-0015701,CUST-003433,2019-08-19T12:05:00,temporary_network_error,91
FAIL-0003772,ATT-0018372,TXN-0015701,CUST-003433,2019-08-22T12:05:00,temporary_network_error,91
FAIL-0003773,ATT-0018373,TXN-0015701,CUST-003433,2019-08-30T12:05:00,temporary_network_error,91
FAIL-0003774,ATT-0018401,TXN-0015729,CUST-003440,2024-09-24T11:53:00,expired_card,54
FAIL-0003775,ATT-0018402,TXN-0015729,CUST-003440,2024-09-26T11:53:00,expired_card,54
FAIL-0003776,ATT-0018406,TXN-0015733,CUST-003441,2020-05-27T09:12:00,insufficient_funds,51
FAIL-0003777,ATT-0018407,TXN-0015733,CUST-003441,2020-05-28T09:12:00,insufficient_funds,51
FAIL-0003778,ATT-0018408,TXN-0015733,CUST-003441,2020-06-06T09:12:00,insufficient_funds,51
FAIL-0003779,ATT-0018409,TXN-0015734,CUST-003441,2020-07-05T10:26:00,insufficient_funds,51
FAIL-0003780,ATT-0018410,TXN-0015734,CUST-003441,2020-07-06T10:26:00,insufficient_funds,51
FAIL-0003781,ATT-0018411,TXN-0015734,CUST-003441,2020-07-12T10:26:00,insufficient_funds,51
FAIL-0003782,ATT-0018415,TXN-0015738,CUST-003442,2019-09-27T14:39:00,insufficient_funds,51
FAIL-0003783,ATT-0018421,TXN-0015743,CUST-003443,2021-11-19T08:08:00,bank_unavailable,96
FAIL-0003784,ATT-0018435,TXN-0015756,CUST-003445,2019-06-10T14:21:00,expired_card,54
FAIL-0003785,ATT-0018436,TXN-0015756,CUST-003445,2019-06-11T14:21:00,expired_card,54
FAIL-0003786,ATT-0018437,TXN-0015757,CUST-003445,2019-07-20T12:38:00,temporary_network_error,91
FAIL-0003787,ATT-0018438,TXN-0015757,CUST-003445,2019-07-21T12:38:00,temporary_network_error,91
FAIL-0003788,ATT-0018439,TXN-0015757,CUST-003445,2019-07-26T12:38:00,temporary_network_error,91
FAIL-0003789,ATT-0018440,TXN-0015758,CUST-003446,2023-03-19T12:05:00,insufficient_funds,51
FAIL-0003790,ATT-0018441,TXN-0015758,CUST-003446,2023-03-22T12:05:00,insufficient_funds,51
FAIL-0003791,ATT-0018442,TXN-0015758,CUST-003446,2023-03-29T12:05:00,insufficient_funds,51
FAIL-0003792,ATT-0018445,TXN-0015761,CUST-003446,2023-12-10T12:48:00,insufficient_funds,51
FAIL-0003793,ATT-0018446,TXN-0015761,CUST-003446,2023-12-11T12:48:00,insufficient_funds,51
FAIL-0003794,ATT-0018447,TXN-0015761,CUST-003446,2023-12-21T12:48:00,insufficient_funds,51
FAIL-0003795,ATT-0018468,TXN-0015782,CUST-003450,2020-08-26T22:04:00,temporary_network_error,91
FAIL-0003796,ATT-0018469,TXN-0015782,CUST-003450,2020-08-27T22:04:00,temporary_network_error,91
FAIL-0003797,ATT-0018470,TXN-0015782,CUST-003450,2020-09-01T22:04:00,temporary_network_error,91
FAIL-0003798,ATT-0018474,TXN-0015786,CUST-003450,2021-03-31T00:41:00,bank_unavailable,96
FAIL-0003799,ATT-0018477,TXN-0015788,CUST-003451,2023-03-08T01:17:00,temporary_network_error,91
FAIL-0003800,ATT-0018487,TXN-0015797,CUST-003452,2024-04-08T05:53:00,expired_card,54
FAIL-0003801,ATT-0018488,TXN-0015797,CUST-003452,2024-04-11T05:53:00,expired_card,54
FAIL-0003802,ATT-0018509,TXN-0015818,CUST-003457,2022-09-15T17:51:00,insufficient_funds,51
FAIL-0003803,ATT-0018510,TXN-0015818,CUST-003457,2022-09-17T17:51:00,insufficient_funds,51
FAIL-0003804,ATT-0018511,TXN-0015818,CUST-003457,2022-09-21T17:51:00,insufficient_funds,51
FAIL-0003805,ATT-0018514,TXN-0015821,CUST-003459,2023-05-14T08:42:00,insufficient_funds,51
FAIL-0003806,ATT-0018515,TXN-0015821,CUST-003459,2023-05-17T08:42:00,insufficient_funds,51
FAIL-0003807,ATT-0018516,TXN-0015821,CUST-003459,2023-05-21T08:42:00,insufficient_funds,51
FAIL-0003808,ATT-0018517,TXN-0015822,CUST-003459,2023-08-21T10:04:00,temporary_network_error,91
FAIL-0003809,ATT-0018518,TXN-0015822,CUST-003459,2023-08-23T10:04:00,temporary_network_error,91
FAIL-0003810,ATT-0018519,TXN-0015822,CUST-003459,2023-08-30T10:04:00,temporary_network_error,91
FAIL-0003811,ATT-0018520,TXN-0015823,CUST-003459,2023-10-03T08:58:00,insufficient_funds,51
FAIL-0003812,ATT-0018521,TXN-0015823,CUST-003459,2023-10-06T08:58:00,insufficient_funds,51
FAIL-0003813,ATT-0018522,TXN-0015823,CUST-003459,2023-10-13T08:58:00,insufficient_funds,51
FAIL-0003814,ATT-0018530,TXN-0015831,CUST-003461,2022-02-16T19:58:00,insufficient_funds,51
FAIL-0003815,ATT-0018531,TXN-0015832,CUST-003461,2022-03-28T21:47:00,insufficient_funds,51
FAIL-0003816,ATT-0018533,TXN-0015834,CUST-003461,2022-06-27T19:52:00,payment_method_limit_exceeded,61
FAIL-0003817,ATT-0018534,TXN-0015834,CUST-003461,2022-06-30T19:52:00,payment_method_limit_exceeded,61
FAIL-0003818,ATT-0018535,TXN-0015834,CUST-003461,2022-07-09T19:52:00,payment_method_limit_exceeded,61
FAIL-0003819,ATT-0018552,TXN-0015851,CUST-003464,2024-08-27T11:32:00,expired_card,54
FAIL-0003820,ATT-0018553,TXN-0015851,CUST-003464,2024-08-28T11:32:00,expired_card,54
FAIL-0003821,ATT-0018554,TXN-0015852,CUST-003465,2021-04-02T18:41:00,temporary_network_error,91
FAIL-0003822,ATT-0018555,TXN-0015852,CUST-003465,2021-04-03T18:41:00,temporary_network_error,91
FAIL-0003823,ATT-0018557,TXN-0015853,CUST-003465,2021-05-23T16:50:00,insufficient_funds,51
FAIL-0003824,ATT-0018558,TXN-0015853,CUST-003465,2021-05-24T16:50:00,insufficient_funds,51
FAIL-0003825,ATT-0018559,TXN-0015853,CUST-003465,2021-06-03T16:50:00,insufficient_funds,51
FAIL-0003826,ATT-0018564,TXN-0015858,CUST-003466,2020-06-26T22:43:00,insufficient_funds,51
FAIL-0003827,ATT-0018565,TXN-0015858,CUST-003466,2020-06-28T22:43:00,insufficient_funds,51
FAIL-0003828,ATT-0018566,TXN-0015858,CUST-003466,2020-07-07T22:43:00,insufficient_funds,51
FAIL-0003829,ATT-0018572,TXN-0015864,CUST-003468,2023-06-12T19:31:00,temporary_network_error,91
FAIL-0003830,ATT-0018573,TXN-0015864,CUST-003468,2023-06-13T19:31:00,temporary_network_error,91
FAIL-0003831,ATT-0018574,TXN-0015864,CUST-003468,2023-06-17T19:31:00,temporary_network_error,91
FAIL-0003832,ATT-0018575,TXN-0015865,CUST-003468,2023-08-27T20:45:00,insufficient_funds,51
FAIL-0003833,ATT-0018582,TXN-0015871,CUST-003469,2024-01-31T09:03:00,payment_method_limit_exceeded,61
FAIL-0003834,ATT-0018583,TXN-0015871,CUST-003469,2024-02-01T09:03:00,payment_method_limit_exceeded,61
FAIL-0003835,ATT-0018584,TXN-0015871,CUST-003469,2024-02-09T09:03:00,payment_method_limit_exceeded,61
FAIL-0003836,ATT-0018587,TXN-0015873,CUST-003469,2024-05-19T09:12:00,invalid_payment_method,14
FAIL-0003837,ATT-0018588,TXN-0015873,CUST-003469,2024-05-21T09:12:00,invalid_payment_method,14
FAIL-0003838,ATT-0018637,TXN-0015922,CUST-003480,2024-02-08T13:36:00,risk_review_hold,57
FAIL-0003839,ATT-0018643,TXN-0015927,CUST-003481,2022-07-11T08:50:00,bank_unavailable,96
FAIL-0003840,ATT-0018677,TXN-0015960,CUST-003487,2020-05-16T17:59:00,expired_card,54
FAIL-0003841,ATT-0018678,TXN-0015960,CUST-003487,2020-05-18T17:59:00,expired_card,54
FAIL-0003842,ATT-0018699,TXN-0015981,CUST-003493,2020-07-09T18:41:00,insufficient_funds,51
FAIL-0003843,ATT-0018700,TXN-0015981,CUST-003493,2020-07-12T18:41:00,insufficient_funds,51
FAIL-0003844,ATT-0018701,TXN-0015981,CUST-003493,2020-07-15T18:41:00,insufficient_funds,51
FAIL-0003845,ATT-0018717,TXN-0015997,CUST-003497,2023-10-21T23:03:00,insufficient_funds,51
FAIL-0003846,ATT-0018727,TXN-0016006,CUST-003499,2019-03-27T20:14:00,temporary_network_error,91
FAIL-0003847,ATT-0018728,TXN-0016006,CUST-003499,2019-03-30T20:14:00,temporary_network_error,91
FAIL-0003848,ATT-0018738,TXN-0016015,CUST-003501,2024-03-29T02:44:00,bank_unavailable,96
FAIL-0003849,ATT-0018763,TXN-0016039,CUST-003506,2021-10-11T13:25:00,expired_card,54
FAIL-0003850,ATT-0018764,TXN-0016039,CUST-003506,2021-10-13T13:25:00,expired_card,54
FAIL-0003851,ATT-0018773,TXN-0016048,CUST-003509,2020-07-27T03:33:00,expired_card,54
FAIL-0003852,ATT-0018774,TXN-0016048,CUST-003509,2020-07-29T03:33:00,expired_card,54
FAIL-0003853,ATT-0018778,TXN-0016052,CUST-003510,2024-04-04T11:18:00,insufficient_funds,51
FAIL-0003854,ATT-0018781,TXN-0016054,CUST-003510,2024-07-17T11:47:00,expired_card,54
FAIL-0003855,ATT-0018782,TXN-0016054,CUST-003510,2024-07-20T11:47:00,expired_card,54
FAIL-0003856,ATT-0018793,TXN-0016064,CUST-003512,2024-06-04T21:38:00,temporary_network_error,91
FAIL-0003857,ATT-0018794,TXN-0016064,CUST-003512,2024-06-05T21:38:00,temporary_network_error,91
FAIL-0003858,ATT-0018795,TXN-0016064,CUST-003512,2024-06-10T21:38:00,temporary_network_error,91
FAIL-0003859,ATT-0018809,TXN-0016078,CUST-003517,2022-02-04T06:21:00,payment_method_limit_exceeded,61
FAIL-0003860,ATT-0018810,TXN-0016078,CUST-003517,2022-02-06T06:21:00,payment_method_limit_exceeded,61
FAIL-0003861,ATT-0018811,TXN-0016078,CUST-003517,2022-02-13T06:21:00,payment_method_limit_exceeded,61
FAIL-0003862,ATT-0018819,TXN-0016085,CUST-003518,2023-05-21T13:53:00,insufficient_funds,51
FAIL-0003863,ATT-0018820,TXN-0016085,CUST-003518,2023-05-24T13:53:00,insufficient_funds,51
FAIL-0003864,ATT-0018821,TXN-0016085,CUST-003518,2023-06-01T13:53:00,insufficient_funds,51
FAIL-0003865,ATT-0018837,TXN-0016101,CUST-003522,2023-11-19T01:02:00,expired_card,54
FAIL-0003866,ATT-0018838,TXN-0016101,CUST-003522,2023-11-22T01:02:00,expired_card,54
FAIL-0003867,ATT-0018842,TXN-0016105,CUST-003523,2023-10-15T06:10:00,payment_method_limit_exceeded,61
FAIL-0003868,ATT-0018843,TXN-0016105,CUST-003523,2023-10-17T06:10:00,payment_method_limit_exceeded,61
FAIL-0003869,ATT-0018844,TXN-0016105,CUST-003523,2023-10-22T06:10:00,payment_method_limit_exceeded,61
FAIL-0003870,ATT-0018846,TXN-0016107,CUST-003524,2022-11-08T17:39:00,temporary_network_error,91
FAIL-0003871,ATT-0018847,TXN-0016107,CUST-003524,2022-11-09T17:39:00,temporary_network_error,91
FAIL-0003872,ATT-0018848,TXN-0016107,CUST-003524,2022-11-15T17:39:00,temporary_network_error,91
FAIL-0003873,ATT-0018858,TXN-0016117,CUST-003527,2021-01-15T15:33:00,expired_card,54
FAIL-0003874,ATT-0018859,TXN-0016117,CUST-003527,2021-01-18T15:33:00,expired_card,54
FAIL-0003875,ATT-0018887,TXN-0016145,CUST-003533,2021-06-18T02:57:00,expired_card,54
FAIL-0003876,ATT-0018888,TXN-0016145,CUST-003533,2021-06-20T02:57:00,expired_card,54
FAIL-0003877,ATT-0018901,TXN-0016158,CUST-003535,2024-01-28T20:48:00,invalid_payment_method,14
FAIL-0003878,ATT-0018902,TXN-0016158,CUST-003535,2024-01-31T20:48:00,invalid_payment_method,14
FAIL-0003879,ATT-0018905,TXN-0016161,CUST-003535,2024-07-09T22:43:00,insufficient_funds,51
FAIL-0003880,ATT-0018906,TXN-0016161,CUST-003535,2024-07-10T22:43:00,insufficient_funds,51
FAIL-0003881,ATT-0018907,TXN-0016161,CUST-003535,2024-07-17T22:43:00,insufficient_funds,51
FAIL-0003882,ATT-0018939,TXN-0016193,CUST-003542,2021-09-28T21:48:00,bank_unavailable,96
FAIL-0003883,ATT-0018940,TXN-0016193,CUST-003542,2021-10-01T21:48:00,bank_unavailable,96
FAIL-0003884,ATT-0018941,TXN-0016193,CUST-003542,2021-10-08T21:48:00,bank_unavailable,96
FAIL-0003885,ATT-0018942,TXN-0016194,CUST-003542,2021-12-19T21:54:00,bank_unavailable,96
FAIL-0003886,ATT-0018943,TXN-0016194,CUST-003542,2021-12-20T21:54:00,bank_unavailable,96
FAIL-0003887,ATT-0018944,TXN-0016194,CUST-003542,2021-12-29T21:54:00,bank_unavailable,96
FAIL-0003888,ATT-0018985,TXN-0016235,CUST-003551,2023-09-15T19:58:00,bank_unavailable,96
FAIL-0003889,ATT-0018986,TXN-0016235,CUST-003551,2023-09-18T19:58:00,bank_unavailable,96
FAIL-0003890,ATT-0018987,TXN-0016235,CUST-003551,2023-09-25T19:58:00,bank_unavailable,96
FAIL-0003891,ATT-0019004,TXN-0016252,CUST-003555,2019-11-27T08:21:00,expired_card,54
FAIL-0003892,ATT-0019005,TXN-0016252,CUST-003555,2019-11-29T08:21:00,expired_card,54
FAIL-0003893,ATT-0019008,TXN-0016254,CUST-003555,2020-07-03T08:56:00,insufficient_funds,51
FAIL-0003894,ATT-0019009,TXN-0016254,CUST-003555,2020-07-06T08:56:00,insufficient_funds,51
FAIL-0003895,ATT-0019010,TXN-0016254,CUST-003555,2020-07-14T08:56:00,insufficient_funds,51
FAIL-0003896,ATT-0019012,TXN-0016256,CUST-003556,2023-12-24T12:44:00,insufficient_funds,51
FAIL-0003897,ATT-0019013,TXN-0016256,CUST-003556,2023-12-25T12:44:00,insufficient_funds,51
FAIL-0003898,ATT-0019014,TXN-0016256,CUST-003556,2024-01-02T12:44:00,insufficient_funds,51
FAIL-0003899,ATT-0019015,TXN-0016257,CUST-003556,2024-03-16T11:44:00,insufficient_funds,51
FAIL-0003900,ATT-0019016,TXN-0016257,CUST-003556,2024-03-18T11:44:00,insufficient_funds,51
FAIL-0003901,ATT-0019017,TXN-0016257,CUST-003556,2024-03-27T11:44:00,insufficient_funds,51
FAIL-0003902,ATT-0019019,TXN-0016259,CUST-003556,2024-07-17T12:12:00,invalid_payment_method,14
FAIL-0003903,ATT-0019020,TXN-0016259,CUST-003556,2024-07-18T12:12:00,invalid_payment_method,14
FAIL-0003904,ATT-0019030,TXN-0016269,CUST-003559,2020-11-04T02:20:00,expired_card,54
FAIL-0003905,ATT-0019031,TXN-0016269,CUST-003559,2020-11-05T02:20:00,expired_card,54
FAIL-0003906,ATT-0019034,TXN-0016272,CUST-003559,2021-05-13T04:14:00,payment_method_limit_exceeded,61
FAIL-0003907,ATT-0019035,TXN-0016272,CUST-003559,2021-05-15T04:14:00,payment_method_limit_exceeded,61
FAIL-0003908,ATT-0019036,TXN-0016272,CUST-003559,2021-05-23T04:14:00,payment_method_limit_exceeded,61
FAIL-0003909,ATT-0019044,TXN-0016280,CUST-003561,2019-06-16T08:24:00,risk_review_hold,57
FAIL-0003910,ATT-0019047,TXN-0016283,CUST-003561,2019-11-20T09:06:00,temporary_network_error,91
FAIL-0003911,ATT-0019048,TXN-0016283,CUST-003561,2019-11-23T09:06:00,temporary_network_error,91
FAIL-0003912,ATT-0019050,TXN-0016284,CUST-003561,2020-03-02T09:23:00,insufficient_funds,51
FAIL-0003913,ATT-0019051,TXN-0016284,CUST-003561,2020-03-03T09:23:00,insufficient_funds,51
FAIL-0003914,ATT-0019052,TXN-0016284,CUST-003561,2020-03-12T09:23:00,insufficient_funds,51
FAIL-0003915,ATT-0019084,TXN-0016316,CUST-003569,2020-07-26T06:56:00,insufficient_funds,51
FAIL-0003916,ATT-0019099,TXN-0016330,CUST-003573,2019-08-16T07:16:00,insufficient_funds,51
FAIL-0003917,ATT-0019106,TXN-0016336,CUST-003574,2019-06-21T02:47:00,insufficient_funds,51
FAIL-0003918,ATT-0019107,TXN-0016336,CUST-003574,2019-06-22T02:47:00,insufficient_funds,51
FAIL-0003919,ATT-0019108,TXN-0016336,CUST-003574,2019-06-29T02:47:00,insufficient_funds,51
FAIL-0003920,ATT-0019131,TXN-0016359,CUST-003579,2020-02-03T00:05:00,insufficient_funds,51
FAIL-0003921,ATT-0019134,TXN-0016361,CUST-003579,2020-06-08T01:12:00,expired_card,54
FAIL-0003922,ATT-0019135,TXN-0016361,CUST-003579,2020-06-09T01:12:00,expired_card,54
FAIL-0003923,ATT-0019141,TXN-0016366,CUST-003580,2023-01-17T15:15:00,payment_method_limit_exceeded,61
FAIL-0003924,ATT-0019142,TXN-0016366,CUST-003580,2023-01-19T15:15:00,payment_method_limit_exceeded,61
FAIL-0003925,ATT-0019143,TXN-0016366,CUST-003580,2023-01-27T15:15:00,payment_method_limit_exceeded,61
FAIL-0003926,ATT-0019150,TXN-0016373,CUST-003581,2023-02-10T23:55:00,insufficient_funds,51
FAIL-0003927,ATT-0019151,TXN-0016373,CUST-003581,2023-02-11T23:55:00,insufficient_funds,51
FAIL-0003928,ATT-0019152,TXN-0016373,CUST-003581,2023-02-19T23:55:00,insufficient_funds,51
FAIL-0003929,ATT-0019160,TXN-0016381,CUST-003583,2024-07-08T06:30:00,insufficient_funds,51
FAIL-0003930,ATT-0019161,TXN-0016381,CUST-003583,2024-07-09T06:30:00,insufficient_funds,51
FAIL-0003931,ATT-0019162,TXN-0016381,CUST-003583,2024-07-16T06:30:00,insufficient_funds,51
FAIL-0003932,ATT-0019182,TXN-0016401,CUST-003588,2023-12-28T22:35:00,insufficient_funds,51
FAIL-0003933,ATT-0019183,TXN-0016401,CUST-003588,2023-12-29T22:35:00,insufficient_funds,51
FAIL-0003934,ATT-0019184,TXN-0016401,CUST-003588,2024-01-03T22:35:00,insufficient_funds,51
FAIL-0003935,ATT-0019188,TXN-0016405,CUST-003589,2022-06-07T22:53:00,temporary_network_error,91
FAIL-0003936,ATT-0019189,TXN-0016405,CUST-003589,2022-06-10T22:53:00,temporary_network_error,91
FAIL-0003937,ATT-0019193,TXN-0016408,CUST-003590,2022-05-06T22:15:00,temporary_network_error,91
FAIL-0003938,ATT-0019194,TXN-0016408,CUST-003590,2022-05-07T22:15:00,temporary_network_error,91
FAIL-0003939,ATT-0019195,TXN-0016408,CUST-003590,2022-05-16T22:15:00,temporary_network_error,91
FAIL-0003940,ATT-0019204,TXN-0016416,CUST-003591,2024-06-19T09:58:00,payment_method_limit_exceeded,61
FAIL-0003941,ATT-0019205,TXN-0016416,CUST-003591,2024-06-22T09:58:00,payment_method_limit_exceeded,61
FAIL-0003942,ATT-0019206,TXN-0016416,CUST-003591,2024-06-28T09:58:00,payment_method_limit_exceeded,61
FAIL-0003943,ATT-0019208,TXN-0016418,CUST-003591,2025-01-21T10:41:00,temporary_network_error,91
FAIL-0003944,ATT-0019234,TXN-0016443,CUST-003597,2019-09-11T10:15:00,temporary_network_error,91
FAIL-0003945,ATT-0019345,TXN-0016553,CUST-003624,2021-10-06T00:48:00,insufficient_funds,51
FAIL-0003946,ATT-0019346,TXN-0016553,CUST-003624,2021-10-09T00:48:00,insufficient_funds,51
FAIL-0003947,ATT-0019347,TXN-0016553,CUST-003624,2021-10-13T00:48:00,insufficient_funds,51
FAIL-0003948,ATT-0019349,TXN-0016555,CUST-003624,2022-01-05T02:32:00,temporary_network_error,91
FAIL-0003949,ATT-0019350,TXN-0016555,CUST-003624,2022-01-06T02:32:00,temporary_network_error,91
FAIL-0003950,ATT-0019357,TXN-0016561,CUST-003625,2021-04-25T07:32:00,temporary_network_error,91
FAIL-0003951,ATT-0019358,TXN-0016561,CUST-003625,2021-04-27T07:32:00,temporary_network_error,91
FAIL-0003952,ATT-0019359,TXN-0016561,CUST-003625,2021-05-06T07:32:00,temporary_network_error,91
FAIL-0003953,ATT-0019361,TXN-0016563,CUST-003626,2022-07-22T06:31:00,bank_unavailable,96
FAIL-0003954,ATT-0019362,TXN-0016563,CUST-003626,2022-07-24T06:31:00,bank_unavailable,96
FAIL-0003955,ATT-0019363,TXN-0016563,CUST-003626,2022-08-03T06:31:00,bank_unavailable,96
FAIL-0003956,ATT-0019371,TXN-0016571,CUST-003628,2023-01-20T06:01:00,insufficient_funds,51
FAIL-0003957,ATT-0019372,TXN-0016571,CUST-003628,2023-01-21T06:01:00,insufficient_funds,51
FAIL-0003958,ATT-0019373,TXN-0016571,CUST-003628,2023-01-27T06:01:00,insufficient_funds,51
FAIL-0003959,ATT-0019430,TXN-0016628,CUST-003641,2024-09-08T05:45:00,insufficient_funds,51
FAIL-0003960,ATT-0019431,TXN-0016628,CUST-003641,2024-09-10T05:45:00,insufficient_funds,51
FAIL-0003961,ATT-0019432,TXN-0016628,CUST-003641,2024-09-13T05:45:00,insufficient_funds,51
FAIL-0003962,ATT-0019444,TXN-0016640,CUST-003645,2020-03-29T23:05:00,temporary_network_error,91
FAIL-0003963,ATT-0019445,TXN-0016640,CUST-003645,2020-04-01T23:05:00,temporary_network_error,91
FAIL-0003964,ATT-0019480,TXN-0016674,CUST-003654,2019-02-16T09:13:00,insufficient_funds,51
FAIL-0003965,ATT-0019505,TXN-0016698,CUST-003659,2021-10-12T16:51:00,insufficient_funds,51
FAIL-0003966,ATT-0019506,TXN-0016698,CUST-003659,2021-10-14T16:51:00,insufficient_funds,51
FAIL-0003967,ATT-0019507,TXN-0016698,CUST-003659,2021-10-24T16:51:00,insufficient_funds,51
FAIL-0003968,ATT-0019510,TXN-0016701,CUST-003660,2023-01-27T08:08:00,insufficient_funds,51
FAIL-0003969,ATT-0019519,TXN-0016709,CUST-003661,2023-08-04T09:24:00,insufficient_funds,51
FAIL-0003970,ATT-0019520,TXN-0016709,CUST-003661,2023-08-05T09:24:00,insufficient_funds,51
FAIL-0003971,ATT-0019522,TXN-0016710,CUST-003662,2020-09-27T07:52:00,insufficient_funds,51
FAIL-0003972,ATT-0019523,TXN-0016710,CUST-003662,2020-09-28T07:52:00,insufficient_funds,51
FAIL-0003973,ATT-0019603,TXN-0016789,CUST-003679,2021-05-29T13:49:00,temporary_network_error,91
FAIL-0003974,ATT-0019634,TXN-0016819,CUST-003686,2020-06-09T11:42:00,bank_unavailable,96
FAIL-0003975,ATT-0019635,TXN-0016819,CUST-003686,2020-06-10T11:42:00,bank_unavailable,96
FAIL-0003976,ATT-0019636,TXN-0016819,CUST-003686,2020-06-17T11:42:00,bank_unavailable,96
FAIL-0003977,ATT-0019645,TXN-0016828,CUST-003687,2024-11-20T06:29:00,bank_unavailable,96
FAIL-0003978,ATT-0019646,TXN-0016828,CUST-003687,2024-11-22T06:29:00,bank_unavailable,96
FAIL-0003979,ATT-0019647,TXN-0016828,CUST-003687,2024-11-30T06:29:00,bank_unavailable,96
FAIL-0003980,ATT-0019650,TXN-0016831,CUST-003688,2023-08-10T01:31:00,temporary_network_error,91
FAIL-0003981,ATT-0019651,TXN-0016831,CUST-003688,2023-08-12T01:31:00,temporary_network_error,91
FAIL-0003982,ATT-0019652,TXN-0016831,CUST-003688,2023-08-17T01:31:00,temporary_network_error,91
FAIL-0003983,ATT-0019655,TXN-0016834,CUST-003689,2021-08-08T20:53:00,invalid_payment_method,14
FAIL-0003984,ATT-0019656,TXN-0016834,CUST-003689,2021-08-10T20:53:00,invalid_payment_method,14
FAIL-0003985,ATT-0019680,TXN-0016857,CUST-003695,2023-09-13T23:34:00,insufficient_funds,51
FAIL-0003986,ATT-0019681,TXN-0016857,CUST-003695,2023-09-16T23:34:00,insufficient_funds,51
FAIL-0003987,ATT-0019686,TXN-0016861,CUST-003695,2023-12-31T22:36:00,insufficient_funds,51
FAIL-0003988,ATT-0019688,TXN-0016862,CUST-003696,2019-01-30T00:55:00,temporary_network_error,91
FAIL-0003989,ATT-0019689,TXN-0016862,CUST-003696,2019-02-02T00:55:00,temporary_network_error,91
FAIL-0003990,ATT-0019690,TXN-0016862,CUST-003696,2019-02-11T00:55:00,temporary_network_error,91
FAIL-0003991,ATT-0019692,TXN-0016863,CUST-003696,2019-03-30T02:48:00,payment_method_limit_exceeded,61
FAIL-0003992,ATT-0019698,TXN-0016868,CUST-003697,2021-09-13T01:21:00,bank_unavailable,96
FAIL-0003993,ATT-0019701,TXN-0016870,CUST-003697,2022-04-10T00:53:00,payment_method_limit_exceeded,61
FAIL-0003994,ATT-0019702,TXN-0016870,CUST-003697,2022-04-11T00:53:00,payment_method_limit_exceeded,61
FAIL-0003995,ATT-0019703,TXN-0016870,CUST-003697,2022-04-16T00:53:00,payment_method_limit_exceeded,61
FAIL-0003996,ATT-0019709,TXN-0016876,CUST-003698,2023-02-04T01:46:00,invalid_payment_method,14
FAIL-0003997,ATT-0019710,TXN-0016876,CUST-003698,2023-02-06T01:46:00,invalid_payment_method,14
FAIL-0003998,ATT-0019711,TXN-0016877,CUST-003699,2022-04-21T19:00:00,payment_method_limit_exceeded,61
FAIL-0003999,ATT-0019712,TXN-0016877,CUST-003699,2022-04-22T19:00:00,payment_method_limit_exceeded,61
FAIL-0004000,ATT-0019713,TXN-0016877,CUST-003699,2022-04-27T19:00:00,payment_method_limit_exceeded,61
FAIL-0004001,ATT-0019729,TXN-0016893,CUST-003703,2022-11-08T07:42:00,insufficient_funds,51
FAIL-0004002,ATT-0019730,TXN-0016893,CUST-003703,2022-11-10T07:42:00,insufficient_funds,51
FAIL-0004003,ATT-0019731,TXN-0016893,CUST-003703,2022-11-14T07:42:00,insufficient_funds,51
FAIL-0004004,ATT-0019734,TXN-0016896,CUST-003703,2023-06-23T07:41:00,insufficient_funds,51
FAIL-0004005,ATT-0019735,TXN-0016896,CUST-003703,2023-06-24T07:41:00,insufficient_funds,51
FAIL-0004006,ATT-0019740,TXN-0016900,CUST-003704,2021-11-04T11:53:00,insufficient_funds,51
FAIL-0004007,ATT-0019741,TXN-0016900,CUST-003704,2021-11-07T11:53:00,insufficient_funds,51
FAIL-0004008,ATT-0019742,TXN-0016900,CUST-003704,2021-11-12T11:53:00,insufficient_funds,51
FAIL-0004009,ATT-0019743,TXN-0016901,CUST-003705,2023-06-04T00:08:00,bank_unavailable,96
FAIL-0004010,ATT-0019747,TXN-0016904,CUST-003706,2023-04-03T04:46:00,temporary_network_error,91
FAIL-0004011,ATT-0019748,TXN-0016904,CUST-003706,2023-04-06T04:46:00,temporary_network_error,91
FAIL-0004012,ATT-0019752,TXN-0016907,CUST-003707,2021-07-16T12:58:00,bank_unavailable,96
FAIL-0004013,ATT-0019753,TXN-0016907,CUST-003707,2021-07-19T12:58:00,bank_unavailable,96
FAIL-0004014,ATT-0019754,TXN-0016907,CUST-003707,2021-07-29T12:58:00,bank_unavailable,96
FAIL-0004015,ATT-0019765,TXN-0016918,CUST-003709,2023-09-03T03:04:00,insufficient_funds,51
FAIL-0004016,ATT-0019766,TXN-0016918,CUST-003709,2023-09-04T03:04:00,insufficient_funds,51
FAIL-0004017,ATT-0019767,TXN-0016918,CUST-003709,2023-09-13T03:04:00,insufficient_funds,51
FAIL-0004018,ATT-0019770,TXN-0016921,CUST-003709,2024-03-25T01:06:00,insufficient_funds,51
FAIL-0004019,ATT-0019771,TXN-0016921,CUST-003709,2024-03-26T01:06:00,insufficient_funds,51
FAIL-0004020,ATT-0019772,TXN-0016921,CUST-003709,2024-04-03T01:06:00,insufficient_funds,51
FAIL-0004021,ATT-0019780,TXN-0016929,CUST-003710,2023-09-11T00:34:00,invalid_payment_method,14
FAIL-0004022,ATT-0019781,TXN-0016929,CUST-003710,2023-09-14T00:34:00,invalid_payment_method,14
FAIL-0004023,ATT-0019783,TXN-0016930,CUST-003711,2023-09-07T02:32:00,temporary_network_error,91
FAIL-0004024,ATT-0019785,TXN-0016931,CUST-003711,2024-01-02T03:41:00,payment_method_limit_exceeded,61
FAIL-0004025,ATT-0019807,TXN-0016953,CUST-003716,2019-06-04T22:54:00,insufficient_funds,51
FAIL-0004026,ATT-0019808,TXN-0016953,CUST-003716,2019-06-07T22:54:00,insufficient_funds,51
FAIL-0004027,ATT-0019809,TXN-0016953,CUST-003716,2019-06-14T22:54:00,insufficient_funds,51
FAIL-0004028,ATT-0019811,TXN-0016955,CUST-003716,2019-08-18T21:47:00,insufficient_funds,51
FAIL-0004029,ATT-0019812,TXN-0016955,CUST-003716,2019-08-21T21:47:00,insufficient_funds,51
FAIL-0004030,ATT-0019813,TXN-0016955,CUST-003716,2019-08-30T21:47:00,insufficient_funds,51
FAIL-0004031,ATT-0019814,TXN-0016956,CUST-003716,2019-10-26T21:31:00,insufficient_funds,51
FAIL-0004032,ATT-0019815,TXN-0016956,CUST-003716,2019-10-28T21:31:00,insufficient_funds,51
FAIL-0004033,ATT-0019816,TXN-0016956,CUST-003716,2019-11-05T21:31:00,insufficient_funds,51
FAIL-0004034,ATT-0019817,TXN-0016957,CUST-003716,2020-01-26T21:11:00,insufficient_funds,51
FAIL-0004035,ATT-0019818,TXN-0016957,CUST-003716,2020-01-27T21:11:00,insufficient_funds,51
FAIL-0004036,ATT-0019831,TXN-0016969,CUST-003719,2021-01-29T21:42:00,insufficient_funds,51
FAIL-0004037,ATT-0019832,TXN-0016969,CUST-003719,2021-01-31T21:42:00,insufficient_funds,51
FAIL-0004038,ATT-0019833,TXN-0016969,CUST-003719,2021-02-06T21:42:00,insufficient_funds,51
FAIL-0004039,ATT-0019839,TXN-0016974,CUST-003721,2020-07-14T12:30:00,invalid_payment_method,14
FAIL-0004040,ATT-0019840,TXN-0016974,CUST-003721,2020-07-15T12:30:00,invalid_payment_method,14
FAIL-0004041,ATT-0019842,TXN-0016975,CUST-003721,2020-07-25T12:37:00,bank_unavailable,96
FAIL-0004042,ATT-0019843,TXN-0016975,CUST-003721,2020-07-26T12:37:00,bank_unavailable,96
FAIL-0004043,ATT-0019844,TXN-0016975,CUST-003721,2020-08-05T12:37:00,bank_unavailable,96
FAIL-0004044,ATT-0019845,TXN-0016976,CUST-003721,2020-11-02T09:58:00,expired_card,54
FAIL-0004045,ATT-0019846,TXN-0016976,CUST-003721,2020-11-04T09:58:00,expired_card,54
FAIL-0004046,ATT-0019847,TXN-0016977,CUST-003721,2021-01-21T12:01:00,insufficient_funds,51
FAIL-0004047,ATT-0019848,TXN-0016977,CUST-003721,2021-01-22T12:01:00,insufficient_funds,51
FAIL-0004048,ATT-0019849,TXN-0016977,CUST-003721,2021-02-01T12:01:00,insufficient_funds,51
FAIL-0004049,ATT-0019871,TXN-0016999,CUST-003727,2019-06-22T23:39:00,temporary_network_error,91
FAIL-0004050,ATT-0019872,TXN-0017000,CUST-003727,2019-08-03T22:36:00,risk_review_hold,57
FAIL-0004051,ATT-0019882,TXN-0017010,CUST-003729,2024-06-13T20:24:00,insufficient_funds,51
FAIL-0004052,ATT-0019891,TXN-0017018,CUST-003731,2022-01-31T04:01:00,expired_card,54
FAIL-0004053,ATT-0019892,TXN-0017018,CUST-003731,2022-02-01T04:01:00,expired_card,54
FAIL-0004054,ATT-0019903,TXN-0017029,CUST-003733,2023-11-14T20:20:00,risk_review_hold,57
FAIL-0004055,ATT-0019905,TXN-0017031,CUST-003733,2024-02-12T21:57:00,expired_card,54
FAIL-0004056,ATT-0019906,TXN-0017031,CUST-003733,2024-02-14T21:57:00,expired_card,54
FAIL-0004057,ATT-0019909,TXN-0017034,CUST-003734,2019-05-01T06:31:00,temporary_network_error,91
FAIL-0004058,ATT-0019914,TXN-0017038,CUST-003735,2021-10-09T02:02:00,bank_unavailable,96
FAIL-0004059,ATT-0019932,TXN-0017055,CUST-003738,2021-05-29T01:44:00,bank_unavailable,96
FAIL-0004060,ATT-0019933,TXN-0017055,CUST-003738,2021-05-31T01:44:00,bank_unavailable,96
FAIL-0004061,ATT-0019934,TXN-0017055,CUST-003738,2021-06-07T01:44:00,bank_unavailable,96
FAIL-0004062,ATT-0019948,TXN-0017069,CUST-003741,2020-03-12T03:40:00,temporary_network_error,91
FAIL-0004063,ATT-0019949,TXN-0017069,CUST-003741,2020-03-15T03:40:00,temporary_network_error,91
FAIL-0004064,ATT-0019966,TXN-0017085,CUST-003744,2021-01-15T00:47:00,risk_review_hold,57
FAIL-0004065,ATT-0019975,TXN-0017094,CUST-003747,2019-10-27T14:30:00,insufficient_funds,51
FAIL-0004066,ATT-0019990,TXN-0017109,CUST-003749,2022-08-07T08:06:00,insufficient_funds,51
FAIL-0004067,ATT-0019991,TXN-0017109,CUST-003749,2022-08-08T08:06:00,insufficient_funds,51
FAIL-0004068,ATT-0020000,TXN-0017117,CUST-003751,2023-07-16T14:55:00,insufficient_funds,51
FAIL-0004069,ATT-0020001,TXN-0017117,CUST-003751,2023-07-19T14:55:00,insufficient_funds,51
FAIL-0004070,ATT-0020030,TXN-0017145,CUST-003758,2019-08-11T04:10:00,insufficient_funds,51
FAIL-0004071,ATT-0020031,TXN-0017145,CUST-003758,2019-08-13T04:10:00,insufficient_funds,51
FAIL-0004072,ATT-0020032,TXN-0017145,CUST-003758,2019-08-19T04:10:00,insufficient_funds,51
FAIL-0004073,ATT-0020053,TXN-0017166,CUST-003763,2020-02-26T23:33:00,insufficient_funds,51
FAIL-0004074,ATT-0020054,TXN-0017166,CUST-003763,2020-02-27T23:33:00,insufficient_funds,51
FAIL-0004075,ATT-0020057,TXN-0017168,CUST-003763,2020-07-10T22:23:00,insufficient_funds,51
FAIL-0004076,ATT-0020058,TXN-0017168,CUST-003763,2020-07-11T22:23:00,insufficient_funds,51
FAIL-0004077,ATT-0020059,TXN-0017168,CUST-003763,2020-07-19T22:23:00,insufficient_funds,51
FAIL-0004078,ATT-0020075,TXN-0017184,CUST-003766,2020-03-15T10:19:00,insufficient_funds,51
FAIL-0004079,ATT-0020076,TXN-0017184,CUST-003766,2020-03-16T10:19:00,insufficient_funds,51
FAIL-0004080,ATT-0020124,TXN-0017231,CUST-003775,2025-06-01T21:09:00,temporary_network_error,91
FAIL-0004081,ATT-0020125,TXN-0017231,CUST-003775,2025-06-04T21:09:00,temporary_network_error,91
FAIL-0004082,ATT-0020148,TXN-0017253,CUST-003780,2022-12-19T13:52:00,bank_unavailable,96
FAIL-0004083,ATT-0020149,TXN-0017253,CUST-003780,2022-12-21T13:52:00,bank_unavailable,96
FAIL-0004084,ATT-0020150,TXN-0017253,CUST-003780,2022-12-29T13:52:00,bank_unavailable,96
FAIL-0004085,ATT-0020152,TXN-0017255,CUST-003780,2023-07-29T12:35:00,insufficient_funds,51
FAIL-0004086,ATT-0020153,TXN-0017255,CUST-003780,2023-07-30T12:35:00,insufficient_funds,51
FAIL-0004087,ATT-0020154,TXN-0017255,CUST-003780,2023-08-06T12:35:00,insufficient_funds,51
FAIL-0004088,ATT-0020157,TXN-0017258,CUST-003780,2024-03-31T12:23:00,risk_review_hold,57
FAIL-0004089,ATT-0020169,TXN-0017269,CUST-003782,2020-02-17T20:29:00,insufficient_funds,51
FAIL-0004090,ATT-0020188,TXN-0017287,CUST-003786,2024-10-27T22:00:00,insufficient_funds,51
FAIL-0004091,ATT-0020189,TXN-0017287,CUST-003786,2024-10-29T22:00:00,insufficient_funds,51
FAIL-0004092,ATT-0020190,TXN-0017287,CUST-003786,2024-11-06T22:00:00,insufficient_funds,51
FAIL-0004093,ATT-0020196,TXN-0017293,CUST-003787,2020-08-28T20:38:00,insufficient_funds,51
FAIL-0004094,ATT-0020197,TXN-0017293,CUST-003787,2020-08-29T20:38:00,insufficient_funds,51
FAIL-0004095,ATT-0020198,TXN-0017293,CUST-003787,2020-09-07T20:38:00,insufficient_funds,51
FAIL-0004096,ATT-0020200,TXN-0017295,CUST-003787,2021-01-15T21:31:00,payment_method_limit_exceeded,61
FAIL-0004097,ATT-0020201,TXN-0017295,CUST-003787,2021-01-17T21:31:00,payment_method_limit_exceeded,61
FAIL-0004098,ATT-0020202,TXN-0017295,CUST-003787,2021-01-25T21:31:00,payment_method_limit_exceeded,61
FAIL-0004099,ATT-0020208,TXN-0017301,CUST-003788,2024-01-23T13:27:00,insufficient_funds,51
FAIL-0004100,ATT-0020210,TXN-0017302,CUST-003789,2024-06-29T08:56:00,payment_method_limit_exceeded,61
FAIL-0004101,ATT-0020229,TXN-0017320,CUST-003794,2022-05-05T13:19:00,insufficient_funds,51
FAIL-0004102,ATT-0020230,TXN-0017320,CUST-003794,2022-05-08T13:19:00,insufficient_funds,51
FAIL-0004103,ATT-0020231,TXN-0017320,CUST-003794,2022-05-11T13:19:00,insufficient_funds,51
FAIL-0004104,ATT-0020251,TXN-0017340,CUST-003797,2024-08-27T08:08:00,invalid_payment_method,14
FAIL-0004105,ATT-0020252,TXN-0017340,CUST-003797,2024-08-28T08:08:00,invalid_payment_method,14
FAIL-0004106,ATT-0020280,TXN-0017368,CUST-003804,2020-07-23T13:59:00,expired_card,54
FAIL-0004107,ATT-0020281,TXN-0017368,CUST-003804,2020-07-24T13:59:00,expired_card,54
FAIL-0004108,ATT-0020299,TXN-0017386,CUST-003808,2021-12-08T18:03:00,temporary_network_error,91
FAIL-0004109,ATT-0020300,TXN-0017386,CUST-003808,2021-12-10T18:03:00,temporary_network_error,91
FAIL-0004110,ATT-0020301,TXN-0017386,CUST-003808,2021-12-18T18:03:00,temporary_network_error,91
FAIL-0004111,ATT-0020313,TXN-0017398,CUST-003811,2019-12-15T22:43:00,insufficient_funds,51
FAIL-0004112,ATT-0020318,TXN-0017402,CUST-003811,2020-07-02T22:36:00,risk_review_hold,57
FAIL-0004113,ATT-0020325,TXN-0017409,CUST-003814,2021-03-01T16:13:00,insufficient_funds,51
FAIL-0004114,ATT-0020326,TXN-0017409,CUST-003814,2021-03-03T16:13:00,insufficient_funds,51
FAIL-0004115,ATT-0020327,TXN-0017409,CUST-003814,2021-03-13T16:13:00,insufficient_funds,51
FAIL-0004116,ATT-0020336,TXN-0017418,CUST-003817,2020-06-20T17:34:00,insufficient_funds,51
FAIL-0004117,ATT-0020337,TXN-0017418,CUST-003817,2020-06-22T17:34:00,insufficient_funds,51
FAIL-0004118,ATT-0020361,TXN-0017441,CUST-003822,2020-03-06T22:40:00,expired_card,54
FAIL-0004119,ATT-0020362,TXN-0017441,CUST-003822,2020-03-09T22:40:00,expired_card,54
FAIL-0004120,ATT-0020363,TXN-0017442,CUST-003822,2020-05-31T22:39:00,expired_card,54
FAIL-0004121,ATT-0020364,TXN-0017442,CUST-003822,2020-06-03T22:39:00,expired_card,54
FAIL-0004122,ATT-0020380,TXN-0017458,CUST-003826,2023-03-18T19:41:00,insufficient_funds,51
FAIL-0004123,ATT-0020381,TXN-0017458,CUST-003826,2023-03-19T19:41:00,insufficient_funds,51
FAIL-0004124,ATT-0020382,TXN-0017458,CUST-003826,2023-03-23T19:41:00,insufficient_funds,51
FAIL-0004125,ATT-0020391,TXN-0017467,CUST-003828,2024-07-26T05:31:00,temporary_network_error,91
FAIL-0004126,ATT-0020392,TXN-0017467,CUST-003828,2024-07-28T05:31:00,temporary_network_error,91
FAIL-0004127,ATT-0020393,TXN-0017467,CUST-003828,2024-08-06T05:31:00,temporary_network_error,91
FAIL-0004128,ATT-0020397,TXN-0017471,CUST-003829,2020-09-03T23:34:00,temporary_network_error,91
FAIL-0004129,ATT-0020398,TXN-0017471,CUST-003829,2020-09-04T23:34:00,temporary_network_error,91
FAIL-0004130,ATT-0020399,TXN-0017471,CUST-003829,2020-09-10T23:34:00,temporary_network_error,91
FAIL-0004131,ATT-0020400,TXN-0017472,CUST-003829,2020-10-27T00:53:00,payment_method_limit_exceeded,61
FAIL-0004132,ATT-0020401,TXN-0017472,CUST-003829,2020-10-29T00:53:00,payment_method_limit_exceeded,61
FAIL-0004133,ATT-0020414,TXN-0017484,CUST-003833,2023-04-05T14:06:00,temporary_network_error,91
FAIL-0004134,ATT-0020415,TXN-0017484,CUST-003833,2023-04-06T14:06:00,temporary_network_error,91
FAIL-0004135,ATT-0020416,TXN-0017484,CUST-003833,2023-04-15T14:06:00,temporary_network_error,91
FAIL-0004136,ATT-0020420,TXN-0017488,CUST-003835,2019-07-02T18:10:00,insufficient_funds,51
FAIL-0004137,ATT-0020421,TXN-0017488,CUST-003835,2019-07-04T18:10:00,insufficient_funds,51
FAIL-0004138,ATT-0020422,TXN-0017488,CUST-003835,2019-07-14T18:10:00,insufficient_funds,51
FAIL-0004139,ATT-0020426,TXN-0017492,CUST-003836,2021-05-10T05:28:00,insufficient_funds,51
FAIL-0004140,ATT-0020427,TXN-0017492,CUST-003836,2021-05-11T05:28:00,insufficient_funds,51
FAIL-0004141,ATT-0020428,TXN-0017492,CUST-003836,2021-05-14T05:28:00,insufficient_funds,51
FAIL-0004142,ATT-0020439,TXN-0017503,CUST-003838,2023-06-29T09:00:00,risk_review_hold,57
FAIL-0004143,ATT-0020440,TXN-0017504,CUST-003838,2023-10-08T07:13:00,insufficient_funds,51
FAIL-0004144,ATT-0020441,TXN-0017504,CUST-003838,2023-10-09T07:13:00,insufficient_funds,51
FAIL-0004145,ATT-0020442,TXN-0017504,CUST-003838,2023-10-19T07:13:00,insufficient_funds,51
FAIL-0004146,ATT-0020457,TXN-0017518,CUST-003840,2020-02-09T00:42:00,insufficient_funds,51
FAIL-0004147,ATT-0020458,TXN-0017518,CUST-003840,2020-02-12T00:42:00,insufficient_funds,51
FAIL-0004148,ATT-0020459,TXN-0017518,CUST-003840,2020-02-21T00:42:00,insufficient_funds,51
FAIL-0004149,ATT-0020460,TXN-0017519,CUST-003841,2019-06-29T13:39:00,risk_review_hold,57
FAIL-0004150,ATT-0020470,TXN-0017529,CUST-003842,2021-02-10T06:40:00,temporary_network_error,91
FAIL-0004151,ATT-0020471,TXN-0017529,CUST-003842,2021-02-12T06:40:00,temporary_network_error,91
FAIL-0004152,ATT-0020482,TXN-0017539,CUST-003845,2019-01-30T15:26:00,invalid_payment_method,14
FAIL-0004153,ATT-0020483,TXN-0017539,CUST-003845,2019-01-31T15:26:00,invalid_payment_method,14
FAIL-0004154,ATT-0020491,TXN-0017547,CUST-003846,2024-06-05T04:04:00,risk_review_hold,57
FAIL-0004155,ATT-0020494,TXN-0017549,CUST-003847,2023-12-16T21:54:00,insufficient_funds,51
FAIL-0004156,ATT-0020495,TXN-0017549,CUST-003847,2023-12-19T21:54:00,insufficient_funds,51
FAIL-0004157,ATT-0020496,TXN-0017549,CUST-003847,2023-12-25T21:54:00,insufficient_funds,51
FAIL-0004158,ATT-0020512,TXN-0017565,CUST-003849,2019-06-06T11:38:00,expired_card,54
FAIL-0004159,ATT-0020513,TXN-0017565,CUST-003849,2019-06-07T11:38:00,expired_card,54
FAIL-0004160,ATT-0020543,TXN-0017595,CUST-003857,2020-12-26T16:11:00,insufficient_funds,51
FAIL-0004161,ATT-0020544,TXN-0017595,CUST-003857,2020-12-27T16:11:00,insufficient_funds,51
FAIL-0004162,ATT-0020545,TXN-0017595,CUST-003857,2021-01-01T16:11:00,insufficient_funds,51
FAIL-0004163,ATT-0020568,TXN-0017618,CUST-003864,2020-01-17T19:00:00,temporary_network_error,91
FAIL-0004164,ATT-0020571,TXN-0017620,CUST-003864,2020-08-09T20:24:00,temporary_network_error,91
FAIL-0004165,ATT-0020572,TXN-0017620,CUST-003864,2020-08-11T20:24:00,temporary_network_error,91
FAIL-0004166,ATT-0020580,TXN-0017627,CUST-003865,2021-09-11T00:13:00,expired_card,54
FAIL-0004167,ATT-0020581,TXN-0017627,CUST-003865,2021-09-12T00:13:00,expired_card,54
FAIL-0004168,ATT-0020584,TXN-0017630,CUST-003866,2024-09-11T20:41:00,insufficient_funds,51
FAIL-0004169,ATT-0020585,TXN-0017630,CUST-003866,2024-09-12T20:41:00,insufficient_funds,51
FAIL-0004170,ATT-0020586,TXN-0017630,CUST-003866,2024-09-22T20:41:00,insufficient_funds,51
FAIL-0004171,ATT-0020603,TXN-0017647,CUST-003871,2021-10-23T00:04:00,bank_unavailable,96
FAIL-0004172,ATT-0020614,TXN-0017657,CUST-003873,2023-07-08T07:30:00,payment_method_limit_exceeded,61
FAIL-0004173,ATT-0020615,TXN-0017657,CUST-003873,2023-07-10T07:30:00,payment_method_limit_exceeded,61
FAIL-0004174,ATT-0020616,TXN-0017657,CUST-003873,2023-07-16T07:30:00,payment_method_limit_exceeded,61
FAIL-0004175,ATT-0020624,TXN-0017665,CUST-003874,2024-11-28T07:37:00,invalid_payment_method,14
FAIL-0004176,ATT-0020625,TXN-0017665,CUST-003874,2024-11-29T07:37:00,invalid_payment_method,14
FAIL-0004177,ATT-0020659,TXN-0017699,CUST-003884,2021-10-27T10:52:00,temporary_network_error,91
FAIL-0004178,ATT-0020684,TXN-0017723,CUST-003890,2023-03-25T08:50:00,insufficient_funds,51
FAIL-0004179,ATT-0020685,TXN-0017723,CUST-003890,2023-03-28T08:50:00,insufficient_funds,51
FAIL-0004180,ATT-0020686,TXN-0017723,CUST-003890,2023-04-04T08:50:00,insufficient_funds,51
FAIL-0004181,ATT-0020691,TXN-0017728,CUST-003891,2021-09-15T08:35:00,insufficient_funds,51
FAIL-0004182,ATT-0020722,TXN-0017758,CUST-003900,2020-06-10T10:26:00,temporary_network_error,91
FAIL-0004183,ATT-0020723,TXN-0017758,CUST-003900,2020-06-13T10:26:00,temporary_network_error,91
FAIL-0004184,ATT-0020724,TXN-0017758,CUST-003900,2020-06-19T10:26:00,temporary_network_error,91
FAIL-0004185,ATT-0020726,TXN-0017760,CUST-003900,2020-12-11T10:30:00,temporary_network_error,91
FAIL-0004186,ATT-0020727,TXN-0017760,CUST-003900,2020-12-13T10:30:00,temporary_network_error,91
FAIL-0004187,ATT-0020728,TXN-0017760,CUST-003900,2020-12-22T10:30:00,temporary_network_error,91
FAIL-0004188,ATT-0020736,TXN-0017768,CUST-003902,2024-06-25T10:08:00,invalid_payment_method,14
FAIL-0004189,ATT-0020737,TXN-0017768,CUST-003902,2024-06-26T10:08:00,invalid_payment_method,14
FAIL-0004190,ATT-0020742,TXN-0017773,CUST-003903,2021-05-12T03:58:00,insufficient_funds,51
FAIL-0004191,ATT-0020743,TXN-0017773,CUST-003903,2021-05-13T03:58:00,insufficient_funds,51
FAIL-0004192,ATT-0020744,TXN-0017773,CUST-003903,2021-05-21T03:58:00,insufficient_funds,51
FAIL-0004193,ATT-0020745,TXN-0017774,CUST-003903,2021-05-30T04:54:00,insufficient_funds,51
FAIL-0004194,ATT-0020746,TXN-0017774,CUST-003903,2021-06-01T04:54:00,insufficient_funds,51
FAIL-0004195,ATT-0020747,TXN-0017774,CUST-003903,2021-06-06T04:54:00,insufficient_funds,51
FAIL-0004196,ATT-0020752,TXN-0017779,CUST-003904,2020-05-20T05:14:00,insufficient_funds,51
FAIL-0004197,ATT-0020753,TXN-0017779,CUST-003904,2020-05-21T05:14:00,insufficient_funds,51
FAIL-0004198,ATT-0020754,TXN-0017779,CUST-003904,2020-05-24T05:14:00,insufficient_funds,51
FAIL-0004199,ATT-0020766,TXN-0017791,CUST-003906,2021-07-20T10:07:00,temporary_network_error,91
FAIL-0004200,ATT-0020767,TXN-0017791,CUST-003906,2021-07-23T10:07:00,temporary_network_error,91
FAIL-0004201,ATT-0020768,TXN-0017791,CUST-003906,2021-07-28T10:07:00,temporary_network_error,91
FAIL-0004202,ATT-0020784,TXN-0017807,CUST-003910,2022-07-06T20:00:00,bank_unavailable,96
FAIL-0004203,ATT-0020785,TXN-0017807,CUST-003910,2022-07-09T20:00:00,bank_unavailable,96
FAIL-0004204,ATT-0020786,TXN-0017807,CUST-003910,2022-07-19T20:00:00,bank_unavailable,96
FAIL-0004205,ATT-0020796,TXN-0017817,CUST-003912,2020-02-27T16:32:00,insufficient_funds,51
FAIL-0004206,ATT-0020797,TXN-0017817,CUST-003912,2020-03-01T16:32:00,insufficient_funds,51
FAIL-0004207,ATT-0020798,TXN-0017817,CUST-003912,2020-03-08T16:32:00,insufficient_funds,51
FAIL-0004208,ATT-0020799,TXN-0017818,CUST-003912,2020-03-11T15:28:00,insufficient_funds,51
FAIL-0004209,ATT-0020800,TXN-0017818,CUST-003912,2020-03-14T15:28:00,insufficient_funds,51
FAIL-0004210,ATT-0020801,TXN-0017818,CUST-003912,2020-03-20T15:28:00,insufficient_funds,51
FAIL-0004211,ATT-0020802,TXN-0017819,CUST-003912,2020-06-07T14:26:00,temporary_network_error,91
FAIL-0004212,ATT-0020803,TXN-0017819,CUST-003912,2020-06-08T14:26:00,temporary_network_error,91
FAIL-0004213,ATT-0020804,TXN-0017819,CUST-003912,2020-06-15T14:26:00,temporary_network_error,91
FAIL-0004214,ATT-0020813,TXN-0017828,CUST-003914,2024-02-07T09:37:00,payment_method_limit_exceeded,61
FAIL-0004215,ATT-0020814,TXN-0017828,CUST-003914,2024-02-10T09:37:00,payment_method_limit_exceeded,61
FAIL-0004216,ATT-0020815,TXN-0017828,CUST-003914,2024-02-19T09:37:00,payment_method_limit_exceeded,61
FAIL-0004217,ATT-0020820,TXN-0017833,CUST-003915,2020-02-02T06:07:00,expired_card,54
FAIL-0004218,ATT-0020821,TXN-0017833,CUST-003915,2020-02-03T06:07:00,expired_card,54
FAIL-0004219,ATT-0020831,TXN-0017843,CUST-003918,2020-03-17T10:41:00,invalid_payment_method,14
FAIL-0004220,ATT-0020832,TXN-0017843,CUST-003918,2020-03-19T10:41:00,invalid_payment_method,14
FAIL-0004221,ATT-0020835,TXN-0017846,CUST-003919,2023-08-23T07:19:00,insufficient_funds,51
FAIL-0004222,ATT-0020836,TXN-0017846,CUST-003919,2023-08-25T07:19:00,insufficient_funds,51
FAIL-0004223,ATT-0020837,TXN-0017846,CUST-003919,2023-08-28T07:19:00,insufficient_funds,51
FAIL-0004224,ATT-0020840,TXN-0017849,CUST-003919,2024-02-06T07:42:00,insufficient_funds,51
FAIL-0004225,ATT-0020841,TXN-0017849,CUST-003919,2024-02-08T07:42:00,insufficient_funds,51
FAIL-0004226,ATT-0020842,TXN-0017849,CUST-003919,2024-02-13T07:42:00,insufficient_funds,51
FAIL-0004227,ATT-0020856,TXN-0017863,CUST-003923,2020-08-13T09:30:00,insufficient_funds,51
FAIL-0004228,ATT-0020857,TXN-0017863,CUST-003923,2020-08-15T09:30:00,insufficient_funds,51
FAIL-0004229,ATT-0020861,TXN-0017866,CUST-003924,2020-11-10T06:17:00,invalid_payment_method,14
FAIL-0004230,ATT-0020862,TXN-0017866,CUST-003924,2020-11-12T06:17:00,invalid_payment_method,14
FAIL-0004231,ATT-0020909,TXN-0017913,CUST-003934,2021-10-17T16:55:00,insufficient_funds,51
FAIL-0004232,ATT-0020910,TXN-0017913,CUST-003934,2021-10-19T16:55:00,insufficient_funds,51
FAIL-0004233,ATT-0020911,TXN-0017913,CUST-003934,2021-10-23T16:55:00,insufficient_funds,51
FAIL-0004234,ATT-0020912,TXN-0017914,CUST-003935,2019-09-07T12:59:00,insufficient_funds,51
FAIL-0004235,ATT-0020933,TXN-0017934,CUST-003939,2020-09-26T04:54:00,invalid_payment_method,14
FAIL-0004236,ATT-0020950,TXN-0017951,CUST-003942,2024-12-09T19:18:00,insufficient_funds,51
FAIL-0004237,ATT-0020951,TXN-0017951,CUST-003942,2024-12-10T19:18:00,insufficient_funds,51
FAIL-0004238,ATT-0020952,TXN-0017951,CUST-003942,2024-12-13T19:18:00,insufficient_funds,51
FAIL-0004239,ATT-0020966,TXN-0017965,CUST-003945,2023-01-24T01:45:00,temporary_network_error,91
FAIL-0004240,ATT-0020981,TXN-0017979,CUST-003948,2024-04-23T12:27:00,insufficient_funds,51
FAIL-0004241,ATT-0020982,TXN-0017979,CUST-003948,2024-04-24T12:27:00,insufficient_funds,51
FAIL-0004242,ATT-0020983,TXN-0017979,CUST-003948,2024-04-30T12:27:00,insufficient_funds,51
FAIL-0004243,ATT-0020984,TXN-0017980,CUST-003949,2024-04-23T19:20:00,expired_card,54
FAIL-0004244,ATT-0020985,TXN-0017980,CUST-003949,2024-04-24T19:20:00,expired_card,54
FAIL-0004245,ATT-0021002,TXN-0017997,CUST-003952,2024-05-30T10:42:00,invalid_payment_method,14
FAIL-0004246,ATT-0021003,TXN-0017997,CUST-003952,2024-05-31T10:42:00,invalid_payment_method,14
FAIL-0004247,ATT-0021006,TXN-0018000,CUST-003952,2025-04-11T13:02:00,temporary_network_error,91
FAIL-0004248,ATT-0021007,TXN-0018000,CUST-003952,2025-04-12T13:02:00,temporary_network_error,91
FAIL-0004249,ATT-0021008,TXN-0018000,CUST-003952,2025-04-15T13:02:00,temporary_network_error,91
FAIL-0004250,ATT-0021010,TXN-0018002,CUST-003953,2022-05-25T09:50:00,insufficient_funds,51
FAIL-0004251,ATT-0021011,TXN-0018002,CUST-003953,2022-05-27T09:50:00,insufficient_funds,51
FAIL-0004252,ATT-0021012,TXN-0018002,CUST-003953,2022-06-05T09:50:00,insufficient_funds,51
FAIL-0004253,ATT-0021017,TXN-0018007,CUST-003954,2020-07-28T12:29:00,invalid_payment_method,14
FAIL-0004254,ATT-0021018,TXN-0018007,CUST-003954,2020-07-31T12:29:00,invalid_payment_method,14
FAIL-0004255,ATT-0021020,TXN-0018008,CUST-003955,2019-10-15T02:28:00,bank_unavailable,96
FAIL-0004256,ATT-0021022,TXN-0018009,CUST-003955,2019-11-19T01:10:00,insufficient_funds,51
FAIL-0004257,ATT-0021050,TXN-0018036,CUST-003962,2020-10-18T11:38:00,invalid_payment_method,14
FAIL-0004258,ATT-0021051,TXN-0018036,CUST-003962,2020-10-20T11:38:00,invalid_payment_method,14
FAIL-0004259,ATT-0021052,TXN-0018037,CUST-003963,2024-04-26T04:57:00,bank_unavailable,96
FAIL-0004260,ATT-0021054,TXN-0018038,CUST-003963,2024-06-08T06:06:00,insufficient_funds,51
FAIL-0004261,ATT-0021055,TXN-0018038,CUST-003963,2024-06-11T06:06:00,insufficient_funds,51
FAIL-0004262,ATT-0021064,TXN-0018046,CUST-003965,2021-12-13T03:49:00,temporary_network_error,91
FAIL-0004263,ATT-0021065,TXN-0018046,CUST-003965,2021-12-16T03:49:00,temporary_network_error,91
FAIL-0004264,ATT-0021066,TXN-0018046,CUST-003965,2021-12-24T03:49:00,temporary_network_error,91
FAIL-0004265,ATT-0021069,TXN-0018049,CUST-003965,2022-07-26T05:22:00,expired_card,54
FAIL-0004266,ATT-0021086,TXN-0018066,CUST-003968,2022-01-20T18:33:00,insufficient_funds,51
FAIL-0004267,ATT-0021094,TXN-0018073,CUST-003970,2020-01-14T12:20:00,bank_unavailable,96
FAIL-0004268,ATT-0021095,TXN-0018073,CUST-003970,2020-01-15T12:20:00,bank_unavailable,96
FAIL-0004269,ATT-0021096,TXN-0018073,CUST-003970,2020-01-25T12:20:00,bank_unavailable,96
FAIL-0004270,ATT-0021104,TXN-0018081,CUST-003971,2024-09-13T01:37:00,temporary_network_error,91
FAIL-0004271,ATT-0021105,TXN-0018081,CUST-003971,2024-09-15T01:37:00,temporary_network_error,91
FAIL-0004272,ATT-0021114,TXN-0018089,CUST-003974,2021-10-08T13:32:00,risk_review_hold,57
FAIL-0004273,ATT-0021117,TXN-0018092,CUST-003974,2022-04-07T11:39:00,insufficient_funds,51
FAIL-0004274,ATT-0021118,TXN-0018092,CUST-003974,2022-04-10T11:39:00,insufficient_funds,51
FAIL-0004275,ATT-0021119,TXN-0018092,CUST-003974,2022-04-17T11:39:00,insufficient_funds,51
FAIL-0004276,ATT-0021123,TXN-0018096,CUST-003975,2019-07-26T23:18:00,bank_unavailable,96
FAIL-0004277,ATT-0021131,TXN-0018103,CUST-003977,2021-01-02T17:33:00,risk_review_hold,57
FAIL-0004278,ATT-0021132,TXN-0018104,CUST-003978,2019-12-17T16:30:00,insufficient_funds,51
FAIL-0004279,ATT-0021149,TXN-0018120,CUST-003981,2024-05-16T23:08:00,insufficient_funds,51
FAIL-0004280,ATT-0021164,TXN-0018134,CUST-003986,2021-12-07T01:29:00,insufficient_funds,51
FAIL-0004281,ATT-0021165,TXN-0018134,CUST-003986,2021-12-09T01:29:00,insufficient_funds,51
FAIL-0004282,ATT-0021166,TXN-0018134,CUST-003986,2021-12-15T01:29:00,insufficient_funds,51
FAIL-0004283,ATT-0021167,TXN-0018135,CUST-003986,2022-03-23T02:34:00,invalid_payment_method,14
FAIL-0004284,ATT-0021168,TXN-0018135,CUST-003986,2022-03-25T02:34:00,invalid_payment_method,14
FAIL-0004285,ATT-0021186,TXN-0018153,CUST-003990,2022-11-20T17:46:00,risk_review_hold,57
FAIL-0004286,ATT-0021189,TXN-0018156,CUST-003991,2023-01-19T16:23:00,invalid_payment_method,14
FAIL-0004287,ATT-0021190,TXN-0018156,CUST-003991,2023-01-20T16:23:00,invalid_payment_method,14
FAIL-0004288,ATT-0021192,TXN-0018158,CUST-003991,2023-05-14T16:22:00,bank_unavailable,96
FAIL-0004289,ATT-0021193,TXN-0018158,CUST-003991,2023-05-16T16:22:00,bank_unavailable,96
FAIL-0004290,ATT-0021194,TXN-0018158,CUST-003991,2023-05-25T16:22:00,bank_unavailable,96
FAIL-0004291,ATT-0021195,TXN-0018159,CUST-003991,2023-06-09T16:28:00,insufficient_funds,51
FAIL-0004292,ATT-0021196,TXN-0018159,CUST-003991,2023-06-12T16:28:00,insufficient_funds,51
FAIL-0004293,ATT-0021197,TXN-0018159,CUST-003991,2023-06-16T16:28:00,insufficient_funds,51
FAIL-0004294,ATT-0021198,TXN-0018160,CUST-003991,2023-07-07T16:16:00,payment_method_limit_exceeded,61
FAIL-0004295,ATT-0021199,TXN-0018160,CUST-003991,2023-07-08T16:16:00,payment_method_limit_exceeded,61
FAIL-0004296,ATT-0021200,TXN-0018160,CUST-003991,2023-07-17T16:16:00,payment_method_limit_exceeded,61
FAIL-0004297,ATT-0021201,TXN-0018161,CUST-003991,2023-10-28T16:21:00,insufficient_funds,51
FAIL-0004298,ATT-0021202,TXN-0018161,CUST-003991,2023-10-31T16:21:00,insufficient_funds,51
FAIL-0004299,ATT-0021203,TXN-0018161,CUST-003991,2023-11-09T16:21:00,insufficient_funds,51
FAIL-0004300,ATT-0021219,TXN-0018177,CUST-003995,2020-05-13T19:25:00,insufficient_funds,51
FAIL-0004301,ATT-0021220,TXN-0018177,CUST-003995,2020-05-15T19:25:00,insufficient_funds,51
FAIL-0004302,ATT-0021221,TXN-0018177,CUST-003995,2020-05-21T19:25:00,insufficient_funds,51
FAIL-0004303,ATT-0021231,TXN-0018187,CUST-003997,2024-03-22T20:37:00,expired_card,54
FAIL-0004304,ATT-0021232,TXN-0018187,CUST-003997,2024-03-24T20:37:00,expired_card,54
FAIL-0004305,ATT-0021240,TXN-0018195,CUST-003999,2021-07-24T12:44:00,risk_review_hold,57
FAIL-0004306,ATT-0021241,TXN-0018196,CUST-003999,2021-09-15T11:45:00,insufficient_funds,51
FAIL-0004307,ATT-0021242,TXN-0018196,CUST-003999,2021-09-17T11:45:00,insufficient_funds,51
FAIL-0004308,ATT-0021243,TXN-0018196,CUST-003999,2021-09-26T11:45:00,insufficient_funds,51
FAIL-0004309,ATT-0021244,TXN-0018197,CUST-003999,2021-12-21T14:09:00,insufficient_funds,51
FAIL-0004310,ATT-0021245,TXN-0018197,CUST-003999,2021-12-24T14:09:00,insufficient_funds,51
FAIL-0004311,ATT-0021246,TXN-0018197,CUST-003999,2021-12-28T14:09:00,insufficient_funds,51
FAIL-0004312,ATT-0021247,TXN-0018198,CUST-003999,2022-01-10T14:23:00,insufficient_funds,51
FAIL-0004313,ATT-0021248,TXN-0018198,CUST-003999,2022-01-12T14:23:00,insufficient_funds,51
FAIL-0004314,ATT-0021249,TXN-0018198,CUST-003999,2022-01-17T14:23:00,insufficient_funds,51
